age,contrast,estimate,se,ci_low,ci_high
21.0,computer,0.468164265492439,0.05112630258901453,0.3679567124179705,0.5683718185669074
21.0,stranger,0.5042642940317212,0.045812753070200274,0.4144712980141287,0.5940572900493137
21.0,friend,0.7599740783163736,0.03950838555414001,0.6825376426302592,0.8374105140024881
21.0,friend - computer,0.29180981282393464,0.05047157473608961,0.19288552634119902,0.39073409930667025
21.0,friend - stranger,0.2557097842846524,0.042898062307958194,0.17162958216105434,0.3397899864082505
21.983333333333334,computer,0.4681516999283564,0.04960521572781684,0.37092547710183543,0.5653779227548774
21.983333333333334,stranger,0.5047067793107981,0.04441169908633429,0.4176598491015829,0.5917537095200133
21.983333333333334,friend,0.7604800168670343,0.038251088413645606,0.6855078835762889,0.8354521501577796
21.983333333333334,friend - computer,0.29232831693867783,0.0490377041841882,0.19621441673766896,0.38844221713968674
21.983333333333334,friend - stranger,0.25577323755623615,0.041732827248557654,0.17397689614906314,0.33756957896340917
22.966666666666665,computer,0.4681391344043956,0.04810680640128411,0.37384979385787875,0.5624284749509124
22.966666666666665,stranger,0.5051492615453579,0.04303579891631085,0.4207990956693886,0.5894994274213271
22.966666666666665,friend,0.7609852681712148,0.03701475283039358,0.6884363526236434,0.8335341837187862
22.966666666666665,friend - computer,0.2928461337668192,0.04762978721030887,0.19949175083461385,0.3862005166990246
22.966666666666665,friend - stranger,0.2558360066258569,0.04058845658040338,0.1762826317282663,0.33538938152344755
23.95,computer,0.46812656892057086,0.046633259281158704,0.3767253807294998,0.5595277571116419
23.95,stranger,0.5055917400962273,0.04168755243242816,0.42388413732866814,0.5872993428637865
23.95,friend,0.761489831694762,0.03580106526669304,0.6913197437720436,0.8316599196174804
23.95,friend - computer,0.29336326277419117,0.04625001915591889,0.20271322522859014,0.3840133003197922
23.95,friend - stranger,0.2558980915985347,0.03946663889691336,0.1785434793605845,0.3332527038364849
24.933333333333334,computer,0.468114003476897,0.045187005267524276,0.37954747315254944,0.5566805338012446
24.933333333333334,stranger,0.5060342143242111,0.04036973859927444,0.4269095266696332,0.5851589019787891
24.933333333333334,friend,0.7619937069095545,0.03461190681947545,0.6941543695433826,0.8298330442757264
24.933333333333334,friend - computer,0.29387970343265746,0.044900815613619395,0.20587410482996343,0.3818853020353515
24.933333333333334,friend - stranger,0.25595949258534334,0.03836922269697397,0.18075581609927435,0.3311631690714123
25.0,computer,0.46811315158386424,0.04509000783779211,0.3797367362217917,0.5564895669459368
25.0,stranger,0.5060642124045349,0.04028157194255199,0.427112331397133,0.5850160934119368
25.0,friend,0.7620278430136406,0.034532224771018576,0.6943446824624442,0.829711003564837
25.0,friend - computer,0.29391469142977633,0.04481051528562831,0.20608608146994484,0.3817433013896078
25.0,friend - stranger,0.25596363060910565,0.0382957542182992,0.18090395234123924,0.33102330887697207
25.916666666666664,computer,0.4681014380733884,0.043770748384190566,0.3823107712403749,0.5538921049064018
25.916666666666664,stranger,0.5064766835900952,0.039085442860930575,0.4298692155826713,0.5830841515975191
25.916666666666664,friend,0.762496893293496,0.0334493752322353,0.6969361178383149,0.8280576687486771
25.916666666666664,friend - computer,0.2943954552201076,0.043584830968228426,0.20896918652237992,0.3798217239178353
25.916666666666664,friend - stranger,0.2560202097034008,0.03729822876178858,0.18291568133029518,0.3291247380765064
26.9,computer,0.46808887271005933,0.04238749401268944,0.38500938444518806,0.5511683609749306
26.9,stranger,0.5069191472546497,0.03783808431194583,0.4327565020032359,0.5810817925060635
26.9,friend,0.7629993903305097,0.032315808103797285,0.699660406447067,0.8263383742139524
26.9,friend - computer,0.29491051762045034,0.04230497640000545,0.21199276387643967,0.377828271364461
26.9,friend - stranger,0.25608024307585997,0.03625586202135151,0.185018753514011,0.32714173263770896
27.883333333333333,computer,0.46807630738692463,0.04104057771209054,0.3876367750712272,0.5485158397026221
27.883333333333333,stranger,0.5073616046786324,0.0366314411496188,0.4355639800253796,0.5791592293318852
27.883333333333333,friend,0.7635011975105322,0.031213806670919816,0.7023221364355294,0.8246802585855351
27.883333333333333,friend - computer,0.2954248901236076,0.0410644363695397,0.21493859483930983,0.3759111854079054
27.883333333333333,friend - stranger,0.2561395928318998,0.0352445222607277,0.1870603292008735,0.3252188564629261
28.866666666666667,computer,0.4680637421039986,0.03973369344802379,0.39018570294587196,0.5459417812621252
28.866666666666667,stranger,0.5078040552227918,0.0354696722678715,0.4382834975777637,0.57732461286782
28.866666666666667,friend,0.764002314329508,0.030146259169724455,0.7049156463568481,0.823088982302168
28.866666666666667,friend - computer,0.29593857222550946,0.03986668225347124,0.21779987500870585,0.37407726944231307
28.866666666666667,friend - stranger,0.25619825910671623,0.03426681280432268,0.18903530601024376,0.3233612122031887
29.85,computer,0.46805117686129605,0.03847091949681883,0.39264817464753116,0.543454179075061
29.85,stranger,0.5082464982478702,0.034357332075444905,0.4409061273799981,0.5755868691157422
29.85,friend,0.7645027402893826,0.02911636228468133,0.7074346702114072,0.821570810367358
29.85,friend - computer,0.29645156342808654,0.03871548138689186,0.22056921990977849,0.37233390694639457
29.85,friend - stranger,0.2562562420415124,0.033325546070743686,0.19093817174285482,0.32157431234017003
30.833333333333332,computer,0.4680386116588311,0.037256739586186596,0.3950154020699054,0.5410618212477568
30.833333333333332,stranger,0.5086889331146068,0.033299374730333814,0.44342215864315254,0.5739557075860611
30.833333333333332,friend,0.7650024748980961,0.02812763855846022,0.7098723033235141,0.8201326464726781
30.833333333333332,friend - computer,0.29696386323926505,0.037614899307400265,0.2232386605967605,0.3706890658817696
30.833333333333332,friend - stranger,0.2563135417834893,0.03242374462141405,0.19276300232551777,0.3198640812414608
31.816666666666666,computer,0.46802604649661866,0.03609605598729351,0.39727777676152337,0.5387743162317139
31.816666666666666,stranger,0.5091313591837414,0.03230114305315849,0.4458211187995508,0.5724415995679321
31.816666666666666,friend,0.7655015176695784,0.0271839468630513,0.7122209818179979,0.818782053521159
31.816666666666666,friend - computer,0.29747547117295975,0.03656929252270813,0.22579965782845182,0.3691512845174677
31.816666666666666,friend - stranger,0.256370158485837,0.031564636053166284,0.19450347182163108,0.3182368451500429
32.8,computer,0.468013481374673,0.03499419032356027,0.3994248683404949,0.5366020944088512
32.8,stranger,0.5095737758160173,0.03136833656034254,0.4480918361577459,0.5710557154742887
32.8,friend,0.7659998681237404,0.026289482156339077,0.7144724830973158,0.8175272531501651
32.8,friend - computer,0.2979863867490674,0.03558328870188451,0.22824314089337377,0.36772963260476105
32.8,friend - stranger,0.2564260923077232,0.03075163984349227,0.19615287821447833,0.316699306400968
33.78333333333333,computer,0.4680009162930088,0.033956866903863576,0.40144545716143615,0.5345563754245813
33.78333333333333,stranger,0.510016182372184,0.030506952581372097,0.4502225553126947,0.5698098094316734
33.78333333333333,friend,0.7664975257864695,0.02544875985737886,0.7166179564660069,0.816377095106932
33.78333333333333,friend - computer,0.2984966094934607,0.03466175091875294,0.2305595776927049,0.36643364129421646
33.78333333333333,friend - stranger,0.2564813434142854,0.02998834409983307,0.19770418897861258,0.31525849784995824
34.766666666666666,computer,0.46798835125164034,0.03299017259673433,0.40332761296204106,0.5326490895412397
34.766666666666666,stranger,0.5104585782130011,0.029723194629439984,0.45220111673929875,0.5687160396867035
34.766666666666666,friend,0.7669944901896217,0.024666579436491812,0.7186479944940978,0.8153409858851457
34.766666666666666,friend - computer,0.2990061389379814,0.03380972259191119,0.23273908265783547,0.3652731952181273
34.766666666666666,friend - stranger,0.2565359119766206,0.02927847016332498,0.19915011045650366,0.3139217134967376
35.75,computer,0.4679757862505823,0.032100486911632996,0.4050588319037816,0.5308927405973829
35.75,stranger,0.5109009626992408,0.02902334348834862,0.4540152094620775,0.5677867159364041
35.75,friend,0.7674907608710155,0.023947961502475055,0.7205527563261644,0.8144287654158666
35.75,friend - computer,0.29951497462043325,0.03303235023756339,0.234771568154809,0.36425838108605746
35.75,friend - stranger,0.25658979817177474,0.02862582326066083,0.20048318458087952,0.31269641176267
36.733333333333334,computer,0.4679632212898492,0.031294376416434545,0.40662624351363746,0.5293001990660609
36.733333333333334,stranger,0.511343335191692,0.028413589251892565,0.45565270025798255,0.5670339701254014
36.733333333333334,friend,0.7679863373744242,0.023298053149798176,0.7223221532008198,0.8136505215480286
36.733333333333334,friend - computer,0.30002311608457505,0.03233478225340213,0.23664694286790688,0.3633992893012432
36.733333333333334,friend - stranger,0.2566430021827323,0.02803422797770777,0.20169591534642506,0.3115900890190395
37.71666666666667,computer,0.46795065636945554,0.030578449326600976,0.40801689568931765,0.5278844170495934
37.71666666666667,stranger,0.5117856950511623,0.027899827021167244,0.45710203408967454,0.5664693560126501
37.71666666666667,friend,0.7684812192495709,0.022721998031639434,0.7239461031075576,0.8130163353915842
37.71666666666667,friend - computer,0.30053056288011537,0.031722043817486466,0.23835535699784188,0.36270576876238886
37.71666666666667,friend - stranger,0.2566955241984086,0.027507448320941163,0.20278092548936388,0.31061012290745327
38.7,computer,0.4679380914894158,0.02995916942969022,0.40921811940722297,0.5266580635716086
38.7,stranger,0.5122280416384829,0.02748742495486291,0.4583526887269516,0.5661033945500142
38.7,friend,0.7689754060521187,0.022224770918482822,0.7254148550518923,0.812535957052345
38.7,friend - computer,0.3010373145627029,0.031198890637493204,0.2398874889132162,0.36218714021218956
38.7,friend - stranger,0.25674736441363577,0.02704909356437382,0.2037311410274631,0.30976358779980845
39.68333333333334,computer,0.46792552664974446,0.029442633602771624,0.4102179647883121,0.5256330885111768
39.68333333333334,stranger,0.5126703743145095,0.027180980108755796,0.45939565330134813,0.5659450953276708
39.68333333333334,friend,0.7694688973436663,0.021810981497294712,0.7267193736089687,0.812218421078364
39.68333333333334,friend - computer,0.30154337069392184,0.030769647554303423,0.24123486148748713,0.36185187990035655
39.68333333333334,friend - stranger,0.25679852302915684,0.026662512890216646,0.2045399977643322,0.30905704829398145
40.0,computer,0.46792148035403913,0.029299087839932954,0.41049526818777055,0.5253476925203078
40.0,stranger,0.5128128173639193,0.02710547333397165,0.4596860896293348,0.5659395450985036
40.0,friend,0.7696276701433086,0.021696172758552467,0.7271031715365457,0.8121521687500715
40.0,friend - computer,0.30170618978926944,0.030652041170696566,0.24162818909470418,0.3617841904838347
40.0,friend - stranger,0.2568148527793893,0.02655380240280881,0.20476940006988403,0.3088603054888946
40.666666666666664,computer,0.46791296185045617,0.02903432371965845,0.4110056873599256,0.5248202363409867
40.666666666666664,stranger,0.5131126924401275,0.026984083574732858,0.46022388863365105,0.5660014962466039
40.666666666666664,friend,0.7699616926917386,0.021484658471533996,0.727851762087532,0.8120716232959453
40.666666666666664,friend - computer,0.3020487308412825,0.030438041471829397,0.24239016955649687,0.3617072921260681
40.666666666666664,friend - stranger,0.25684900025161117,0.02635068384117261,0.20520165992291284,0.3084963405803095
41.65,computer,0.4679003970915653,0.028738850759622705,0.4115722496027048,0.5242285445804258
41.65,stranger,0.513554995376254,0.026899119999552225,0.46083272017713167,0.5662772705753764
41.65,friend,0.7704537916697811,0.021249031562060615,0.7288056898081423,0.8121018935314199
41.65,friend - computer,0.30255339457821584,0.030207041090699664,0.2433475940404445,0.3617591951159872
41.65,friend - stranger,0.2568987962935271,0.02611610150262211,0.20571123734838775,0.3080863552386664
42.63333333333333,computer,0.46788783237308657,0.028559714803298945,0.41191079135862063,0.5238648733875525
42.63333333333333,stranger,0.5139972824838418,0.0269271259399536,0.46122011564153276,0.5667744493261508
42.63333333333333,friend,0.7709451938571518,0.021106334070969773,0.729576779078051,0.8123136086362526
42.63333333333333,friend - computer,0.3030573614840652,0.030078717669706996,0.2441030748514395,0.3620116481166909
42.63333333333333,friend - stranger,0.25694791137330997,0.025960676720341063,0.2060649850014415,0.30783083774517844
43.61666666666667,computer,0.4678752676950342,0.028499107399197872,0.41201701719260636,0.5237335181974621
43.61666666666667,stranger,0.5144395531238817,0.027067725900479424,0.461386810358942,0.5674922958888213
43.61666666666667,friend,0.7714358988391131,0.02105765031917068,0.7301629042135386,0.8127088934646877
43.61666666666667,friend - computer,0.30356063114407894,0.030054140808965686,0.2446545151585062,0.36246674712965166
43.61666666666667,friend - stranger,0.25699634571523144,0.025885652119714022,0.20626046756059196,0.3077322238698709
44.599999999999994,computer,0.46786270305742295,0.028557780906671743,0.41188945248034636,0.5238359536344995
44.599999999999994,stranger,0.5148818066574063,0.027319154976343518,0.46133626290377305,0.5684273504110396
44.599999999999994,friend,0.7719259062068256,0.021102829095916917,0.7305643611788284,0.8132874512348227
44.599999999999994,friend - computer,0.3040632031494026,0.030133320675811766,0.24500189462481153,0.3631245116739937
44.599999999999994,friend - stranger,0.2570440995494192,0.0258915439248904,0.20629667345663402,0.30779152564220436
45.58333333333333,computer,0.46785013846026724,0.028735002374342986,0.411529533806555,0.5241707431139795
45.58333333333333,stranger,0.5153240424454938,0.027678364933341876,0.4610744471761437,0.5695736377148438
45.58333333333333,friend,0.772415215557339,0.021240476172002063,0.7307838822602151,0.814046548854463
45.58333333333333,friend - computer,0.3045650770970718,0.030315203375559013,0.24514727848097614,0.36398287571316745
45.58333333333333,friend - stranger,0.25709117311184526,0.025978115517359682,0.2061740666978203,0.30800827952587023
46.56666666666666,computer,0.4678375739035815,0.02902859838845115,0.41094152106221726,0.5247336267449457
46.56666666666666,stranger,0.5157662598492692,0.02814119924223895,0.4606095093344808,0.5709230103640575
46.56666666666666,friend,0.7729038264935859,0.02146802751002807,0.730826492573931,0.8149811604132409
46.56666666666666,friend - computer,0.3050662525900044,0.030597720103217443,0.24509472118769823,0.3650377839923106
46.56666666666666,friend - stranger,0.25713756664431675,0.02614438556622034,0.2058945709345249,0.3083805623541086
47.55,computer,0.46782500938738036,0.029435084635182004,0.4101322435024236,0.5255177752723371
47.55,stranger,0.5162084582299097,0.028702614700505984,0.45995133341691796,0.5724655830429014
47.55,friend,0.7733917386243724,0.021781892905500335,0.7306992285295917,0.8160842487191531
47.55,friend - computer,0.305566729236992,0.03097788450774607,0.2448500756018097,0.3662833828721743
47.55,friend - stranger,0.2571832803944627,0.026388669929077596,0.2054614873334706,0.3089050734554548
48.53333333333333,computer,0.46781244491167834,0.029949862753281764,0.40911071391524606,0.5265141759081106
48.53333333333333,stranger,0.5166506369486464,0.029356924251417615,0.4591110654158679,0.574190208481425
48.53333333333333,friend,0.773878951564371,0.022177650463191492,0.7304107566565157,0.8173471464722264
48.53333333333333,friend - computer,0.3060665066526927,0.03145192761052421,0.24442072853606522,0.36771228476932016
48.53333333333333,friend - stranger,0.2572283146157246,0.026708653033556237,0.20487935466995438,0.3095772745614948
49.516666666666666,computer,0.46779988047648996,0.030567459935766043,0.40788765900238855,0.5277121019505914
49.516666666666666,stranger,0.5170927953667683,0.030098037323423105,0.45810064221285907,0.5760849485206776
49.516666666666666,friend,0.7743654649341132,0.022650267626782777,0.7299709403856189,0.8187599894826074
49.516666666666666,friend - computer,0.3065655844576232,0.03201545655750145,0.24381528960492038,0.36931587931032606
49.516666666666666,friend - stranger,0.25727266956734485,0.027101481735069197,0.20415376536660923,0.31039157376808046
50.5,computer,0.46778731608182966,0.03128178478741272,0.4064750178985007,0.5290996142651586
50.5,stranger,0.5175349328456255,0.03091967911386905,0.4569323617824421,0.5781375039088088
50.5,friend,0.7748512783599799,0.02319432486535693,0.7293904016238804,0.8203121550960795
50.5,friend - computer,0.30706396227815025,0.032663622782512655,0.24304326162442547,0.37108466293187503
50.5,friend - stranger,0.25731634551435445,0.027563873123726625,0.20329115419185026,0.3113415368368586
51.483333333333334,computer,0.467774751727712,0.03208637568476536,0.40488545538557186,0.5306640480698521
51.483333333333334,stranger,0.5179770487466312,0.0318155768759055,0.4556185180698564,0.580335579423406
51.483333333333334,friend,0.7753363914741944,0.023804222491805062,0.7286801153902565,0.8219926675581324
51.483333333333334,friend - computer,0.30756163974648243,0.0333912865579303,0.24211471809293905,0.3730085614000258
51.483333333333334,friend - stranger,0.2573593427275632,0.028092227534727048,0.2022985767594982,0.31242010869562825
52.46666666666667,computer,0.4677621874141515,0.03297462372923053,0.40313192490485966,0.5323924499234434
52.46666666666667,stranger,0.518419142431267,0.032779607762862074,0.4541711112160573,0.5826671736464766
52.46666666666667,friend,0.7758208039148137,0.024474357552845386,0.7278510631112367,0.8237905447183906
52.46666666666667,friend - computer,0.3080586165006622,0.03419316774089629,0.24104000772850545,0.37507722527281895
52.46666666666667,friend - stranger,0.2574016614835467,0.028682738926033728,0.2011834931885206,0.31361982977857283
53.449999999999996,computer,0.46774962314116253,0.033939959395376605,0.40122730272622437,0.5342719435561006
53.449999999999996,stranger,0.5188612132610838,0.0338059080481556,0.45260163348669885,0.5851207930354688
53.449999999999996,friend,0.77630451532572,0.025199264408433904,0.7269139570851896,0.8256950735662504
53.449999999999996,friend - computer,0.30855489218455745,0.0350639759831051,0.23982949925767144,0.37728028511144346
53.449999999999996,friend - stranger,0.25744330206463617,0.029331496458471485,0.19995356900603206,0.3149330351232403
54.43333333333333,computer,0.46773705890875983,0.034975998531698665,0.39918410178663044,0.5362900160308892
54.43333333333333,stranger,0.5193032605977069,0.03488894712729818,0.4509209242282025,0.5876855969672113
54.43333333333333,friend,0.7767875253566128,0.02597371819151945,0.7258790377012346,0.8276960130119909
54.43333333333333,friend - computer,0.30905046644785295,0.03599851705131573,0.23849337302727414,0.37960755986843175
54.43333333333333,friend - stranger,0.25748426475890585,0.030034573121037373,0.1986165014416726,0.3163520280761391
55.416666666666664,computer,0.4677244947169579,0.0360766484898284,0.3970142636768942,0.5384347257570216
55.416666666666664,stranger,0.5197452838028384,0.03602357167679502,0.44913908331632013,0.5903514842893566
55.416666666666664,friend,0.7772698336630001,0.026792804208328445,0.7247559374146764,0.8297837299113238
55.416666666666664,friend - computer,0.3095453389460422,0.03699177472785642,0.2370414604794436,0.38204921741264075
55.416666666666664,friend - stranger,0.2575245498601617,0.030788099214748597,0.19717987539925447,0.31786922432106895
56.4,computer,0.467711930565771,0.037236178511760434,0.39472902068272053,0.5406948404488214
56.4,stranger,0.5201872822382595,0.037205026023730436,0.44726543123174783,0.5931091332447711
56.4,friend,0.7777514399061889,0.02765195849320298,0.7235536012595111,0.8319492785528667
56.4,friend - computer,0.3100395093404179,0.038038969805793195,0.23548312852106323,0.3845958901597726
56.4,friend - stranger,0.2575641576679294,0.031588320184367594,0.1956510501065689,0.3194772652292899
57.38333333333333,computer,0.46769936645521387,0.038449260232041,0.3923388164004135,0.5430599165100143
57.38333333333333,stranger,0.5206292552658355,0.038428954584559735,0.4453085042800984,0.5959500062515726
57.38333333333333,friend,0.7782323437532783,0.02854698549980806,0.7222802521736545,0.8341844353329021
57.38333333333333,friend - computer,0.31053297729806445,0.039135598950697,0.2338272033546983,0.3872387512414306
57.38333333333333,friend - stranger,0.25760308848744284,0.032431639541444,0.1940370749862126,0.3211691019886731
58.36666666666667,computer,0.46768680238530086,0.03971098462967662,0.38985327251113466,0.5455203322594671
58.36666666666667,stranger,0.5210712022475178,0.039691391539553464,0.443276074829993,0.5988663296650426
58.36666666666667,friend,0.7787125448771489,0.029474058735811378,0.7209433897549586,0.8364816999993392
58.36666666666667,friend - computer,0.31102574249184806,0.04027745678796469,0.23208192718743725,0.38996955779625886
58.36666666666667,friend - stranger,0.2576413426296311,0.03331464843547516,0.1923446316960998,0.3229380535631624
59.35,computer,0.46767423835604666,0.04101686142274986,0.3872811899674569,0.5480672867446363
59.35,stranger,0.5215131225453478,0.04098874200712191,0.4411751882113888,0.6018510568793067
59.35,friend,0.7791920429564556,0.030429709441699412,0.7195498124507248,0.8388342734621864
59.35,friend - computer,0.31151780460040895,0.04146064466425605,0.2302549410584671,0.3927806681423508
59.35,friend - stranger,0.25767892041110785,0.03423414385530452,0.19057999845471096,0.32477784236750473
60.0,computer,0.46766593334208795,0.04190230181767334,0.3855374217794482,0.5497944449047277
60.0,stranger,0.5218052243928692,0.04186388438571513,0.4397520109968676,0.6038584377888709
60.0,friend,0.7795086132025242,0.03107556172993741,0.7186005122118468,0.8404167141932015
60.0,friend - computer,0.31184267986043623,0.04226367915527431,0.22900586871609857,0.3946794910047739
60.0,friend - stranger,0.25770338880965493,0.03486051222117559,0.18937678485615078,0.3260299927631591
60.33333333333333,computer,0.46766167436746575,0.0423628061116528,0.38463057438862625,0.5506927743463053
60.33333333333333,stranger,0.5219550155214583,0.04231775805832273,0.4390122097271457,0.6048978213157709
60.33333333333333,friend,0.7796708376756172,0.031410807488136135,0.7181056549988704,0.841236020352364
60.33333333333333,friend - computer,0.3120091633081514,0.04268156929823721,0.2283532874836065,0.39566503913269635
60.33333333333333,friend - stranger,0.2577158221541589,0.035187137567432344,0.1887490325219915,0.3266826117863263
61.31666666666666,computer,0.46764911041957247,0.043745118919995635,0.381908677336381,0.5533895435027639
61.31666666666666,stranger,0.5223968805380796,0.043675512072542826,0.43679287687589574,0.6080008842002635
61.31666666666666,friend,0.7801489287248079,0.03241453772302122,0.7166164347876863,0.8436814226619295
61.31666666666666,friend - computer,0.31249981830523543,0.043936934126053415,0.22638342741817075,0.3986162091923001
61.31666666666666,friend - stranger,0.25775204818672826,0.03617085781540185,0.18685716686854065,0.32864692950491586
62.3,computer,0.4676365465123815,0.04516045893165526,0.3791220470063372,0.5561510460184258
62.3,stranger,0.5228387169575406,0.0450593692281283,0.4345223532704091,0.611155080644672
62.3,friend,0.7806263157999488,0.03343837415101809,0.7150871024639534,0.8461655291359442
62.3,friend - computer,0.3129897692875673,0.04522372566896881,0.2243512669763884,0.40162827159874614
62.3,friend - stranger,0.2577875988424082,0.037182745597861895,0.18490941747059889,0.33066578021421755
63.28333333333333,computer,0.4676239826459073,0.04660581587389044,0.3762765835330821,0.5589713817587326
63.28333333333333,stranger,0.5232805241422724,0.0464669603569475,0.43220528184265533,0.6143557664418895
63.28333333333333,friend,0.7811029986026976,0.03448005362235663,0.7135220935028787,0.8486839037025166
63.28333333333333,friend - computer,0.3134790159567903,0.046539196775450736,0.22226219027690686,0.4046958416366737
63.28333333333333,friend - stranger,0.25782247446042517,0.03822044707702631,0.1829103981894536,0.33273455073139674
64.26666666666667,computer,0.46761141882016444,0.048078481289750695,0.3733775954922531,0.5618452421480757
64.26666666666667,stranger,0.523722301454812,0.04789615595935816,0.42984583577447005,0.617598767135154
64.26666666666667,friend,0.78157897684044,0.03553755015204067,0.7119253785424402,0.8512325751384398
64.26666666666667,friend - computer,0.31396755802027554,0.047880848158437676,0.2201210956297377,0.4078140204108134
64.26666666666667,friend - stranger,0.25785667538562795,0.03928180338941163,0.18086434074238117,0.33484901002887474
65.25,computer,0.4675988550351673,0.049576020283425906,0.37042985527965255,0.564767854790682
65.25,stranger,0.5241640482578049,0.049345041856430356,0.42744776621920144,0.6208803302964084
65.25,friend,0.7820542502262806,0.03660905057195742,0.7103005111052441,0.8538079893473172
65.25,friend - computer,0.3144553951911133,0.04924640927954889,0.21793243300319748,0.41097835737902916
65.25,friend - stranger,0.2578902019684757,0.040364838865406906,0.17877511779227814,0.3370052861446732
66.23333333333333,computer,0.46758629129093054,0.051096244596544924,0.3674376518817025,0.5677349307001586
66.23333333333333,stranger,0.5246057639140085,0.05081189672776599,0.4250144463275871,0.6241970815004299
66.23333333333333,friend,0.7825288184790324,0.03769293191467698,0.7086506719262655,0.8564069650317994
66.23333333333333,friend - computer,0.3149425271881019,0.05063381933023403,0.2157002413008432,0.4141848130753606
66.23333333333333,friend - stranger,0.25792305456502396,0.04146774842884052,0.17664626764449654,0.3391998414855514
67.21666666666667,computer,0.4675737275874684,0.052637187460720984,0.3644048401644553,0.5707426150104815
67.21666666666667,stranger,0.5250474477862955,0.05229517162531937,0.4225489114006696,0.6275459841719215
67.21666666666667,friend,0.7830026813232087,0.038787740715148955,0.7069787095215168,0.8590266531249007
67.21666666666667,friend - computer,0.3154289537357403,0.05204120882166876,0.21342818444526956,0.41742972302621106
67.21666666666667,friend - stranger,0.2579552335369132,0.042588884748564725,0.17448101942972633,0.34142944764410005
68.19999999999999,computer,0.46756116392479574,0.05419708044930972,0.36133488624414867,0.5737874416054428
68.19999999999999,stranger,0.5254890992376571,0.053793471448611394,0.42005389519837877,0.6309243032769354
68.19999999999999,friend,0.7834758384890121,0.03989217427324753,0.705287176913447,0.8616645000645773
68.19999999999999,friend - computer,0.3159146745642164,0.05346688211277726,0.21111958562317296,0.42070976350525985
68.19999999999999,friend - stranger,0.25798673925135507,0.043726745551657856,0.17228231797010568,0.34369116053260446
69.18333333333334,computer,0.46754860030292694,0.05577433239859557,0.3582309088016796,0.5768662918041743
69.18333333333334,stranger,0.5259307176312058,0.05530553830032535,0.41753186256256813,0.6343295726998435
69.18333333333334,friend,0.7839482897123258,0.04100506382787488,0.703578364609691,0.8643182148149605
69.18333333333334,friend - computer,0.31639968940939883,0.054909301069856316,0.20877745931248046,0.4240219195063172
69.18333333333334,friend - stranger,0.25801757208112,0.04487996137931844,0.17005284777765584,0.3459822963845841
70.16666666666666,computer,0.4675360367218764,0.057367510367797636,0.355095716400993,0.5799763570427597
70.16666666666666,stranger,0.5263723023301791,0.056830236602315884,0.4149850385896399,0.6377595660707182
70.16666666666666,friend,0.7844200347347032,0.0421253595375568,0.7018543300410919,0.8669857394283146
70.16666666666666,friend - computer,0.31688399801282685,0.05636706995275061,0.20640454090543564,0.42736345512021806
70.16666666666666,friend - stranger,0.25804773240452417,0.04604728396746809,0.1677950558282867,0.34830040898076164
71.15,computer,0.46752347318165866,0.05897532254418493,0.3519318409950562,0.583115105368261
71.15,stranger,0.5268138526979418,0.05836653983213105,0.41241543462696495,0.6412122707689186
71.15,friend,0.7848910733033587,0.043252117132048386,0.7001169237245439,0.8696652228821735
71.15,friend - computer,0.31736760012170007,0.05783892155318445,0.20400331387745854,0.4307318863659416
71.15,friend - stranger,0.25807722060541693,0.04722757535960301,0.16551117290059503,0.35064326831023884
72.13333333333333,computer,0.46751090968228837,0.0605966029632033,0.3487415678744099,0.5862802514901668
72.13333333333333,stranger,0.5272553680979906,0.05991351873301851,0.40982487138127427,0.6446858648147068
72.13333333333333,friend,0.785361405171157,0.04438448608617417,0.6983678124422557,0.8723549979000584
72.13333333333333,friend - computer,0.3178504954888687,0.05932370456372506,0.20157603454396755,0.4341249564337698
72.13333333333333,friend - stranger,0.2581060370731665,0.048419797804807346,0.1632032333757441,0.35300884077058886
73.11666666666667,computer,0.46749834622378,0.062230297895571704,0.3455269623484595,0.5894697300991005
73.11666666666667,stranger,0.5276968478939562,0.06147033085158656,0.40721499942484657,0.6481786963630659
73.11666666666667,friend,0.785831030096604,0.04552169916501923,0.6966084997331663,0.8750535604600418
73.11666666666667,friend - computer,0.31833268387282404,0.06082037212528181,0.19912475450727168,0.4375406132383764
73.11666666666667,friend - stranger,0.25813418220264783,0.04962300445484859,0.1608730934711446,0.3553952709341511
74.1,computer,0.46748578280614783,0.06387545374770803,0.3422898934606401,0.5926816721516556
74.1,stranger,0.5281382914496068,0.06303621126363597,0.4045873173728803,0.6516892655263333
74.1,friend,0.7862999478438362,0.04666306319445473,0.6948403439827049,0.8777595517049674
74.1,friend - computer,0.31881416503768834,0.062327971482546825,0.19665134093189657,0.4409769891434801
74.1,friend - stranger,0.2581616563942294,0.05083633084732046,0.1585224479334813,0.3578008648549775
75.0,computer,0.46747428412076464,0.06539049726844826,0.33930890947460607,0.5956396587669233
75.0,stranger,0.5285422922290384,0.06447674444677819,0.4021678731133531,0.6549167113447236
75.0,friend,0.7867285067806261,0.04771080432501798,0.6932153303035908,0.8802416832576614
75.0,friend - computer,0.3192542226598615,0.0637166489286312,0.1943695907597443,0.44413885455997865
75.0,friend - stranger,0.25818621455158774,0.05195502868203322,0.15635435833480263,0.3600180707683729
75.08333333333333,computer,0.46747321942940656,0.06553120632423269,0.3390320550339105,0.5959143838249026
75.08333333333333,stranger,0.5285796981288513,0.06461046435798,0.4019431879872105,0.6552162082704921
75.08333333333333,friend,0.78676815818261,0.04780795091992464,0.6930645743795577,0.8804717419856624
75.08333333333333,friend - computer,0.31929493875320347,0.06384563466691288,0.1941574948060542,0.44443238270035273
75.08333333333333,friend - stranger,0.25818846005375873,0.052058987143941096,0.1561528452516342,0.36022407485588326
76.06666666666666,computer,0.4674606560935709,0.06719677130856783,0.33575498432877793,0.5991663278583639
76.06666666666666,stranger,0.5290210672957429,0.06619245655882625,0.3992838524404435,0.6587582821510424
76.06666666666666,friend,0.7872356608882926,0.04895579382747026,0.6912823049864508,0.8831890167901343
76.06666666666666,friend - computer,0.31977500479472165,0.0653725701225412,0.1916447673545409,0.4479052422349024
76.06666666666666,friend - stranger,0.2582145935925496,0.053290251081994255,0.15376570147184088,0.36266348571325835
77.05,computer,0.467448092798655,0.06887143582768064,0.3324600785764009,0.6024361070209091
77.05,stranger,0.5294623983144812,0.06778160987852848,0.3966104429525653,0.662314353676397
77.05,friend,0.7877024557418512,0.05010607581283648,0.6894945471486916,0.8859103643350107
77.05,friend - computer,0.32025436294319615,0.06690805519146116,0.18911457476793228,0.45139415111846004
77.05,friend - stranger,0.25824005742737,0.05452946159068377,0.1513623127096298,0.3651178021451102
78.03333333333333,computer,0.4674355295446735,0.070554550978354,0.3291486096270997,0.6057224494622473
78.03333333333333,stranger,0.5299036905494166,0.06937739620359243,0.39392399399037537,0.6658833871084577
78.03333333333333,friend,0.7881685425298424,0.051258327596363056,0.6877022204409707,0.888634864618714
78.03333333333333,friend - computer,0.3207330129851689,0.06845142937643768,0.18656821140735103,0.4548978145629867
78.03333333333333,friend - stranger,0.2582648519804258,0.055776013021436976,0.14894386645840935,0.3675858375024423
79.01666666666667,computer,0.46742296633164093,0.07224552520407049,0.3258217369316628,0.6090241957316191
79.01666666666667,stranger,0.5303449433650528,0.07097933222736304,0.39122545219942123,0.6694644345306844
79.01666666666667,friend,0.7886339210444018,0.05241212179271759,0.6859061623306753,0.8913616797581283
79.01666666666667,friend - computer,0.32121095471276084,0.07000208830482774,0.18400686163529847,0.45841504779022324
79.01666666666667,friend - stranger,0.258288977679349,0.05702934994087845,0.14651145179522723,0.37006650356347076
80.0,computer,0.46741040315957183,0.07394381842304991,0.322480519050394,0.6123402872687497
80.0,stranger,0.5307861561260505,0.07258697495261213,0.38851568521893076,0.6730566270331703
80.0,friend,0.789098591083234,0.053567068555094945,0.6841071367152479,0.8940900454512201
80.0,friend - computer,0.32168818792366216,0.0715594783220304,0.1814316104124826,0.46194476543484175
80.0,friend - stranger,0.2583124349571835,0.05828896243650002,0.14406606858164345,0.3725588013327235
