participant_id,partner,last_observed_reciprocation,high_probability,investment,rt,n
sub-10317,computer,0.0,0.0,1.5555555555555556,2.0522158,9
sub-10317,computer,1.0,0.75,4.0,2.2918073,4
sub-10317,friend,0.0,1.0,6.857142857142857,1.9478317,7
sub-10317,friend,1.0,1.0,4.666666666666667,1.8946936,6
sub-10317,stranger,0.0,0.16666666666666666,2.3333333333333335,1.7453707,6
sub-10317,stranger,1.0,0.5714285714285714,3.7142857142857144,2.0534596,7
sub-10369,computer,0.0,0.5,4.5,2.0333522,4
sub-10369,computer,1.0,0.5555555555555556,3.3333333333333335,1.5333267,9
sub-10369,friend,0.0,0.7142857142857143,5.428571428571429,2.0982714,7
sub-10369,friend,1.0,1.0,4.666666666666667,1.4837020500000002,6
sub-10369,stranger,0.0,0.2857142857142857,2.5714285714285716,2.1067538,7
sub-10369,stranger,1.0,0.6,4.8,1.9452099,5
sub-10402,computer,0.0,0.5333333333333333,3.466666666666667,1.9693246,15
sub-10402,computer,1.0,0.4166666666666667,3.1666666666666665,1.9742235,12
sub-10402,friend,0.0,0.5384615384615384,4.0,1.9052644,13
sub-10402,friend,1.0,0.8461538461538461,5.384615384615385,1.8952626,13
sub-10402,stranger,0.0,0.5384615384615384,4.153846153846154,2.0323215,13
sub-10402,stranger,1.0,0.7857142857142857,4.857142857142857,2.0175189,14
sub-10418,computer,0.0,0.7692307692307693,4.3076923076923075,2.1454828,13
sub-10418,computer,1.0,0.35714285714285715,3.2857142857142856,2.25573125,14
sub-10418,friend,0.0,1.0,5.6923076923076925,2.0303931,13
sub-10418,friend,1.0,1.0,6.142857142857143,2.07801035,14
sub-10418,stranger,0.0,0.5,3.7142857142857144,2.0207756,14
sub-10418,stranger,1.0,0.6153846153846154,3.3846153846153846,2.2281153,13
sub-10462,computer,0.0,0.0,1.3333333333333333,2.2365794,3
sub-10462,computer,1.0,0.25,2.25,2.2120989499999997,8
sub-10462,friend,0.0,0.42857142857142855,3.142857142857143,1.7466526,7
sub-10462,friend,1.0,0.8333333333333334,4.333333333333333,1.85926935,6
sub-10462,stranger,0.0,0.2222222222222222,2.2222222222222223,1.9699969,9
sub-10462,stranger,1.0,0.25,3.5,2.03007665,4
sub-10478,computer,0.0,0.7,4.4,1.8615761499999999,10
sub-10478,computer,1.0,0.4666666666666667,3.8666666666666667,1.7597483,15
sub-10478,friend,0.0,0.9285714285714286,5.571428571428571,1.7848139,14
sub-10478,friend,1.0,1.0,6.3076923076923075,1.4707832,13
sub-10478,stranger,0.0,0.6363636363636364,4.545454545454546,1.7925884,11
sub-10478,stranger,1.0,0.5333333333333333,3.7333333333333334,1.675301,15
sub-10486,computer,0.0,1.0,5.666666666666667,1.5590176,6
sub-10486,computer,1.0,1.0,6.0,1.5194184,7
sub-10486,friend,0.0,1.0,6.857142857142857,1.5365182,7
sub-10486,friend,1.0,1.0,4.666666666666667,1.5795165,6
sub-10486,stranger,0.0,1.0,5.0,1.6499533,6
sub-10486,stranger,1.0,1.0,6.571428571428571,1.5868232,7
sub-10529,computer,0.0,0.4375,3.625,1.7751822,16
sub-10529,computer,1.0,0.7272727272727273,4.7272727272727275,1.5274209,11
sub-10529,friend,0.0,0.8461538461538461,5.384615384615385,1.8040367,13
sub-10529,friend,1.0,0.7692307692307693,4.461538461538462,1.8290491,13
sub-10529,stranger,0.0,0.6363636363636364,3.8181818181818183,1.8528713,11
sub-10529,stranger,1.0,0.6428571428571429,4.857142857142857,1.7905005,14
sub-10541,computer,0.0,0.6923076923076923,5.384615384615385,1.7786005,13
sub-10541,computer,1.0,0.9285714285714286,5.142857142857143,1.7949475,14
sub-10541,friend,0.0,0.8333333333333334,6.0,2.1542884,12
sub-10541,friend,1.0,0.6428571428571429,3.5714285714285716,1.95831505,14
sub-10541,stranger,0.0,0.5384615384615384,3.5384615384615383,1.7984343,13
sub-10541,stranger,1.0,0.6153846153846154,4.153846153846154,2.0666132,13
sub-10555,computer,0.0,1.0,5.2,2.2141895,5
sub-10555,computer,1.0,1.0,6.571428571428571,2.0621395,7
sub-10555,friend,0.0,0.25,3.5,2.2404039,8
sub-10555,friend,1.0,1.0,6.0,2.0386105,5
sub-10555,stranger,0.0,0.2857142857142857,2.2857142857142856,1.9797634,7
sub-10555,stranger,1.0,0.8,5.2,2.211694,5
sub-10559,computer,0.0,0.0,2.0,1.8917603,12
sub-10559,computer,1.0,0.14285714285714285,1.2857142857142858,1.8944065499999998,14
sub-10559,friend,0.0,0.06666666666666667,1.8666666666666667,1.8284928,15
sub-10559,friend,1.0,0.1111111111111111,1.7777777777777777,1.8826554,9
sub-10559,stranger,0.0,0.0,1.5,1.9964347999999998,12
sub-10559,stranger,1.0,0.15384615384615385,2.3076923076923075,2.1789815,13
sub-10572,computer,0.0,0.3333333333333333,2.4,1.7001476,15
sub-10572,computer,1.0,0.5833333333333334,2.8333333333333335,1.75602715,12
sub-10572,friend,0.0,0.7272727272727273,4.545454545454546,1.7700706,11
sub-10572,friend,1.0,0.4,2.533333333333333,1.7883673,15
sub-10572,stranger,0.0,0.5384615384615384,3.230769230769231,1.8040173,13
sub-10572,stranger,1.0,0.42857142857142855,2.7142857142857144,1.6615357,14
sub-10581,computer,0.0,0.23076923076923078,2.6153846153846154,1.9275453,13
sub-10581,computer,1.0,0.08333333333333333,1.5,2.4462281499999996,12
sub-10581,friend,0.0,0.9090909090909091,6.545454545454546,2.1375828,11
sub-10581,friend,1.0,0.875,4.875,1.93155855,16
sub-10581,stranger,0.0,0.5384615384615384,3.8461538461538463,2.5425522,13
sub-10581,stranger,1.0,0.2,2.4,2.1251482499999996,10
sub-10584,computer,0.0,0.4375,3.125,1.8217967000000002,16
sub-10584,computer,1.0,0.45454545454545453,3.4545454545454546,1.907557,11
sub-10584,friend,0.0,0.21428571428571427,2.4285714285714284,1.7313817,14
sub-10584,friend,1.0,0.07692307692307693,1.3846153846153846,1.608548,13
sub-10584,stranger,0.0,0.2857142857142857,2.4285714285714284,1.8450877,14
sub-10584,stranger,1.0,0.5833333333333334,4.666666666666667,1.7280571500000002,12
sub-10585,computer,0.0,0.5333333333333333,3.7333333333333334,1.752648,15
sub-10585,computer,1.0,0.5,4.0,1.6703671,12
sub-10585,friend,0.0,0.8,5.333333333333333,1.6202674,15
sub-10585,friend,1.0,0.9166666666666666,5.833333333333333,1.7154926000000001,12
sub-10585,stranger,0.0,0.6923076923076923,4.923076923076923,1.6012845,13
sub-10585,stranger,1.0,0.7142857142857143,4.428571428571429,1.4924103,14
sub-10589,computer,0.0,0.6428571428571429,3.857142857142857,1.650951,14
sub-10589,computer,1.0,0.6153846153846154,4.461538461538462,1.7454365,13
sub-10589,friend,0.0,0.9230769230769231,6.0,1.8209608,13
sub-10589,friend,1.0,0.9285714285714286,5.0,1.72916205,14
sub-10589,stranger,0.0,0.5714285714285714,3.5714285714285716,1.71716925,14
sub-10589,stranger,1.0,0.6153846153846154,4.615384615384615,1.692761,13
sub-10590,computer,0.0,0.06666666666666667,1.3333333333333333,1.8225818,15
sub-10590,computer,1.0,0.18181818181818182,2.5454545454545454,1.7606391,11
sub-10590,friend,0.0,0.8,5.466666666666667,1.6813053,15
sub-10590,friend,1.0,1.0,6.166666666666667,1.7125907,12
sub-10590,stranger,0.0,0.2857142857142857,2.857142857142857,1.88800265,14
sub-10590,stranger,1.0,0.6923076923076923,4.0,1.7657111,13
sub-10596,computer,0.0,0.42857142857142855,2.5714285714285716,1.981856,14
sub-10596,computer,1.0,0.45454545454545453,3.8181818181818183,1.665387,11
sub-10596,friend,0.0,1.0,6.461538461538462,1.7713948,13
sub-10596,friend,1.0,0.9285714285714286,5.142857142857143,1.69594395,14
sub-10596,stranger,0.0,0.8461538461538461,5.076923076923077,2.0915973,13
sub-10596,stranger,1.0,1.0,6.142857142857143,1.7316153,14
sub-10603,computer,0.0,0.2857142857142857,2.5714285714285716,2.0719875,14
sub-10603,computer,1.0,0.3076923076923077,2.769230769230769,2.0533085,13
sub-10603,friend,0.0,0.6,4.4,2.065037,15
sub-10603,friend,1.0,0.75,5.0,2.0230776500000003,12
sub-10603,stranger,0.0,0.17647058823529413,1.8823529411764706,2.232645,17
sub-10603,stranger,1.0,0.1,2.4,1.8613924,10
sub-10606,computer,0.0,1.0,5.384615384615385,1.6431673,13
sub-10606,computer,1.0,1.0,6.166666666666667,1.6908215,12
sub-10606,friend,0.0,1.0,6.3076923076923075,1.5337048,13
sub-10606,friend,1.0,1.0,5.571428571428571,1.59060025,14
sub-10606,stranger,0.0,0.9230769230769231,5.230769230769231,1.7832817,13
sub-10606,stranger,1.0,1.0,6.0,1.7674432,13
sub-10608,computer,0.0,0.0,2.4,1.7085247,5
sub-10608,computer,1.0,0.125,1.0,1.62478885,8
sub-10608,friend,0.0,1.0,6.857142857142857,1.4415461,7
sub-10608,friend,1.0,1.0,4.666666666666667,1.4901199,6
sub-10608,stranger,0.0,0.0,1.7142857142857142,1.7924758,7
sub-10608,stranger,1.0,0.3333333333333333,1.6666666666666667,1.5443981500000001,6
sub-10617,computer,0.0,0.5714285714285714,3.7142857142857144,1.9741822,7
sub-10617,computer,1.0,0.3333333333333333,3.0,2.0540589000000002,6
sub-10617,friend,0.0,0.7142857142857143,5.428571428571429,2.1417854,7
sub-10617,friend,1.0,0.8333333333333334,3.6666666666666665,1.9739974,6
sub-10617,stranger,0.0,0.8333333333333334,4.666666666666667,2.00435365,6
sub-10617,stranger,1.0,0.5714285714285714,4.571428571428571,2.0055306,7
sub-10636,computer,0.0,1.0,5.6923076923076925,1.6292791,13
sub-10636,computer,1.0,0.7142857142857143,4.857142857142857,1.5777361,14
sub-10636,friend,0.0,1.0,6.666666666666667,1.5548834500000002,12
sub-10636,friend,1.0,0.9285714285714286,5.428571428571429,1.5130339,14
sub-10636,stranger,0.0,0.7857142857142857,4.571428571428571,1.5079281,14
sub-10636,stranger,1.0,1.0,6.5,1.46750825,12
sub-10638,computer,0.0,1.0,5.714285714285714,1.9316389,14
sub-10638,computer,1.0,0.9166666666666666,6.166666666666667,1.91778855,12
sub-10638,friend,0.0,1.0,6.461538461538462,1.7851312,13
sub-10638,friend,1.0,1.0,5.428571428571429,1.8913199,14
sub-10638,stranger,0.0,0.9230769230769231,5.076923076923077,1.7774396,13
sub-10638,stranger,1.0,1.0,6.428571428571429,1.6931129,14
sub-10640,computer,0.0,0.125,1.5,1.7856132,16
sub-10640,computer,1.0,0.45454545454545453,4.0,2.0028625,11
sub-10640,friend,0.0,0.5,3.5714285714285716,1.99051075,14
sub-10640,friend,1.0,0.6923076923076923,4.153846153846154,1.7844776,13
sub-10640,stranger,0.0,0.06666666666666667,1.3333333333333333,1.8452122,15
sub-10640,stranger,1.0,0.2727272727272727,2.909090909090909,1.9972605,11
sub-10641,computer,0.0,0.3333333333333333,3.0,1.6273884,6
sub-10641,computer,1.0,0.8571428571428571,4.571428571428571,2.0352852,7
sub-10641,friend,0.0,1.0,6.285714285714286,1.5545729,7
sub-10641,friend,1.0,1.0,6.333333333333333,1.5085673499999999,6
sub-10641,stranger,0.0,0.0,1.6666666666666667,1.62153185,6
sub-10641,stranger,1.0,0.42857142857142855,2.5714285714285716,1.7231685,7
sub-10642,computer,0.0,0.0,1.2307692307692308,1.4331663,13
sub-10642,computer,1.0,0.0,1.4285714285714286,1.4341053,14
sub-10642,friend,0.0,1.0,5.857142857142857,1.4158482000000001,14
sub-10642,friend,1.0,1.0,6.0,1.4229921,13
sub-10642,stranger,0.0,0.23076923076923078,1.8461538461538463,1.459463,13
sub-10642,stranger,1.0,0.07142857142857142,1.8571428571428572,1.38600175,14
sub-10644,computer,0.0,0.06666666666666667,1.3333333333333333,1.9798799,15
sub-10644,computer,1.0,0.2,2.8,1.81573385,10
sub-10644,friend,0.0,1.0,5.6923076923076925,1.9396718,13
sub-10644,friend,1.0,1.0,6.142857142857143,1.7966999000000001,14
sub-10644,stranger,0.0,0.08333333333333333,1.8333333333333333,1.8571775499999998,12
sub-10644,stranger,1.0,0.25,2.8333333333333335,1.7544990999999999,12
sub-10647,computer,0.0,0.09090909090909091,1.6363636363636365,1.4635776,11
sub-10647,computer,1.0,0.0,1.25,1.4887396000000002,16
sub-10647,friend,0.0,0.125,2.125,1.5773483000000001,16
sub-10647,friend,1.0,0.5,2.8,1.5521202,10
sub-10647,stranger,0.0,0.07692307692307693,1.6923076923076923,1.5002989,13
sub-10647,stranger,1.0,0.07142857142857142,1.4285714285714286,1.5416975499999999,14
sub-10649,computer,0.0,0.9285714285714286,5.571428571428571,1.785282,14
sub-10649,computer,1.0,1.0,5.777777777777778,1.82954,9
sub-10649,friend,0.0,1.0,6.333333333333333,1.7978540500000002,12
sub-10649,friend,1.0,0.9166666666666666,5.333333333333333,1.8019482,12
sub-10649,stranger,0.0,1.0,5.384615384615385,1.8918889,13
sub-10649,stranger,1.0,1.0,6.428571428571429,1.7718848999999999,14
sub-10652,computer,0.0,0.5,4.0,1.88566495,12
sub-10652,computer,1.0,0.7857142857142857,4.714285714285714,1.73433495,14
sub-10652,friend,0.0,0.7857142857142857,5.142857142857143,1.86425105,14
sub-10652,friend,1.0,0.9230769230769231,5.076923076923077,1.6715484,13
sub-10652,stranger,0.0,0.5384615384615384,3.6923076923076925,1.8190564,13
sub-10652,stranger,1.0,0.5714285714285714,4.285714285714286,1.87107085,14
sub-10656,computer,0.0,0.0,1.1764705882352942,1.5524611,17
sub-10656,computer,1.0,0.0,1.8,1.6664702500000002,10
sub-10656,friend,0.0,0.45454545454545453,3.090909090909091,1.6845263,11
sub-10656,friend,1.0,0.4375,2.375,1.76761215,16
sub-10656,stranger,0.0,0.26666666666666666,2.2666666666666666,1.7204584,15
sub-10656,stranger,1.0,0.25,2.6666666666666665,1.6827499000000001,12
sub-10657,computer,0.0,0.4166666666666667,3.0,2.1791126,12
sub-10657,computer,1.0,0.7857142857142857,5.571428571428571,2.24309135,14
sub-10657,friend,0.0,0.4,3.8666666666666667,2.0635931,15
sub-10657,friend,1.0,0.5833333333333334,3.8333333333333335,2.2313447,12
sub-10657,stranger,0.0,0.42857142857142855,3.0,1.9272192000000001,14
sub-10657,stranger,1.0,0.9166666666666666,5.333333333333333,2.3402039,12
sub-10661,computer,0.0,1.0,5.285714285714286,1.4089364500000001,14
sub-10661,computer,1.0,1.0,6.923076923076923,1.4258447,13
sub-10661,friend,0.0,1.0,5.6923076923076925,1.4199837,13
sub-10661,friend,1.0,1.0,6.142857142857143,1.3909585,14
sub-10661,stranger,0.0,0.7333333333333333,5.066666666666666,1.548266,15
sub-10661,stranger,1.0,0.9166666666666666,5.333333333333333,1.45163855,12
sub-10663,computer,0.0,0.08333333333333333,2.1666666666666665,1.8882843,12
sub-10663,computer,1.0,0.25,2.5,1.8681323,12
sub-10663,friend,0.0,0.3,3.4,1.86846655,10
sub-10663,friend,1.0,0.6923076923076923,4.615384615384615,1.9721273,13
sub-10663,stranger,0.0,0.3333333333333333,3.0,2.1692525,12
sub-10663,stranger,1.0,0.5,3.5714285714285716,1.9667086,14
sub-10668,computer,0.0,0.5,2.0,2.1590036,4
sub-10668,computer,1.0,0.3333333333333333,3.0,2.27518675,6
sub-10668,friend,0.0,1.0,5.333333333333333,1.8680599500000001,6
sub-10668,friend,1.0,0.6666666666666666,4.666666666666667,2.2372021,6
sub-10668,stranger,0.0,0.5,3.0,2.1152903,4
sub-10668,stranger,1.0,0.6,5.2,2.022269,5
sub-10673,computer,0.0,0.23529411764705882,2.7058823529411766,1.5204433,17
sub-10673,computer,1.0,0.8,5.4,1.3400221,10
sub-10673,friend,0.0,0.6666666666666666,5.333333333333333,1.6693520999999998,12
sub-10673,friend,1.0,0.5333333333333333,3.066666666666667,1.6534106,15
sub-10673,stranger,0.0,0.45454545454545453,4.0,1.367966,11
sub-10673,stranger,1.0,0.4375,3.25,1.5494179,16
sub-10674,computer,0.0,1.0,5.285714285714286,1.65361585,14
sub-10674,computer,1.0,1.0,6.923076923076923,1.5101695,13
sub-10674,friend,0.0,1.0,5.6923076923076925,1.5047684,13
sub-10674,friend,1.0,1.0,6.142857142857143,1.5283487500000001,14
sub-10674,stranger,0.0,1.0,6.857142857142857,1.5797295500000001,14
sub-10674,stranger,1.0,1.0,5.384615384615385,1.5916499,13
sub-10677,computer,0.0,0.2857142857142857,2.857142857142857,1.76189545,14
sub-10677,computer,1.0,0.46153846153846156,3.5384615384615383,2.0329227,13
sub-10677,friend,0.0,0.8181818181818182,5.090909090909091,1.6655802,11
sub-10677,friend,1.0,0.8461538461538461,4.615384615384615,1.8344198,13
sub-10677,stranger,0.0,0.2,2.2666666666666666,1.8552325,15
sub-10677,stranger,1.0,0.5,4.0,1.8950051499999998,12
sub-10685,computer,0.0,0.058823529411764705,1.2941176470588236,1.9332275,17
sub-10685,computer,1.0,0.1,2.4,1.8106504,10
sub-10685,friend,0.0,1.0,6.181818181818182,1.8090407,11
sub-10685,friend,1.0,0.8666666666666667,5.333333333333333,1.6959895,15
sub-10685,stranger,0.0,0.13333333333333333,2.0,2.0489056,15
sub-10685,stranger,1.0,0.3333333333333333,3.1666666666666665,2.01361205,12
sub-10690,computer,0.0,0.3333333333333333,2.6666666666666665,1.8421246,6
sub-10690,computer,1.0,0.5,4.0,1.62936035,6
sub-10690,friend,0.0,0.7142857142857143,4.285714285714286,2.0061932,7
sub-10690,friend,1.0,0.8333333333333334,5.333333333333333,2.11744655,6
sub-10690,stranger,0.0,0.8,4.8,2.0421975,5
sub-10690,stranger,1.0,0.5714285714285714,3.7142857142857144,1.9119236,7
sub-10691,computer,0.0,0.9333333333333333,5.2,1.8090957,15
sub-10691,computer,1.0,0.9166666666666666,6.5,1.8310145,12
sub-10691,friend,0.0,1.0,5.6923076923076925,1.7417634,13
sub-10691,friend,1.0,0.9285714285714286,5.714285714285714,1.7727145,14
sub-10691,stranger,0.0,1.0,6.857142857142857,1.73870305,14
sub-10691,stranger,1.0,0.8461538461538461,4.923076923076923,1.9069669,13
sub-10700,computer,0.0,0.1875,2.375,1.5148881,16
sub-10700,computer,1.0,0.09090909090909091,1.4545454545454546,1.6091418,11
sub-10700,friend,0.0,0.7692307692307693,5.230769230769231,1.4833874,13
sub-10700,friend,1.0,0.7857142857142857,5.571428571428571,1.5160525,14
sub-10700,stranger,0.0,0.0,2.2222222222222223,1.6007392,9
sub-10700,stranger,1.0,0.1111111111111111,1.7777777777777777,1.53261255,18
sub-10701,computer,0.0,0.2727272727272727,3.272727272727273,1.6070553,11
sub-10701,computer,1.0,0.125,1.375,1.5937639,16
sub-10701,friend,0.0,0.07142857142857142,1.7142857142857142,1.6170783,14
sub-10701,friend,1.0,0.15384615384615385,2.4615384615384617,1.5139294,13
sub-10701,stranger,0.0,0.2727272727272727,2.909090909090909,1.6244951,11
sub-10701,stranger,1.0,0.26666666666666666,2.4,1.8146896,15
sub-10713,computer,0.0,0.3333333333333333,2.4,2.2778316,15
sub-10713,computer,1.0,0.7272727272727273,5.090909090909091,2.077263,11
sub-10713,friend,0.0,0.38461538461538464,3.230769230769231,2.389933,13
sub-10713,friend,1.0,0.38461538461538464,3.230769230769231,2.120045,13
sub-10713,stranger,0.0,0.07692307692307693,1.8461538461538463,2.1795251,13
sub-10713,stranger,1.0,0.15384615384615385,1.6923076923076923,1.8685594,13
sub-10716,computer,0.0,0.375,2.5,1.79196665,16
sub-10716,computer,1.0,0.6363636363636364,5.2727272727272725,1.8863579,11
sub-10716,friend,0.0,0.6923076923076923,4.923076923076923,1.7558784,13
sub-10716,friend,1.0,0.5,3.142857142857143,1.7320449999999998,14
sub-10716,stranger,0.0,0.6153846153846154,3.6923076923076925,1.6993293,13
sub-10716,stranger,1.0,0.5714285714285714,4.428571428571429,1.85124,14
sub-10718,computer,0.0,1.0,6.615384615384615,1.5019131,13
sub-10718,computer,1.0,1.0,5.714285714285714,1.5953068,14
sub-10718,friend,0.0,1.0,6.285714285714286,1.5896603,14
sub-10718,friend,1.0,0.9230769230769231,5.230769230769231,1.5511343,13
sub-10718,stranger,0.0,1.0,5.857142857142857,1.5338428,14
sub-10718,stranger,1.0,1.0,6.461538461538462,1.5453676,13
sub-10720,computer,0.0,0.3125,2.625,1.5703086,16
sub-10720,computer,1.0,0.45454545454545453,3.090909090909091,1.828072,11
sub-10720,friend,0.0,0.7692307692307693,5.076923076923077,1.5059733,13
sub-10720,friend,1.0,0.8571428571428571,4.857142857142857,1.50846495,14
sub-10720,stranger,0.0,0.5,4.0,1.5857191,12
sub-10720,stranger,1.0,0.6666666666666666,4.4,1.4640968,15
sub-10723,computer,0.0,0.5,3.857142857142857,2.01791205,14
sub-10723,computer,1.0,0.5,2.5,2.2237099000000002,12
sub-10723,friend,0.0,0.5384615384615384,3.6923076923076925,1.8784949,13
sub-10723,friend,1.0,0.42857142857142855,4.0,1.9812164,14
sub-10723,stranger,0.0,0.5,3.3333333333333335,1.8107511,12
sub-10723,stranger,1.0,0.4,2.533333333333333,2.0581295,15
sub-10741,computer,0.0,0.5,3.6666666666666665,1.8060825,12
sub-10741,computer,1.0,0.4,2.933333333333333,2.0178835,15
sub-10741,friend,0.0,0.6153846153846154,5.230769230769231,2.1275985,13
sub-10741,friend,1.0,0.6923076923076923,4.0,2.029241,13
sub-10741,stranger,0.0,0.2857142857142857,2.5714285714285716,1.74822345,14
sub-10741,stranger,1.0,0.38461538461538464,2.769230769230769,2.0186524,13
sub-10748,computer,0.0,0.7692307692307693,4.3076923076923075,1.684712,13
sub-10748,computer,1.0,0.8571428571428571,6.0,1.7931254,14
sub-10748,friend,0.0,0.7857142857142857,5.142857142857143,1.6232465500000002,14
sub-10748,friend,1.0,1.0,5.384615384615385,1.5526111,13
sub-10748,stranger,0.0,0.5,4.285714285714286,1.6693666999999999,14
sub-10748,stranger,1.0,0.7692307692307693,4.3076923076923075,1.6258763,13
sub-10767,computer,0.0,0.0,1.2,1.5639327,15
sub-10767,computer,1.0,0.0,1.8181818181818181,1.718239,11
sub-10767,friend,0.0,1.0,5.857142857142857,1.5099056,14
sub-10767,friend,1.0,1.0,6.3076923076923075,1.4820088,13
sub-10767,stranger,0.0,0.38461538461538464,3.5384615384615383,1.7850416,13
sub-10767,stranger,1.0,0.6428571428571429,3.7142857142857144,1.97862815,14
sub-10770,computer,0.0,0.8571428571428571,6.0,1.870237,14
sub-10770,computer,1.0,0.8333333333333334,4.333333333333333,1.9575412,12
sub-10770,friend,0.0,0.7857142857142857,5.0,1.8767825,14
sub-10770,friend,1.0,0.5384615384615384,3.6923076923076925,1.8331283,13
sub-10770,stranger,0.0,0.6153846153846154,3.6923076923076925,1.8348778,13
sub-10770,stranger,1.0,0.6923076923076923,4.461538461538462,1.93132,13
sub-10777,computer,0.0,0.0,1.25,1.3075228,8
sub-10777,computer,1.0,0.0,1.4285714285714286,1.6857456,7
sub-10777,friend,0.0,1.0,5.333333333333333,1.460851,6
sub-10777,friend,1.0,1.0,6.285714285714286,1.4963915,7
sub-10777,stranger,0.0,0.25,1.5,1.47647755,8
sub-10777,stranger,1.0,0.4,3.6,1.5976489,5
sub-10781,computer,0.0,0.25,3.0,1.4765565999999999,8
sub-10781,computer,1.0,0.16666666666666666,2.0,1.59283675,18
sub-10781,friend,0.0,0.9285714285714286,6.571428571428571,1.36988845,14
sub-10781,friend,1.0,1.0,4.833333333333333,1.37534805,12
sub-10781,stranger,0.0,0.0,1.5714285714285714,1.50897945,14
sub-10781,stranger,1.0,0.07692307692307693,1.5384615384615385,1.4866447,13
sub-10783,computer,0.0,0.07142857142857142,1.8571428571428572,1.72868775,14
sub-10783,computer,1.0,0.0,1.0,1.87562945,12
sub-10783,friend,0.0,0.7857142857142857,4.714285714285714,2.05730325,14
sub-10783,friend,1.0,0.3333333333333333,2.8333333333333335,1.98366805,12
sub-10783,stranger,0.0,0.1,2.2,1.7292803,10
sub-10783,stranger,1.0,0.125,1.375,1.8453761,16
sub-10785,computer,0.0,0.4166666666666667,2.8333333333333335,1.80487225,12
sub-10785,computer,1.0,0.2857142857142857,2.4285714285714284,1.9413547,14
sub-10785,friend,0.0,0.3076923076923077,3.3846153846153846,2.1055732,13
sub-10785,friend,1.0,0.42857142857142855,2.2857142857142856,1.8534500999999999,14
sub-10785,stranger,0.0,0.3333333333333333,2.3333333333333335,1.9425427000000002,12
sub-10785,stranger,1.0,0.26666666666666666,2.6666666666666665,2.0272672,15
sub-10794,computer,0.0,0.5,3.0,2.11064665,14
sub-10794,computer,1.0,0.4166666666666667,3.3333333333333335,2.1116752500000002,12
sub-10794,friend,0.0,0.5384615384615384,4.3076923076923075,2.176641,13
sub-10794,friend,1.0,0.7857142857142857,3.857142857142857,2.0972289,14
sub-10794,stranger,0.0,0.2,2.4,2.100783,15
sub-10794,stranger,1.0,0.5,2.8333333333333335,1.890662,12
sub-10800,computer,0.0,0.9285714285714286,5.571428571428571,1.6586786999999998,14
sub-10800,computer,1.0,0.9166666666666666,6.0,1.52845715,12
sub-10800,friend,0.0,0.6153846153846154,4.615384615384615,1.6681486,13
sub-10800,friend,1.0,0.7857142857142857,4.714285714285714,1.6096884,14
sub-10800,stranger,0.0,0.7272727272727273,4.181818181818182,1.7493621,11
sub-10800,stranger,1.0,0.9230769230769231,6.3076923076923075,1.491756,13
sub-10801,computer,0.0,0.6428571428571429,4.857142857142857,1.9018169,14
sub-10801,computer,1.0,0.6153846153846154,4.153846153846154,1.8601935,13
sub-10801,friend,0.0,1.0,5.857142857142857,1.84543655,14
sub-10801,friend,1.0,0.9230769230769231,6.153846153846154,1.778764,13
sub-10801,stranger,0.0,0.9230769230769231,5.384615384615385,1.8586091,13
sub-10801,stranger,1.0,0.9285714285714286,5.714285714285714,2.04116915,14
sub-10802,computer,0.0,0.3125,2.5,2.1452063,16
sub-10802,computer,1.0,0.6363636363636364,3.6363636363636362,2.1658347,11
sub-10802,friend,0.0,0.8461538461538461,4.923076923076923,1.9941047,13
sub-10802,friend,1.0,0.6428571428571429,4.428571428571429,2.0049721,14
sub-10802,stranger,0.0,0.4,3.2,1.9463727,15
sub-10802,stranger,1.0,0.5,3.1666666666666665,2.0049441,12
sub-10803,computer,0.0,0.5714285714285714,2.857142857142857,1.5899218,7
sub-10803,computer,1.0,0.6666666666666666,4.333333333333333,1.7108595000000002,6
sub-10803,friend,0.0,0.375,3.5,1.6070448499999999,8
sub-10803,friend,1.0,0.6,2.4,1.4783915,5
sub-10803,stranger,0.0,1.0,5.6,1.4770935,5
sub-10803,stranger,1.0,0.5,3.5,1.6197641,8
sub-10804,computer,0.0,0.5833333333333334,4.833333333333333,1.73143325,12
sub-10804,computer,1.0,0.6666666666666666,4.133333333333334,1.8293843,15
sub-10804,friend,0.0,0.9230769230769231,6.615384615384615,1.9012493,13
sub-10804,friend,1.0,0.8333333333333334,4.333333333333333,1.61831525,12
sub-10804,stranger,0.0,0.8333333333333334,6.0,1.8485826,12
sub-10804,stranger,1.0,0.7142857142857143,4.285714285714286,1.5573313999999998,14
sub-10806,computer,0.0,0.06666666666666667,1.3333333333333333,1.9469116,15
sub-10806,computer,1.0,0.0,1.8181818181818181,2.1093206,11
sub-10806,friend,0.0,0.75,4.5,1.73036565,12
sub-10806,friend,1.0,0.9230769230769231,6.0,1.6716619,13
sub-10806,stranger,0.0,0.2857142857142857,3.142857142857143,1.9393257,14
sub-10806,stranger,1.0,0.6923076923076923,4.0,2.124261,13
sub-10807,computer,0.0,0.9230769230769231,5.076923076923077,1.961399,13
sub-10807,computer,1.0,0.8333333333333334,6.333333333333333,1.9152315999999998,12
sub-10807,friend,0.0,1.0,6.153846153846154,1.9232368,13
sub-10807,friend,1.0,1.0,6.0,1.8833258,14
sub-10807,stranger,0.0,0.7692307692307693,5.230769230769231,1.9954631,13
sub-10807,stranger,1.0,1.0,5.384615384615385,1.8373448,13
sub-10809,computer,0.0,0.07142857142857142,1.5714285714285714,1.84371785,14
sub-10809,computer,1.0,0.23076923076923078,2.4615384615384617,1.7409813,13
sub-10809,friend,0.0,0.5833333333333334,4.0,1.78677275,12
sub-10809,friend,1.0,0.6,4.0,1.7194023,15
sub-10809,stranger,0.0,0.125,1.75,1.78079395,16
sub-10809,stranger,1.0,0.1,2.0,1.6503075,10
sub-10810,computer,0.0,0.6923076923076923,5.846153846153846,2.0720787,13
sub-10810,computer,1.0,0.9285714285714286,4.857142857142857,2.1737107499999997,14
sub-10810,friend,0.0,1.0,5.538461538461538,1.8687288,13
sub-10810,friend,1.0,1.0,6.285714285714286,1.9379746500000001,14
sub-10810,stranger,0.0,0.9285714285714286,5.714285714285714,2.0464608999999996,14
sub-10810,stranger,1.0,0.8461538461538461,5.538461538461538,2.0200596,13
sub-10812,computer,0.0,0.42857142857142855,3.142857142857143,1.94717445,14
sub-10812,computer,1.0,0.6153846153846154,4.153846153846154,1.9269735,13
sub-10812,friend,0.0,0.9285714285714286,6.428571428571429,1.7855444,14
sub-10812,friend,1.0,0.9230769230769231,5.076923076923077,1.853936,13
sub-10812,stranger,0.0,0.6666666666666666,4.533333333333333,1.7573304,15
sub-10812,stranger,1.0,0.4166666666666667,3.6666666666666665,2.03892665,12
sub-10817,computer,0.0,0.13333333333333333,2.2666666666666666,1.6077803,15
sub-10817,computer,1.0,0.5833333333333334,3.3333333333333335,1.62705,12
sub-10817,friend,0.0,0.8571428571428571,5.142857142857143,1.58392015,14
sub-10817,friend,1.0,0.9230769230769231,6.153846153846154,1.6272845,13
sub-10817,stranger,0.0,0.42857142857142855,2.4285714285714284,1.68340425,14
sub-10817,stranger,1.0,0.3076923076923077,3.8461538461538463,1.4883425,13
sub-10827,computer,0.0,0.36363636363636365,2.727272727272727,2.0535033,11
sub-10827,computer,1.0,0.5714285714285714,4.0,1.8520956,7
sub-10827,friend,0.0,0.7777777777777778,4.888888888888889,1.7038785,9
sub-10827,friend,1.0,0.75,6.0,2.0418151499999997,8
sub-10827,stranger,0.0,0.42857142857142855,3.4285714285714284,1.7884943,7
sub-10827,stranger,1.0,0.3,2.4,1.8353736,10
sub-10831,computer,0.0,0.6153846153846154,4.615384615384615,1.4192314,13
sub-10831,computer,1.0,0.5714285714285714,3.142857142857143,1.4048053,14
sub-10831,friend,0.0,0.8461538461538461,5.230769230769231,1.3747226,13
sub-10831,friend,1.0,0.7142857142857143,4.428571428571429,1.33277395,14
sub-10831,stranger,0.0,0.7142857142857143,4.428571428571429,1.4141856,14
sub-10831,stranger,1.0,0.6923076923076923,4.461538461538462,1.3802755,13
sub-10834,computer,0.0,1.0,5.846153846153846,1.4072347,13
sub-10834,computer,1.0,1.0,6.0,1.34525545,14
sub-10834,friend,0.0,0.9285714285714286,5.714285714285714,1.30191365,14
sub-10834,friend,1.0,1.0,5.846153846153846,1.3891039,13
sub-10834,stranger,0.0,1.0,6.142857142857143,1.3092046499999999,14
sub-10834,stranger,1.0,0.9230769230769231,5.6923076923076925,1.3376456,13
sub-10836,computer,0.0,0.4,3.2,2.2172928,5
sub-10836,computer,1.0,0.7142857142857143,4.285714285714286,1.8996435,7
sub-10836,friend,0.0,0.5,3.0,1.87095765,6
sub-10836,friend,1.0,0.5714285714285714,4.285714285714286,2.0500941,7
sub-10836,stranger,0.0,0.6,4.4,1.685731,5
sub-10836,stranger,1.0,0.375,3.25,2.02991515,8
sub-10838,computer,0.0,0.46153846153846156,3.5384615384615383,1.0396903,13
sub-10838,computer,1.0,0.7272727272727273,5.090909090909091,0.9520463,11
sub-10838,friend,0.0,0.38461538461538464,3.230769230769231,0.9565086,13
sub-10838,friend,1.0,0.4444444444444444,3.7777777777777777,0.9128718,9
sub-10838,stranger,0.0,0.38461538461538464,3.6923076923076925,1.0461122,13
sub-10838,stranger,1.0,0.5,3.0,1.0124505,12
sub-10843,computer,0.0,0.3333333333333333,2.533333333333333,2.1285212,15
sub-10843,computer,1.0,0.3333333333333333,3.0,2.063377,12
sub-10843,friend,0.0,0.3076923076923077,3.076923076923077,2.014616,13
sub-10843,friend,1.0,0.35714285714285715,2.7142857142857144,1.9628913,14
sub-10843,stranger,0.0,0.6363636363636364,4.545454545454546,2.067397,11
sub-10843,stranger,1.0,0.4375,2.75,1.9755078,16
sub-10850,computer,0.0,0.9285714285714286,5.285714285714286,1.5887874,14
sub-10850,computer,1.0,0.8333333333333334,5.833333333333333,1.5921180499999998,12
sub-10850,friend,0.0,0.7692307692307693,5.076923076923077,1.3919657,13
sub-10850,friend,1.0,1.0,5.857142857142857,1.3539713500000001,14
sub-10850,stranger,0.0,0.8666666666666667,4.666666666666667,1.4380826,15
sub-10850,stranger,1.0,0.8333333333333334,6.333333333333333,1.46873515,12
sub-10854,computer,0.0,0.46153846153846156,3.3846153846153846,1.8548518,13
sub-10854,computer,1.0,0.42857142857142855,3.857142857142857,1.8009,14
sub-10854,friend,0.0,0.8571428571428571,5.142857142857143,1.78563975,14
sub-10854,friend,1.0,0.9230769230769231,5.384615384615385,1.6824465,13
sub-10854,stranger,0.0,0.2857142857142857,2.7142857142857144,2.0272663499999997,14
sub-10854,stranger,1.0,0.46153846153846156,2.6153846153846154,1.5695924,13
sub-10857,computer,0.0,0.25,2.5,1.60399825,12
sub-10857,computer,1.0,0.3333333333333333,2.0,1.659247,15
sub-10857,friend,0.0,1.0,7.076923076923077,1.551941,13
sub-10857,friend,1.0,1.0,5.142857142857143,1.42443105,14
sub-10857,stranger,0.0,0.2,2.1333333333333333,1.7378289,15
sub-10857,stranger,1.0,0.45454545454545453,3.090909090909091,1.6101359,11
sub-10858,computer,0.0,0.058823529411764705,1.6470588235294117,2.000764,17
sub-10858,computer,1.0,0.2,2.2,2.2594037,10
sub-10858,friend,0.0,1.0,5.571428571428571,1.97229725,14
sub-10858,friend,1.0,1.0,6.5,1.99434025,12
sub-10858,stranger,0.0,0.9285714285714286,5.571428571428571,2.0186176,14
sub-10858,stranger,1.0,0.9230769230769231,5.538461538461538,2.0249052,13
sub-10860,computer,0.0,0.8666666666666667,4.933333333333334,2.013784,15
sub-10860,computer,1.0,1.0,6.333333333333333,1.9285326999999999,12
sub-10860,friend,0.0,1.0,6.428571428571429,1.6147999,14
sub-10860,friend,1.0,1.0,5.6923076923076925,1.7116778,13
sub-10860,stranger,0.0,0.8181818181818182,4.363636363636363,2.2840574,11
sub-10860,stranger,1.0,0.6428571428571429,4.857142857142857,1.81045145,14
sub-10862,computer,0.0,0.2857142857142857,2.857142857142857,2.42956785,14
sub-10862,computer,1.0,0.6153846153846154,4.153846153846154,2.5644283,13
sub-10862,friend,0.0,0.9285714285714286,6.285714285714286,2.16196945,14
sub-10862,friend,1.0,1.0,5.666666666666667,2.1499417000000003,12
sub-10862,stranger,0.0,0.6666666666666666,4.166666666666667,2.3341890999999997,12
sub-10862,stranger,1.0,0.8461538461538461,5.076923076923077,2.171918,13
sub-10863,computer,0.0,0.8125,5.0,1.6541477,16
sub-10863,computer,1.0,0.9090909090909091,5.454545454545454,1.6977147,11
sub-10863,friend,0.0,1.0,6.153846153846154,1.6322649,13
sub-10863,friend,1.0,1.0,6.0,1.5109041,13
sub-10863,stranger,0.0,1.0,6.615384615384615,1.5913948,13
sub-10863,stranger,1.0,1.0,5.285714285714286,1.4783817,14
sub-10866,computer,0.0,0.5,3.25,1.878371,16
sub-10866,computer,1.0,0.5,4.6,1.76486835,10
sub-10866,friend,0.0,0.7692307692307693,4.461538461538462,1.7614232,13
sub-10866,friend,1.0,0.6428571428571429,4.428571428571429,1.8365463499999999,14
sub-10866,stranger,0.0,0.6923076923076923,4.153846153846154,1.7389631,13
sub-10866,stranger,1.0,0.42857142857142855,3.2857142857142856,1.7074862999999998,14
sub-10875,computer,0.0,0.9333333333333333,6.266666666666667,1.3761032,15
sub-10875,computer,1.0,1.0,5.666666666666667,1.3253792500000001,12
sub-10875,friend,0.0,1.0,6.153846153846154,1.3023846,13
sub-10875,friend,1.0,1.0,6.0,1.2709036999999999,14
sub-10875,stranger,0.0,0.9230769230769231,5.538461538461538,1.3165252,13
sub-10875,stranger,1.0,1.0,6.0,1.3108564,14
sub-10881,computer,0.0,0.0,1.3333333333333333,2.1838663,6
sub-10881,computer,1.0,0.25,3.5,2.4403074,4
sub-10881,friend,0.0,0.16666666666666666,1.6666666666666667,2.2915503,6
sub-10881,friend,1.0,0.5,3.0,2.0390892,6
sub-10881,stranger,0.0,0.4,1.6,2.1200993,5
sub-10881,stranger,1.0,0.14285714285714285,3.142857142857143,2.2995577,7
sub-10886,computer,0.0,0.5714285714285714,4.857142857142857,1.8344778,7
sub-10886,computer,1.0,0.8,4.0,1.7442133,5
sub-10886,friend,0.0,0.6666666666666666,5.0,1.7448578000000001,6
sub-10886,friend,1.0,0.8333333333333334,5.333333333333333,1.9691116499999999,6
sub-10886,stranger,0.0,0.5,3.75,1.83487605,8
sub-10886,stranger,1.0,0.5,4.0,1.5480873000000002,4
sub-10887,computer,0.0,0.4,2.6666666666666665,1.4931726,15
sub-10887,computer,1.0,1.0,5.666666666666667,1.3708578,12
sub-10887,friend,0.0,0.38461538461538464,3.230769230769231,1.3956827,13
sub-10887,friend,1.0,0.8571428571428571,5.857142857142857,1.32963435,14
sub-10887,stranger,0.0,0.6,4.133333333333334,1.4409842,15
sub-10887,stranger,1.0,0.9166666666666666,5.833333333333333,1.4475769500000002,12
sub-10896,computer,0.0,0.42857142857142855,2.857142857142857,1.7125143999999999,14
sub-10896,computer,1.0,0.5833333333333334,3.5,1.8240922,12
sub-10896,friend,0.0,0.8333333333333334,5.666666666666667,1.6022121,12
sub-10896,friend,1.0,1.0,5.857142857142857,1.6394597499999999,14
sub-10896,stranger,0.0,0.42857142857142855,3.142857142857143,1.70589935,14
sub-10896,stranger,1.0,0.4166666666666667,3.6666666666666665,1.6569262999999999,12
sub-10897,computer,0.0,0.25,3.5,1.66316105,4
sub-10897,computer,1.0,0.1111111111111111,1.5555555555555556,1.5263327,9
sub-10897,friend,0.0,1.0,6.571428571428571,1.4739428,7
sub-10897,friend,1.0,1.0,4.4,1.5001391,5
sub-10897,stranger,0.0,1.0,5.428571428571429,1.5774301,7
sub-10897,stranger,1.0,0.8333333333333334,5.333333333333333,1.7129378499999999,6
sub-10898,computer,0.0,0.2777777777777778,2.7777777777777777,2.16448415,18
sub-10898,computer,1.0,0.7142857142857143,5.142857142857143,1.8940737,7
sub-10898,friend,0.0,0.6666666666666666,4.5,1.9870197,12
sub-10898,friend,1.0,1.0,6.615384615384615,1.9467838,13
sub-10898,stranger,0.0,0.6428571428571429,3.857142857142857,2.2132521,14
sub-10898,stranger,1.0,0.9166666666666666,5.333333333333333,1.83205965,12
sub-10908,computer,0.0,0.6923076923076923,5.538461538461538,1.3258134,13
sub-10908,computer,1.0,0.7857142857142857,4.428571428571429,1.64684795,14
sub-10908,friend,0.0,0.7857142857142857,4.857142857142857,1.68331125,14
sub-10908,friend,1.0,0.6666666666666666,4.833333333333333,1.5562065,12
sub-10908,stranger,0.0,0.7692307692307693,4.769230769230769,1.3553512,13
sub-10908,stranger,1.0,0.7142857142857143,4.714285714285714,1.7369142,14
sub-10918,computer,0.0,0.08333333333333333,1.6666666666666667,1.42768045,12
sub-10918,computer,1.0,0.0,1.3333333333333333,1.4896026,15
sub-10918,friend,0.0,0.6428571428571429,3.2857142857142856,1.51878795,14
sub-10918,friend,1.0,0.46153846153846156,4.3076923076923075,1.4077895,13
sub-10918,stranger,0.0,0.21428571428571427,1.7142857142857142,1.5045749499999999,14
sub-10918,stranger,1.0,0.15384615384615385,2.1538461538461537,1.4449325,13
sub-10924,computer,0.0,1.0,5.857142857142857,1.9638276499999998,14
sub-10924,computer,1.0,1.0,6.0,1.8512619,13
sub-10924,friend,0.0,0.9285714285714286,5.714285714285714,1.7830778,14
sub-10924,friend,1.0,1.0,5.846153846153846,1.7390327,13
sub-10924,stranger,0.0,1.0,6.571428571428571,2.0006879499999997,14
sub-10924,stranger,1.0,1.0,5.6923076923076925,1.8194996,13
sub-10926,computer,0.0,0.14285714285714285,2.5714285714285716,1.7694575,7
sub-10926,computer,1.0,0.0,1.2,1.8505127,5
sub-10926,friend,0.0,0.8571428571428571,4.571428571428571,1.9342314,7
sub-10926,friend,1.0,0.8333333333333334,5.0,1.8049312,6
sub-10926,stranger,0.0,0.25,2.5,1.67112225,4
sub-10926,stranger,1.0,0.2857142857142857,2.2857142857142856,1.6401511,7
sub-10928,computer,0.0,0.0,1.1111111111111112,2.010147,9
sub-10928,computer,1.0,0.0,2.6666666666666665,1.4279612,3
sub-10928,friend,0.0,0.5714285714285714,3.4285714285714284,2.167109,7
sub-10928,friend,1.0,0.8333333333333334,6.0,2.0042691,6
sub-10928,stranger,0.0,0.0,1.4285714285714286,1.9127873,7
sub-10928,stranger,1.0,0.0,1.3333333333333333,1.81426115,6
sub-10929,computer,0.0,0.3333333333333333,3.6666666666666665,1.78634225,6
sub-10929,computer,1.0,0.8571428571428571,5.142857142857143,2.1696796,7
sub-10929,friend,0.0,0.8333333333333334,4.333333333333333,1.7339207,6
sub-10929,friend,1.0,0.8571428571428571,6.571428571428571,1.535013,7
sub-10929,stranger,0.0,0.42857142857142855,2.857142857142857,1.6766338,7
sub-10929,stranger,1.0,0.3333333333333333,3.0,1.62684995,6
sub-10930,computer,0.0,0.2857142857142857,2.857142857142857,2.0643965,14
sub-10930,computer,1.0,0.5,3.1666666666666665,2.100135,12
sub-10930,friend,0.0,1.0,6.461538461538462,1.7079628,13
sub-10930,friend,1.0,0.9285714285714286,5.428571428571429,1.6313623,14
sub-10930,stranger,0.0,0.6153846153846154,4.153846153846154,1.8247688,13
sub-10930,stranger,1.0,0.5714285714285714,4.714285714285714,1.9802970000000002,14
sub-10938,computer,0.0,0.4166666666666667,3.5,1.8645554,12
sub-10938,computer,1.0,0.7857142857142857,5.0,1.9484746,14
sub-10938,friend,0.0,1.0,6.285714285714286,1.73345005,14
sub-10938,friend,1.0,0.9230769230769231,5.230769230769231,1.802603,13
sub-10938,stranger,0.0,0.75,5.666666666666667,1.869683,12
sub-10938,stranger,1.0,0.7857142857142857,4.571428571428571,1.8204211,14
sub-10940,computer,0.0,0.7272727272727273,5.818181818181818,1.8343875,11
sub-10940,computer,1.0,0.875,4.625,2.1894274,16
sub-10940,friend,0.0,0.7333333333333333,4.933333333333334,1.8330524,15
sub-10940,friend,1.0,0.75,3.8333333333333335,1.9206083,12
sub-10940,stranger,0.0,0.5,3.5,1.9726783,16
sub-10940,stranger,1.0,0.6363636363636364,4.545454545454546,2.0647721,11
sub-10950,computer,0.0,0.75,4.5,1.5454832,12
sub-10950,computer,1.0,0.7333333333333333,4.4,1.5401133,15
sub-10950,friend,0.0,0.7142857142857143,3.857142857142857,1.6008687,14
sub-10950,friend,1.0,0.9230769230769231,6.3076923076923075,1.4964733,13
sub-10950,stranger,0.0,0.6923076923076923,5.384615384615385,1.4450352,13
sub-10950,stranger,1.0,0.7142857142857143,3.7142857142857144,1.5118928,14
sub-10951,computer,0.0,0.26666666666666666,1.6,1.9656004,15
sub-10951,computer,1.0,0.16666666666666666,2.3333333333333335,2.07822595,12
sub-10951,friend,0.0,1.0,6.142857142857143,1.73424735,14
sub-10951,friend,1.0,1.0,5.6923076923076925,1.8670512,13
sub-10951,stranger,0.0,0.07142857142857142,1.4285714285714286,1.9476277,14
sub-10951,stranger,1.0,0.0,1.5384615384615385,1.8515936,13
sub-10952,computer,0.0,1.0,6.333333333333333,2.3145016500000004,6
sub-10952,computer,1.0,0.8571428571428571,4.857142857142857,1.8084695,7
sub-10952,friend,0.0,1.0,7.333333333333333,1.72278895,6
sub-10952,friend,1.0,1.0,4.571428571428571,1.5221933,7
sub-10952,stranger,0.0,0.8333333333333334,4.666666666666667,1.7221901499999999,6
sub-10952,stranger,1.0,0.7142857142857143,4.857142857142857,2.105657,7
sub-10953,computer,0.0,0.0,1.125,1.70683085,16
sub-10953,computer,1.0,0.09090909090909091,2.1818181818181817,1.9053724,11
sub-10953,friend,0.0,0.9285714285714286,6.857142857142857,1.78445965,14
sub-10953,friend,1.0,1.0,4.769230769230769,1.7582179,13
sub-10953,stranger,0.0,0.0,1.8,1.6909405,10
sub-10953,stranger,1.0,0.0,1.125,1.85415475,16
sub-10954,computer,0.0,0.42857142857142855,4.0,1.134185,7
sub-10954,computer,1.0,0.6,3.0,0.9730131,10
sub-10954,friend,0.0,0.25,2.0,1.3168033000000001,8
sub-10954,friend,1.0,0.5,3.75,0.7388237,8
sub-10954,stranger,0.0,0.2727272727272727,3.8181818181818183,0.7235109,11
sub-10954,stranger,1.0,0.7272727272727273,4.181818181818182,0.9291857,11
sub-10956,computer,0.0,0.13333333333333333,2.1333333333333333,1.5449532,15
sub-10956,computer,1.0,0.08333333333333333,1.5,1.4442922,12
sub-10956,friend,0.0,1.0,6.3076923076923075,1.4042577,13
sub-10956,friend,1.0,1.0,5.857142857142857,1.4288793499999999,14
sub-10956,stranger,0.0,0.5384615384615384,3.5384615384615383,1.496548,13
sub-10956,stranger,1.0,0.35714285714285715,2.7142857142857144,1.55752615,14
sub-10958,computer,0.0,0.23076923076923078,3.076923076923077,1.8749496,13
sub-10958,computer,1.0,0.23076923076923078,1.8461538461538463,1.6469709,13
sub-10958,friend,0.0,0.8181818181818182,5.2727272727272725,1.8808602,11
sub-10958,friend,1.0,0.5,3.625,1.60827265,16
sub-10958,stranger,0.0,0.2,2.4,1.73609275,10
sub-10958,stranger,1.0,0.25,2.125,1.6417807999999998,16
sub-10969,computer,0.0,0.42857142857142855,3.2857142857142856,1.58616585,14
sub-10969,computer,1.0,0.6923076923076923,4.615384615384615,1.5984176,13
sub-10969,friend,0.0,0.4166666666666667,3.3333333333333335,1.6302348,12
sub-10969,friend,1.0,0.4666666666666667,4.133333333333334,1.5824991,15
sub-10969,stranger,0.0,0.21428571428571427,3.2857142857142856,1.568628,14
sub-10969,stranger,1.0,0.38461538461538464,2.6153846153846154,1.7584225,13
sub-10974,computer,0.0,0.8333333333333334,5.0,2.4082083,6
sub-10974,computer,1.0,0.6,2.8,2.1544898,5
sub-10974,friend,0.0,0.8571428571428571,5.142857142857143,2.0740447,7
sub-10974,friend,1.0,0.6,4.8,2.1591473,5
sub-10974,stranger,0.0,0.2,2.0,2.266562,5
sub-10974,stranger,1.0,1.0,5.428571428571429,2.182572,7
sub-10977,computer,0.0,0.14285714285714285,2.0,1.6616606,7
sub-10977,computer,1.0,0.16666666666666666,2.0,1.68576645,6
sub-10977,friend,0.0,0.8333333333333334,5.333333333333333,1.83524755,6
sub-10977,friend,1.0,0.7142857142857143,5.142857142857143,1.6978089,7
sub-10977,stranger,0.0,0.0,1.7142857142857142,1.6369185,7
sub-10977,stranger,1.0,0.16666666666666666,1.3333333333333333,1.51251485,6
sub-10983,computer,0.0,0.2857142857142857,1.8571428571428572,1.7039027,14
sub-10983,computer,1.0,0.15384615384615385,2.0,1.6364789,13
sub-10983,friend,0.0,0.3333333333333333,3.1666666666666665,1.68953715,12
sub-10983,friend,1.0,0.6428571428571429,4.0,1.74764665,14
sub-10983,stranger,0.0,0.18181818181818182,2.1818181818181817,1.6156682,11
sub-10983,stranger,1.0,0.38461538461538464,3.076923076923077,1.847612,13
sub-10984,computer,0.0,0.5384615384615384,3.230769230769231,2.1422255,13
sub-10984,computer,1.0,0.14285714285714285,2.142857142857143,2.38278555,14
sub-10984,friend,0.0,1.0,5.714285714285714,1.8078012,14
sub-10984,friend,1.0,0.9166666666666666,6.166666666666667,1.9878157,12
sub-10984,stranger,0.0,0.4,3.4,2.0274805000000002,10
sub-10984,stranger,1.0,0.4,3.2,2.046542,15
sub-11005,computer,0.0,0.7272727272727273,4.363636363636363,0.9238883,11
sub-11005,computer,1.0,0.5625,4.25,1.34536455,16
sub-11005,friend,0.0,0.5,3.375,1.40270705,16
sub-11005,friend,1.0,0.4,3.2,1.2190997,10
sub-11005,stranger,0.0,0.5333333333333333,4.666666666666667,0.9747484,15
sub-11005,stranger,1.0,0.7,4.2,1.03477155,10
sub-11031,computer,0.0,0.4375,3.5,1.87728115,16
sub-11031,computer,1.0,0.5454545454545454,3.272727272727273,1.452465,11
sub-11031,friend,0.0,0.5,3.8333333333333335,1.72135075,12
sub-11031,friend,1.0,0.7857142857142857,4.428571428571429,1.635862,14
sub-11031,stranger,0.0,0.21428571428571427,2.142857142857143,1.61346565,14
sub-11031,stranger,1.0,0.15384615384615385,1.6923076923076923,1.586761,13
