parameter,Mean,MCSE,StdDev,MAD,5%,50%,95%,ESS_bulk,ESS_tail,ESS_bulk/s,R_hat,run,n_subjects,divergences,metric,chains,warmup_per_chain,draws_per_chain,adapt_delta,max_depth_hits,min_bfmi,passed
mu[1],-2.32778,0.00294014,0.228993,0.217506,-2.73142,-2.30861,-1.98656,6019.95,15651.5,1.62003,1.00077,H7_train_noage,111,0,diag_e,4,3000,8000,0.99,0,0.7024913443240909,True
mu[2],-0.961248,0.00116627,0.131588,0.129586,-1.18303,-0.958483,-0.750492,12851.1,18065.4,3.45836,1.00055,H7_train_noage,111,0,diag_e,4,3000,8000,0.99,0,0.7024913443240909,True
mu[3],3.51149,0.0038502,0.432023,0.426306,2.83725,3.49125,4.25457,12651.0,19680.6,3.40451,1.00041,H7_train_noage,111,0,diag_e,4,3000,8000,0.99,0,0.7024913443240909,True
mu[4],-0.190236,0.00386436,0.467105,0.460703,-0.974416,-0.179424,0.555782,14707.8,19944.4,3.95803,1.00019,H7_train_noage,111,0,diag_e,4,3000,8000,0.99,0,0.7024913443240909,True
tau[1],0.719434,0.00534252,0.298566,0.291968,0.194093,0.72718,1.20045,2978.69,1703.17,0.801596,1.0013,H7_train_noage,111,0,diag_e,4,3000,8000,0.99,0,0.7024913443240909,True
tau[2],1.06251,0.00132728,0.113387,0.112072,0.887975,1.05575,1.25994,7332.24,15758.9,1.97318,1.00058,H7_train_noage,111,0,diag_e,4,3000,8000,0.99,0,0.7024913443240909,True
tau[3],2.676,0.00263661,0.331933,0.33029,2.1631,2.65852,3.24634,15859.3,21903.1,4.26789,1.00038,H7_train_noage,111,0,diag_e,4,3000,8000,0.99,0,0.7024913443240909,True
tau[4],3.60969,0.00237302,0.413642,0.411446,2.95783,3.59328,4.31791,30375.0,25934.2,8.17423,1.0001,H7_train_noage,111,0,diag_e,4,3000,8000,0.99,0,0.7024913443240909,True
"natural[1,1]",0.0916258,0.000415786,0.0581289,0.0445865,0.0223873,0.0811106,0.201988,17972.0,22341.8,4.83645,1.00026,H7_train_noage,111,0,diag_e,4,3000,8000,0.99,0,0.7024913443240909,True
"natural[1,2]",0.814012,0.00196852,0.40712,0.378621,0.267382,0.752626,1.564,38454.3,22869.8,10.3484,0.99996,H7_train_noage,111,0,diag_e,4,3000,8000,0.99,0,0.7024913443240909,True
"natural[1,3]",4.03937,0.00841235,1.46069,1.41854,1.9664,3.87318,6.68956,33723.6,22519.4,9.07537,1.00013,H7_train_noage,111,0,diag_e,4,3000,8000,0.99,0,0.7024913443240909,True
"natural[1,4]",0.360214,0.00259613,0.42781,0.271646,0.012192,0.263921,0.992092,37449.7,22282.8,10.0781,1.00002,H7_train_noage,111,0,diag_e,4,3000,8000,0.99,0,0.7024913443240909,True
"natural[2,1]",0.117175,0.000503338,0.072009,0.0525194,0.0333127,0.101119,0.254148,20832.6,21178.0,5.60627,1.00045,H7_train_noage,111,0,diag_e,4,3000,8000,0.99,0,0.7024913443240909,True
"natural[2,2]",0.37166,0.0011891,0.228411,0.208271,0.0859936,0.325282,0.809627,30864.6,20937.2,8.306,1.00017,H7_train_noage,111,0,diag_e,4,3000,8000,0.99,0,0.7024913443240909,True
"natural[2,3]",3.57718,0.0103942,1.66188,1.53124,1.41066,3.30627,6.66693,30729.5,20065.4,8.26963,1.00003,H7_train_noage,111,0,diag_e,4,3000,8000,0.99,0,0.7024913443240909,True
"natural[2,4]",0.621936,0.00692508,0.997227,0.339845,0.00790606,0.268048,2.48138,42802.8,20556.1,11.5187,1.00009,H7_train_noage,111,0,diag_e,4,3000,8000,0.99,0,0.7024913443240909,True
"natural[3,1]",0.142041,0.000950214,0.0929619,0.0664405,0.0382837,0.118898,0.326206,7920.29,18633.4,2.13143,1.00021,H7_train_noage,111,0,diag_e,4,3000,8000,0.99,0,0.7024913443240909,True
"natural[3,2]",0.120389,0.000514322,0.0921881,0.0616812,0.0290919,0.0937402,0.303419,30801.4,22016.5,8.28897,1.00017,H7_train_noage,111,0,diag_e,4,3000,8000,0.99,0,0.7024913443240909,True
"natural[3,3]",4.23836,0.0136774,2.37448,2.4742,0.914895,3.96299,8.55077,32245.8,24545.9,8.67768,1.00017,H7_train_noage,111,0,diag_e,4,3000,8000,0.99,0,0.7024913443240909,True
"natural[3,4]",3.07742,0.0125103,2.44277,2.42481,0.0845666,2.61191,7.75465,41718.2,21966.7,11.2268,1.00012,H7_train_noage,111,0,diag_e,4,3000,8000,0.99,0,0.7024913443240909,True
"natural[4,1]",0.0683041,0.000373779,0.0401886,0.03685,0.0162904,0.0629349,0.138267,10260.3,21471.3,2.76116,1.00021,H7_train_noage,111,0,diag_e,4,3000,8000,0.99,0,0.7024913443240909,True
"natural[4,2]",0.398736,0.00119736,0.212975,0.190238,0.131731,0.359308,0.802131,30542.9,23217.0,8.2194,1.00003,H7_train_noage,111,0,diag_e,4,3000,8000,0.99,0,0.7024913443240909,True
"natural[4,3]",5.41472,0.0103376,1.69295,1.64346,2.94181,5.24696,8.44909,28689.8,22607.8,7.72072,1.0002,H7_train_noage,111,0,diag_e,4,3000,8000,0.99,0,0.7024913443240909,True
"natural[4,4]",1.51032,0.00679527,1.13738,0.792224,0.243388,1.23387,3.75984,36357.4,21455.6,9.78415,1.00011,H7_train_noage,111,0,diag_e,4,3000,8000,0.99,0,0.7024913443240909,True
"natural[5,1]",0.124502,0.000681096,0.0837747,0.0556409,0.0341413,0.103808,0.284297,14819.3,21777.6,3.98803,1.00022,H7_train_noage,111,0,diag_e,4,3000,8000,0.99,0,0.7024913443240909,True
"natural[5,2]",0.469675,0.00207462,0.337035,0.316194,0.0637409,0.400971,1.11138,19642.9,16566.1,5.28612,0.999927,H7_train_noage,111,0,diag_e,4,3000,8000,0.99,0,0.7024913443240909,True
"natural[5,3]",1.55435,0.0120615,1.41256,0.720162,0.289175,1.11493,4.48001,22485.1,14203.0,6.05097,1.00001,H7_train_noage,111,0,diag_e,4,3000,8000,0.99,0,0.7024913443240909,True
"natural[5,4]",0.390466,0.00781345,0.981938,0.0825858,0.000957952,0.0585845,2.00617,25228.9,17643.8,6.78937,0.999961,H7_train_noage,111,0,diag_e,4,3000,8000,0.99,0,0.7024913443240909,True
"natural[6,1]",0.114326,0.000489709,0.0678708,0.0523839,0.0312095,0.100192,0.24501,18294.7,19951.3,4.92329,1.00011,H7_train_noage,111,0,diag_e,4,3000,8000,0.99,0,0.7024913443240909,True
"natural[6,2]",0.399772,0.00117208,0.223231,0.203793,0.117131,0.35817,0.825281,31042.3,21392.2,8.3538,1.00009,H7_train_noage,111,0,diag_e,4,3000,8000,0.99,0,0.7024913443240909,True
"natural[6,3]",3.65169,0.00998539,1.57294,1.47968,1.57322,3.41004,6.59926,31291.1,19663.2,8.42077,1.00011,H7_train_noage,111,0,diag_e,4,3000,8000,0.99,0,0.7024913443240909,True
"natural[6,4]",0.49682,0.00484584,0.73097,0.309974,0.00941335,0.258136,1.77766,40270.2,21182.1,10.8371,0.999991,H7_train_noage,111,0,diag_e,4,3000,8000,0.99,0,0.7024913443240909,True
"natural[7,1]",0.0870479,0.00052291,0.0530298,0.0450913,0.0200966,0.0786751,0.185884,9051.55,20001.6,2.43587,1.00092,H7_train_noage,111,0,diag_e,4,3000,8000,0.99,0,0.7024913443240909,True
"natural[7,2]",0.324702,0.000707464,0.154035,0.136862,0.128777,0.297472,0.618038,50851.2,22752.8,13.6846,1.00009,H7_train_noage,111,0,diag_e,4,3000,8000,0.99,0,0.7024913443240909,True
"natural[7,3]",7.24857,0.0108625,2.03749,1.98896,4.13326,7.09736,10.8009,36480.2,24966.3,9.81721,1.00007,H7_train_noage,111,0,diag_e,4,3000,8000,0.99,0,0.7024913443240909,True
"natural[7,4]",5.22879,0.0100778,2.14879,2.10091,2.18367,4.97506,9.11625,55225.5,23839.2,14.8618,1.00011,H7_train_noage,111,0,diag_e,4,3000,8000,0.99,0,0.7024913443240909,True
"natural[8,1]",0.11413,0.000666717,0.0765166,0.0541556,0.0282878,0.0965432,0.262239,11627.6,20138.7,3.1291,1.00031,H7_train_noage,111,0,diag_e,4,3000,8000,0.99,0,0.7024913443240909,True
"natural[8,2]",0.1905,0.000656395,0.122397,0.105527,0.0468905,0.163199,0.427082,30039.5,23177.9,8.08394,1.0,H7_train_noage,111,0,diag_e,4,3000,8000,0.99,0,0.7024913443240909,True
"natural[8,3]",4.22712,0.0118733,1.98122,1.86014,1.56689,3.92656,7.91952,33007.9,22286.1,8.88276,1.00004,H7_train_noage,111,0,diag_e,4,3000,8000,0.99,0,0.7024913443240909,True
"natural[8,4]",1.54349,0.010862,1.73232,1.11986,0.0295659,0.944621,5.17494,41194.8,21770.0,11.086,0.999969,H7_train_noage,111,0,diag_e,4,3000,8000,0.99,0,0.7024913443240909,True
"natural[9,1]",0.138632,0.00110077,0.0971563,0.0659362,0.0339875,0.11312,0.327744,7163.91,17610.6,1.92788,1.00051,H7_train_noage,111,0,diag_e,4,3000,8000,0.99,0,0.7024913443240909,True
"natural[9,2]",0.116218,0.000467327,0.0845132,0.067628,0.0239637,0.0943751,0.28332,30463.9,24116.8,8.19815,1.00008,H7_train_noage,111,0,diag_e,4,3000,8000,0.99,0,0.7024913443240909,True
"natural[9,3]",3.54475,0.0136898,2.23687,2.14798,0.641353,3.13799,7.83589,31509.0,22046.0,8.47941,1.00031,H7_train_noage,111,0,diag_e,4,3000,8000,0.99,0,0.7024913443240909,True
"natural[9,4]",1.54626,0.012841,1.98146,0.981178,0.0117884,0.722538,5.84189,41550.3,22655.9,11.1816,1.00027,H7_train_noage,111,0,diag_e,4,3000,8000,0.99,0,0.7024913443240909,True
"natural[10,1]",0.19851,0.00146001,0.141288,0.101945,0.0496284,0.153806,0.49757,7535.72,19185.4,2.02794,1.00008,H7_train_noage,111,0,diag_e,4,3000,8000,0.99,0,0.7024913443240909,True
"natural[10,2]",0.181644,0.000798968,0.145224,0.105319,0.0354898,0.139073,0.473368,29326.8,24567.7,7.89214,1.00018,H7_train_noage,111,0,diag_e,4,3000,8000,0.99,0,0.7024913443240909,True
"natural[10,3]",3.6545,0.0140883,2.26182,2.22801,0.721007,3.23645,7.95142,30455.4,22929.0,8.19586,1.00018,H7_train_noage,111,0,diag_e,4,3000,8000,0.99,0,0.7024913443240909,True
"natural[10,4]",1.86859,0.0128544,2.13969,1.42458,0.0117498,1.05358,6.34974,38244.0,24133.5,10.2919,1.00005,H7_train_noage,111,0,diag_e,4,3000,8000,0.99,0,0.7024913443240909,True
"natural[11,1]",0.104837,0.000327597,0.0418213,0.0399695,0.0429978,0.100314,0.18019,15738.5,21712.5,4.23539,1.00015,H7_train_noage,111,0,diag_e,4,3000,8000,0.99,0,0.7024913443240909,True
"natural[11,2]",2.15064,0.00410959,0.743783,0.702556,1.10109,2.05945,3.52294,30828.4,25851.8,8.29623,1.00033,H7_train_noage,111,0,diag_e,4,3000,8000,0.99,0,0.7024913443240909,True
"natural[11,3]",0.708781,0.0017909,0.24817,0.233588,0.276185,0.714841,1.10207,19308.7,19234.0,5.19616,1.00005,H7_train_noage,111,0,diag_e,4,3000,8000,0.99,0,0.7024913443240909,True
"natural[11,4]",0.0234852,0.000267892,0.043066,0.00821562,0.000135775,0.00597596,0.112734,23841.6,23851.3,6.41603,1.00009,H7_train_noage,111,0,diag_e,4,3000,8000,0.99,0,0.7024913443240909,True
"natural[12,1]",0.110051,0.000668422,0.0715767,0.0521482,0.0279971,0.0948599,0.243325,11466.2,19722.9,3.08567,1.00046,H7_train_noage,111,0,diag_e,4,3000,8000,0.99,0,0.7024913443240909,True
"natural[12,2]",0.289355,0.00117589,0.212881,0.190185,0.0447821,0.238336,0.707099,23263.1,19535.3,6.26034,1.00008,H7_train_noage,111,0,diag_e,4,3000,8000,0.99,0,0.7024913443240909,True
"natural[12,3]",2.15961,0.0133919,1.73195,1.22143,0.352569,1.63623,5.69956,24501.6,16828.5,6.59363,1.00027,H7_train_noage,111,0,diag_e,4,3000,8000,0.99,0,0.7024913443240909,True
"natural[12,4]",0.547023,0.00869818,1.12376,0.17911,0.00206469,0.128287,2.64157,31845.5,18511.7,8.56995,1.00002,H7_train_noage,111,0,diag_e,4,3000,8000,0.99,0,0.7024913443240909,True
"natural[13,1]",0.079228,0.00028225,0.0448839,0.0390144,0.0204573,0.073728,0.160702,21598.5,21695.0,5.81238,1.00026,H7_train_noage,111,0,diag_e,4,3000,8000,0.99,0,0.7024913443240909,True
"natural[13,2]",0.792979,0.0022589,0.40947,0.391222,0.235222,0.734753,1.54292,28405.8,19411.9,7.64431,1.00001,H7_train_noage,111,0,diag_e,4,3000,8000,0.99,0,0.7024913443240909,True
"natural[13,3]",1.95699,0.00794771,1.09947,0.826284,0.778413,1.6754,4.10728,30029.0,17225.6,8.08111,1.00002,H7_train_noage,111,0,diag_e,4,3000,8000,0.99,0,0.7024913443240909,True
"natural[13,4]",0.143832,0.00185006,0.27288,0.0746294,0.00140452,0.0559786,0.526599,37835.0,23218.3,10.1818,1.00002,H7_train_noage,111,0,diag_e,4,3000,8000,0.99,0,0.7024913443240909,True
"natural[14,1]",0.200643,0.00157795,0.135441,0.105959,0.0536595,0.162102,0.475775,5932.1,16059.3,1.59639,1.00046,H7_train_noage,111,0,diag_e,4,3000,8000,0.99,0,0.7024913443240909,True
"natural[14,2]",0.247019,0.00114555,0.174563,0.171635,0.0346136,0.21282,0.581013,18528.2,19859.6,4.98614,1.0002,H7_train_noage,111,0,diag_e,4,3000,8000,0.99,0,0.7024913443240909,True
"natural[14,3]",1.70602,0.0157878,1.87627,1.01195,0.104317,1.01603,5.85614,20609.3,17805.7,5.54617,1.00012,H7_train_noage,111,0,diag_e,4,3000,8000,0.99,0,0.7024913443240909,True
"natural[14,4]",1.13808,0.0126909,1.74829,0.565624,0.00124693,0.387306,4.95214,22086.4,21131.4,5.94369,1.00025,H7_train_noage,111,0,diag_e,4,3000,8000,0.99,0,0.7024913443240909,True
"natural[15,1]",0.118292,0.000655381,0.0704714,0.0560035,0.0320546,0.103488,0.25449,10308.1,18907.9,2.77402,1.00032,H7_train_noage,111,0,diag_e,4,3000,8000,0.99,0,0.7024913443240909,True
"natural[15,2]",0.192252,0.000523888,0.101457,0.0845043,0.0718691,0.170679,0.385049,34053.1,24486.1,9.16403,0.999957,H7_train_noage,111,0,diag_e,4,3000,8000,0.99,0,0.7024913443240909,True
"natural[15,3]",5.80826,0.0113646,2.0546,2.01158,2.77982,5.6211,9.4736,34761.8,24568.5,9.35476,1.00008,H7_train_noage,111,0,diag_e,4,3000,8000,0.99,0,0.7024913443240909,True
"natural[15,4]",3.96075,0.0108881,2.10146,1.99065,1.14984,3.6353,7.86105,47204.8,22412.3,12.7033,0.999955,H7_train_noage,111,0,diag_e,4,3000,8000,0.99,0,0.7024913443240909,True
"natural[16,1]",0.0917681,0.000441985,0.0561844,0.0460173,0.0216407,0.0822531,0.198364,14107.6,19865.3,3.7965,1.00014,H7_train_noage,111,0,diag_e,4,3000,8000,0.99,0,0.7024913443240909,True
"natural[16,2]",0.374101,0.000848825,0.174433,0.167194,0.136569,0.349083,0.699972,38907.1,23465.2,10.4703,1.00005,H7_train_noage,111,0,diag_e,4,3000,8000,0.99,0,0.7024913443240909,True
"natural[16,3]",5.21225,0.00977487,1.60763,1.54472,2.89131,5.03027,8.10826,29828.2,23969.3,8.02708,0.999986,H7_train_noage,111,0,diag_e,4,3000,8000,0.99,0,0.7024913443240909,True
"natural[16,4]",0.976432,0.00545788,0.902866,0.613676,0.0749009,0.749883,2.65566,35988.0,23221.3,9.68475,1.00003,H7_train_noage,111,0,diag_e,4,3000,8000,0.99,0,0.7024913443240909,True
"natural[17,1]",0.0798301,0.000320381,0.0434005,0.038344,0.0208745,0.0747898,0.157361,15889.6,20394.0,4.27605,1.00016,H7_train_noage,111,0,diag_e,4,3000,8000,0.99,0,0.7024913443240909,True
"natural[17,2]",1.02266,0.00237748,0.46286,0.429569,0.391711,0.959184,1.87503,35644.9,23874.1,9.59242,0.999993,H7_train_noage,111,0,diag_e,4,3000,8000,0.99,0,0.7024913443240909,True
"natural[17,3]",3.97683,0.00763414,1.40916,1.36206,1.96721,3.8218,6.5233,38045.2,24646.7,10.2384,1.0001,H7_train_noage,111,0,diag_e,4,3000,8000,0.99,0,0.7024913443240909,True
"natural[17,4]",0.337552,0.00151363,0.268062,0.225792,0.0211112,0.302796,0.76821,31482.9,22558.2,8.47238,0.999991,H7_train_noage,111,0,diag_e,4,3000,8000,0.99,0,0.7024913443240909,True
"natural[18,1]",0.103105,0.000515446,0.0624856,0.0490537,0.0271122,0.0916181,0.219566,13476.4,21100.4,3.62663,1.00038,H7_train_noage,111,0,diag_e,4,3000,8000,0.99,0,0.7024913443240909,True
"natural[18,2]",0.259369,0.000702012,0.137562,0.115143,0.0978383,0.229275,0.519999,36453.3,26130.0,9.80997,1.00004,H7_train_noage,111,0,diag_e,4,3000,8000,0.99,0,0.7024913443240909,True
"natural[18,3]",5.69806,0.011603,2.03122,2.00576,2.70368,5.51797,9.34073,32406.7,24229.0,8.72098,1.0,H7_train_noage,111,0,diag_e,4,3000,8000,0.99,0,0.7024913443240909,True
"natural[18,4]",3.7174,0.0106097,1.98084,1.8666,1.17066,3.36175,7.48961,45622.3,22250.1,12.2774,1.00006,H7_train_noage,111,0,diag_e,4,3000,8000,0.99,0,0.7024913443240909,True
"natural[19,1]",0.112509,0.000442825,0.066044,0.0511892,0.0315162,0.0987134,0.239009,21419.8,20155.5,5.76428,1.00014,H7_train_noage,111,0,diag_e,4,3000,8000,0.99,0,0.7024913443240909,True
"natural[19,2]",0.422881,0.00101757,0.199451,0.191679,0.150743,0.392496,0.79556,34187.7,21669.2,9.20028,1.00006,H7_train_noage,111,0,diag_e,4,3000,8000,0.99,0,0.7024913443240909,True
"natural[19,3]",3.32876,0.00888362,1.42108,1.3246,1.45071,3.10448,5.98646,31687.4,21267.2,8.52741,0.999973,H7_train_noage,111,0,diag_e,4,3000,8000,0.99,0,0.7024913443240909,True
"natural[19,4]",0.31058,0.0029396,0.4644,0.196593,0.00670434,0.162272,1.08034,43157.3,23962.4,11.6141,1.00005,H7_train_noage,111,0,diag_e,4,3000,8000,0.99,0,0.7024913443240909,True
"natural[20,1]",0.10049,0.000651391,0.0662084,0.0524435,0.0222303,0.0870102,0.229416,8996.24,20810.4,2.42098,1.00053,H7_train_noage,111,0,diag_e,4,3000,8000,0.99,0,0.7024913443240909,True
"natural[20,2]",0.259172,0.000553259,0.113091,0.102618,0.112497,0.239718,0.473685,40751.6,23514.0,10.9667,1.00003,H7_train_noage,111,0,diag_e,4,3000,8000,0.99,0,0.7024913443240909,True
"natural[20,3]",7.28203,0.0104684,1.93614,1.89574,4.36474,7.13555,10.6708,36885.8,24323.1,9.92636,0.999997,H7_train_noage,111,0,diag_e,4,3000,8000,0.99,0,0.7024913443240909,True
"natural[20,4]",4.55842,0.00986042,1.98302,1.89422,1.83886,4.28204,8.24919,49701.8,24720.5,13.3753,1.00016,H7_train_noage,111,0,diag_e,4,3000,8000,0.99,0,0.7024913443240909,True
"natural[21,1]",0.0745999,0.00044504,0.0446853,0.0401333,0.0165381,0.068254,0.159179,9206.12,19523.0,2.47746,1.00027,H7_train_noage,111,0,diag_e,4,3000,8000,0.99,0,0.7024913443240909,True
"natural[21,2]",2.5549,0.00638283,1.2313,0.997962,1.08122,2.3328,4.76504,42363.7,24092.2,11.4005,1.00008,H7_train_noage,111,0,diag_e,4,3000,8000,0.99,0,0.7024913443240909,True
"natural[21,3]",3.00943,0.0077692,1.27167,1.1971,1.3498,2.78948,5.40369,29862.4,24288.9,8.03627,1.00004,H7_train_noage,111,0,diag_e,4,3000,8000,0.99,0,0.7024913443240909,True
"natural[21,4]",0.0736966,0.000472836,0.0884109,0.0498086,0.00112025,0.0384483,0.264047,35158.6,28016.7,9.46155,1.00007,H7_train_noage,111,0,diag_e,4,3000,8000,0.99,0,0.7024913443240909,True
"natural[22,1]",0.117079,0.000506045,0.0681612,0.0520439,0.0347994,0.102672,0.247647,18123.2,20980.3,4.87715,1.00032,H7_train_noage,111,0,diag_e,4,3000,8000,0.99,0,0.7024913443240909,True
"natural[22,2]",0.309186,0.00106847,0.205004,0.17099,0.0744402,0.260866,0.707232,32192.1,22683.1,8.66323,0.999996,H7_train_noage,111,0,diag_e,4,3000,8000,0.99,0,0.7024913443240909,True
"natural[22,3]",4.29079,0.0114323,1.85889,1.76162,1.77802,4.01539,7.73278,31861.1,20699.1,8.57416,1.00001,H7_train_noage,111,0,diag_e,4,3000,8000,0.99,0,0.7024913443240909,True
"natural[22,4]",1.41345,0.00984435,1.51193,0.988424,0.040298,0.928061,4.54642,38568.2,20453.2,10.3791,0.999972,H7_train_noage,111,0,diag_e,4,3000,8000,0.99,0,0.7024913443240909,True
"natural[23,1]",0.0894208,0.000525269,0.0553726,0.0461849,0.0206012,0.0802364,0.193093,9340.77,19425.9,2.5137,1.00037,H7_train_noage,111,0,diag_e,4,3000,8000,0.99,0,0.7024913443240909,True
"natural[23,2]",0.26336,0.000522406,0.114488,0.103341,0.115684,0.243663,0.47749,47983.1,24573.5,12.9128,1.00006,H7_train_noage,111,0,diag_e,4,3000,8000,0.99,0,0.7024913443240909,True
"natural[23,3]",7.27298,0.0103846,1.95569,1.91768,4.33314,7.13398,10.7289,36891.4,24761.1,9.92785,1.00011,H7_train_noage,111,0,diag_e,4,3000,8000,0.99,0,0.7024913443240909,True
"natural[23,4]",4.78663,0.00978823,2.02796,1.95633,1.995,4.51617,8.5127,52877.6,24907.0,14.2299,1.00017,H7_train_noage,111,0,diag_e,4,3000,8000,0.99,0,0.7024913443240909,True
"natural[24,1]",0.0924426,0.000623977,0.0581218,0.0490922,0.0204519,0.0817632,0.203753,7490.96,18066.5,2.0159,1.00056,H7_train_noage,111,0,diag_e,4,3000,8000,0.99,0,0.7024913443240909,True
"natural[24,2]",0.293395,0.000554088,0.115545,0.107431,0.138592,0.275717,0.510486,45097.1,24084.0,12.1361,1.00005,H7_train_noage,111,0,diag_e,4,3000,8000,0.99,0,0.7024913443240909,True
"natural[24,3]",7.85877,0.0107907,2.03201,1.997,4.79408,7.70341,11.4172,36795.5,24766.0,9.90206,1.00007,H7_train_noage,111,0,diag_e,4,3000,8000,0.99,0,0.7024913443240909,True
"natural[24,4]",5.95517,0.00972064,2.12859,2.08459,2.85803,5.73341,9.80724,55862.5,24286.6,15.0332,1.00022,H7_train_noage,111,0,diag_e,4,3000,8000,0.99,0,0.7024913443240909,True
"natural[25,1]",0.106875,0.000422272,0.0615308,0.0473804,0.0318153,0.0939512,0.224587,22461.0,21440.0,6.04449,1.00027,H7_train_noage,111,0,diag_e,4,3000,8000,0.99,0,0.7024913443240909,True
"natural[25,2]",1.20952,0.00251312,0.465795,0.451951,0.520894,1.16838,2.03337,31842.0,21019.2,8.56902,1.00008,H7_train_noage,111,0,diag_e,4,3000,8000,0.99,0,0.7024913443240909,True
"natural[25,3]",1.25335,0.00366028,0.558487,0.396298,0.660393,1.12313,2.28994,32385.0,23240.8,8.71515,0.999996,H7_train_noage,111,0,diag_e,4,3000,8000,0.99,0,0.7024913443240909,True
"natural[25,4]",0.0428512,0.000441765,0.0761598,0.0203478,0.000447051,0.0154271,0.179029,39314.5,24062.2,10.5799,0.999963,H7_train_noage,111,0,diag_e,4,3000,8000,0.99,0,0.7024913443240909,True
"natural[26,1]",0.0826346,0.000335153,0.0472732,0.0409063,0.0209712,0.07626,0.170299,16991.5,21244.4,4.57259,1.00035,H7_train_noage,111,0,diag_e,4,3000,8000,0.99,0,0.7024913443240909,True
"natural[26,2]",1.09797,0.00215764,0.471515,0.451096,0.426131,1.04345,1.95645,44982.6,22718.3,12.1053,0.999952,H7_train_noage,111,0,diag_e,4,3000,8000,0.99,0,0.7024913443240909,True
"natural[26,3]",3.34452,0.0075661,1.32825,1.26537,1.54649,3.14796,5.7792,36057.7,23876.4,9.70351,1.00003,H7_train_noage,111,0,diag_e,4,3000,8000,0.99,0,0.7024913443240909,True
"natural[26,4]",0.103824,0.000802175,0.139369,0.0695189,0.0024494,0.0578148,0.354065,38118.8,24988.8,10.2582,1.00008,H7_train_noage,111,0,diag_e,4,3000,8000,0.99,0,0.7024913443240909,True
"natural[27,1]",0.0579866,0.000381786,0.0330669,0.0333035,0.0127502,0.0539861,0.115695,7089.04,21495.7,1.90773,1.00035,H7_train_noage,111,0,diag_e,4,3000,8000,0.99,0,0.7024913443240909,True
"natural[27,2]",2.169,0.00372331,0.740148,0.695295,1.11845,2.08431,3.49839,38875.5,24677.3,10.4618,1.00015,H7_train_noage,111,0,diag_e,4,3000,8000,0.99,0,0.7024913443240909,True
"natural[27,3]",2.75742,0.00751765,1.29442,1.22382,1.10243,2.52084,5.21663,36496.3,23426.0,9.82155,1.00014,H7_train_noage,111,0,diag_e,4,3000,8000,0.99,0,0.7024913443240909,True
"natural[27,4]",0.0583559,0.000362473,0.0694062,0.0397084,0.000947159,0.0310125,0.206168,36430.6,25994.3,9.80386,0.999997,H7_train_noage,111,0,diag_e,4,3000,8000,0.99,0,0.7024913443240909,True
"natural[28,1]",0.0781938,0.000352016,0.0459094,0.0401111,0.0186244,0.0718977,0.163632,14445.6,20867.5,3.88747,1.00027,H7_train_noage,111,0,diag_e,4,3000,8000,0.99,0,0.7024913443240909,True
"natural[28,2]",1.33008,0.0022745,0.468087,0.451438,0.651156,1.2824,2.17188,41652.8,25721.5,11.2092,0.999992,H7_train_noage,111,0,diag_e,4,3000,8000,0.99,0,0.7024913443240909,True
"natural[28,3]",3.22767,0.00740726,1.3139,1.25871,1.46347,3.02637,5.65971,37304.0,23302.7,10.0389,1.00002,H7_train_noage,111,0,diag_e,4,3000,8000,0.99,0,0.7024913443240909,True
"natural[28,4]",0.10696,0.00058318,0.11453,0.0812647,0.00247359,0.066829,0.342523,38561.5,25981.3,10.3773,1.00005,H7_train_noage,111,0,diag_e,4,3000,8000,0.99,0,0.7024913443240909,True
"natural[29,1]",0.0759991,0.000311712,0.0434758,0.0387443,0.0192467,0.0699918,0.157368,17420.4,23285.5,4.68801,1.00017,H7_train_noage,111,0,diag_e,4,3000,8000,0.99,0,0.7024913443240909,True
"natural[29,2]",2.01883,0.00411512,0.776682,0.694407,0.999746,1.89391,3.44767,33402.0,25211.7,8.98884,1.00019,H7_train_noage,111,0,diag_e,4,3000,8000,0.99,0,0.7024913443240909,True
"natural[29,3]",0.440122,0.00114404,0.198005,0.18623,0.100429,0.44501,0.75852,28839.8,19134.1,7.76108,1.0001,H7_train_noage,111,0,diag_e,4,3000,8000,0.99,0,0.7024913443240909,True
"natural[29,4]",0.0148665,0.000202106,0.0330426,0.00434994,6.7971e-05,0.00315908,0.0722681,30806.9,25626.4,8.29046,0.999971,H7_train_noage,111,0,diag_e,4,3000,8000,0.99,0,0.7024913443240909,True
"natural[30,1]",0.0813797,0.000612666,0.0538647,0.0461295,0.0165769,0.0719254,0.182668,6882.92,19140.1,1.85226,1.00072,H7_train_noage,111,0,diag_e,4,3000,8000,0.99,0,0.7024913443240909,True
"natural[30,2]",0.28905,0.000571441,0.116101,0.106491,0.134435,0.270777,0.50584,43775.4,23616.9,11.7804,1.00005,H7_train_noage,111,0,diag_e,4,3000,8000,0.99,0,0.7024913443240909,True
"natural[30,3]",7.90058,0.0108481,2.02999,1.99453,4.83702,7.76372,11.4651,36096.9,26322.8,9.71406,0.999931,H7_train_noage,111,0,diag_e,4,3000,8000,0.99,0,0.7024913443240909,True
"natural[30,4]",6.00602,0.010192,2.17538,2.14386,2.8525,5.78051,9.94022,54149.1,23395.7,14.5721,1.00001,H7_train_noage,111,0,diag_e,4,3000,8000,0.99,0,0.7024913443240909,True
"natural[31,1]",0.126459,0.000584118,0.0757113,0.0553501,0.0385647,0.108868,0.272477,16331.3,20744.1,4.39493,1.00023,H7_train_noage,111,0,diag_e,4,3000,8000,0.99,0,0.7024913443240909,True
"natural[31,2]",0.311444,0.000835842,0.164636,0.153029,0.0930334,0.284678,0.622295,33025.6,21082.2,8.88754,1.00007,H7_train_noage,111,0,diag_e,4,3000,8000,0.99,0,0.7024913443240909,True
"natural[31,3]",4.28801,0.00973719,1.63076,1.52267,2.04949,4.05234,7.26228,31946.4,22439.4,8.5971,1.00017,H7_train_noage,111,0,diag_e,4,3000,8000,0.99,0,0.7024913443240909,True
"natural[31,4]",0.861334,0.00691687,1.06305,0.58386,0.0235818,0.526342,2.89166,37036.8,20881.9,9.96699,1.00029,H7_train_noage,111,0,diag_e,4,3000,8000,0.99,0,0.7024913443240909,True
"natural[32,1]",0.0799002,0.000355552,0.0458312,0.0411211,0.0197572,0.0737946,0.163516,15473.7,22441.1,4.16413,1.00011,H7_train_noage,111,0,diag_e,4,3000,8000,0.99,0,0.7024913443240909,True
"natural[32,2]",1.11579,0.00343439,0.510232,0.407282,0.468769,1.0487,1.94945,23005.2,19047.0,6.19095,1.00014,H7_train_noage,111,0,diag_e,4,3000,8000,0.99,0,0.7024913443240909,True
"natural[32,3]",0.330329,0.00157917,0.232446,0.19119,0.0481374,0.309681,0.661308,32644.0,23474.6,8.78486,1.00029,H7_train_noage,111,0,diag_e,4,3000,8000,0.99,0,0.7024913443240909,True
"natural[32,4]",0.0551064,0.00105295,0.133466,0.00840617,8.63543e-05,0.00588977,0.336828,18349.8,19705.7,4.93813,1.00046,H7_train_noage,111,0,diag_e,4,3000,8000,0.99,0,0.7024913443240909,True
"natural[33,1]",0.136565,0.000747577,0.0880813,0.0667148,0.0340463,0.113878,0.310794,12180.9,17767.0,3.278,1.00017,H7_train_noage,111,0,diag_e,4,3000,8000,0.99,0,0.7024913443240909,True
"natural[33,2]",0.217878,0.000491557,0.102586,0.0956855,0.0828013,0.201225,0.412094,40600.3,23743.7,10.926,1.00006,H7_train_noage,111,0,diag_e,4,3000,8000,0.99,0,0.7024913443240909,True
"natural[33,3]",6.12798,0.0111111,1.85239,1.8041,3.42465,5.94468,9.43985,29366.3,24555.2,7.90278,1.00002,H7_train_noage,111,0,diag_e,4,3000,8000,0.99,0,0.7024913443240909,True
"natural[33,4]",2.48298,0.00972005,1.72353,1.48937,0.341965,2.14081,5.8274,37209.8,21963.3,10.0135,1.00049,H7_train_noage,111,0,diag_e,4,3000,8000,0.99,0,0.7024913443240909,True
"natural[34,1]",0.0975626,0.000420142,0.0566086,0.0440239,0.0282227,0.0875454,0.200595,18998.0,21296.6,5.11257,1.00009,H7_train_noage,111,0,diag_e,4,3000,8000,0.99,0,0.7024913443240909,True
"natural[34,2]",0.981101,0.00302935,0.474936,0.43315,0.3257,0.924213,1.81212,21747.3,14948.6,5.85241,1.00007,H7_train_noage,111,0,diag_e,4,3000,8000,0.99,0,0.7024913443240909,True
"natural[34,3]",0.703484,0.00373845,0.487584,0.288604,0.17379,0.633401,1.39178,28802.1,18090.4,7.75095,1.00008,H7_train_noage,111,0,diag_e,4,3000,8000,0.99,0,0.7024913443240909,True
"natural[34,4]",0.082164,0.00175661,0.235769,0.0240106,0.00031944,0.0171522,0.356767,25431.5,24430.5,6.84387,1.00005,H7_train_noage,111,0,diag_e,4,3000,8000,0.99,0,0.7024913443240909,True
"natural[35,1]",0.0955279,0.000377363,0.06017,0.0451848,0.0241278,0.0846202,0.206847,25510.1,23090.0,6.86503,1.00047,H7_train_noage,111,0,diag_e,4,3000,8000,0.99,0,0.7024913443240909,True
"natural[35,2]",0.660026,0.00263692,0.477685,0.421329,0.110133,0.54892,1.59807,24785.2,21111.8,6.66997,1.00003,H7_train_noage,111,0,diag_e,4,3000,8000,0.99,0,0.7024913443240909,True
"natural[35,3]",2.0809,0.0107353,1.45,1.00656,0.650983,1.64016,5.02602,27808.9,17160.0,7.48366,1.00013,H7_train_noage,111,0,diag_e,4,3000,8000,0.99,0,0.7024913443240909,True
"natural[35,4]",0.314476,0.00571678,0.762492,0.0889675,0.00118972,0.0641767,1.4833,33457.3,20644.4,9.00371,0.999996,H7_train_noage,111,0,diag_e,4,3000,8000,0.99,0,0.7024913443240909,True
"natural[36,1]",0.0980167,0.000688866,0.0693256,0.0492322,0.0223751,0.0840658,0.223738,9948.89,17827.9,2.67735,1.00067,H7_train_noage,111,0,diag_e,4,3000,8000,0.99,0,0.7024913443240909,True
"natural[36,2]",0.210414,0.000829802,0.144279,0.126526,0.0398949,0.177364,0.491758,25106.9,20652.8,6.75653,1.00008,H7_train_noage,111,0,diag_e,4,3000,8000,0.99,0,0.7024913443240909,True
"natural[36,3]",2.99303,0.0128974,1.79001,1.54127,0.81073,2.62769,6.47214,24181.2,18164.7,6.50743,1.00002,H7_train_noage,111,0,diag_e,4,3000,8000,0.99,0,0.7024913443240909,True
"natural[36,4]",0.622557,0.00869332,1.14544,0.266797,0.00536857,0.200907,2.76082,36761.7,18542.4,9.89295,1.00018,H7_train_noage,111,0,diag_e,4,3000,8000,0.99,0,0.7024913443240909,True
"natural[37,1]",0.0987028,0.000697834,0.0642948,0.0535207,0.0208773,0.086446,0.223618,7629.19,18494.0,2.0531,1.0005,H7_train_noage,111,0,diag_e,4,3000,8000,0.99,0,0.7024913443240909,True
"natural[37,2]",0.277774,0.000547706,0.108969,0.102341,0.131805,0.26073,0.480116,41840.8,24328.2,11.2598,1.00015,H7_train_noage,111,0,diag_e,4,3000,8000,0.99,0,0.7024913443240909,True
"natural[37,3]",7.92463,0.0109988,2.04243,1.98338,4.81677,7.78135,11.4941,35932.5,24524.5,9.6698,1.00002,H7_train_noage,111,0,diag_e,4,3000,8000,0.99,0,0.7024913443240909,True
"natural[37,4]",6.25947,0.0101894,2.15032,2.10783,3.138,6.03347,10.1225,52451.6,23459.3,14.1153,0.999975,H7_train_noage,111,0,diag_e,4,3000,8000,0.99,0,0.7024913443240909,True
"natural[38,1]",0.130478,0.00084205,0.0885253,0.0608466,0.0324424,0.108012,0.304363,10126.3,18908.7,2.7251,1.00029,H7_train_noage,111,0,diag_e,4,3000,8000,0.99,0,0.7024913443240909,True
"natural[38,2]",0.28368,0.00114435,0.199621,0.185482,0.0454164,0.239901,0.674361,22709.1,20798.9,6.11126,1.00006,H7_train_noage,111,0,diag_e,4,3000,8000,0.99,0,0.7024913443240909,True
"natural[38,3]",2.13022,0.013679,1.73972,1.21176,0.348869,1.60504,5.72476,23855.9,18084.6,6.41987,1.00034,H7_train_noage,111,0,diag_e,4,3000,8000,0.99,0,0.7024913443240909,True
"natural[38,4]",0.625747,0.00924414,1.21749,0.220687,0.00204664,0.157055,3.02977,30313.8,19268.6,8.15777,1.00002,H7_train_noage,111,0,diag_e,4,3000,8000,0.99,0,0.7024913443240909,True
"natural[39,1]",0.0715732,0.000396274,0.0429904,0.0397439,0.0149752,0.0655638,0.152796,10410.0,22088.5,2.80144,1.0003,H7_train_noage,111,0,diag_e,4,3000,8000,0.99,0,0.7024913443240909,True
"natural[39,2]",2.89527,0.00679617,1.22644,0.984194,1.41226,2.66863,5.08674,36029.6,26462.5,9.69595,1.00005,H7_train_noage,111,0,diag_e,4,3000,8000,0.99,0,0.7024913443240909,True
"natural[39,3]",2.82237,0.00827879,1.35847,1.28069,1.11697,2.55656,5.40252,32780.2,23965.9,8.8215,1.00004,H7_train_noage,111,0,diag_e,4,3000,8000,0.99,0,0.7024913443240909,True
"natural[39,4]",0.0985516,0.000695385,0.119092,0.0640475,0.000949102,0.0471082,0.362971,27738.3,26133.2,7.46466,0.999984,H7_train_noage,111,0,diag_e,4,3000,8000,0.99,0,0.7024913443240909,True
"natural[40,1]",0.102531,0.000447841,0.0651616,0.0469041,0.0274375,0.0899414,0.220701,21322.9,22843.0,5.73823,1.00019,H7_train_noage,111,0,diag_e,4,3000,8000,0.99,0,0.7024913443240909,True
"natural[40,2]",0.489217,0.00203032,0.364552,0.317828,0.0773739,0.39786,1.20449,24362.1,19388.4,6.5561,0.999996,H7_train_noage,111,0,diag_e,4,3000,8000,0.99,0,0.7024913443240909,True
"natural[40,3]",2.23253,0.0121505,1.61176,1.18642,0.568359,1.75482,5.50207,26259.9,18300.9,7.0668,1.00011,H7_train_noage,111,0,diag_e,4,3000,8000,0.99,0,0.7024913443240909,True
"natural[40,4]",0.441489,0.0075794,0.965903,0.132321,0.00158872,0.0950359,2.18429,31753.1,18583.2,8.5451,1.00013,H7_train_noage,111,0,diag_e,4,3000,8000,0.99,0,0.7024913443240909,True
"natural[41,1]",0.0966558,0.000651225,0.0624139,0.0519324,0.020342,0.0845911,0.21911,8168.42,17035.8,2.19821,1.00043,H7_train_noage,111,0,diag_e,4,3000,8000,0.99,0,0.7024913443240909,True
"natural[41,2]",0.290171,0.000557453,0.115035,0.106745,0.136332,0.271779,0.506269,43876.0,22936.7,11.8075,1.00002,H7_train_noage,111,0,diag_e,4,3000,8000,0.99,0,0.7024913443240909,True
"natural[41,3]",7.84595,0.0108255,2.05109,2.01343,4.72043,7.71595,11.4375,37150.2,23426.5,9.99751,1.00019,H7_train_noage,111,0,diag_e,4,3000,8000,0.99,0,0.7024913443240909,True
"natural[41,4]",6.16544,0.00992028,2.1227,2.06543,3.12069,5.94801,10.0111,53653.0,23839.6,14.4386,0.999942,H7_train_noage,111,0,diag_e,4,3000,8000,0.99,0,0.7024913443240909,True
"natural[42,1]",0.0816748,0.000232203,0.0381033,0.0349318,0.0269127,0.0782103,0.149219,24307.8,22269.6,6.54149,1.00024,H7_train_noage,111,0,diag_e,4,3000,8000,0.99,0,0.7024913443240909,True
"natural[42,2]",1.16949,0.00242627,0.459168,0.448889,0.483883,1.13227,1.98778,32141.5,20618.0,8.64961,1.00004,H7_train_noage,111,0,diag_e,4,3000,8000,0.99,0,0.7024913443240909,True
"natural[42,3]",1.39554,0.00390431,0.587623,0.41975,0.762153,1.25821,2.48551,31626.3,20883.2,8.51097,1.00019,H7_train_noage,111,0,diag_e,4,3000,8000,0.99,0,0.7024913443240909,True
"natural[42,4]",0.0457336,0.000434901,0.0757303,0.0237599,0.000601633,0.0182996,0.182857,42514.1,24486.1,11.441,1.00002,H7_train_noage,111,0,diag_e,4,3000,8000,0.99,0,0.7024913443240909,True
"natural[43,1]",0.0911888,0.000257891,0.0356736,0.0334661,0.0376826,0.0882999,0.154514,18364.1,22155.9,4.94198,1.00025,H7_train_noage,111,0,diag_e,4,3000,8000,0.99,0,0.7024913443240909,True
"natural[43,2]",2.24761,0.00733687,1.02361,0.763956,1.07099,2.05966,3.95574,22031.9,19600.6,5.92902,1.00005,H7_train_noage,111,0,diag_e,4,3000,8000,0.99,0,0.7024913443240909,True
"natural[43,3]",0.613731,0.0012547,0.196639,0.176737,0.258572,0.625658,0.910752,25282.8,20991.4,6.80388,1.00007,H7_train_noage,111,0,diag_e,4,3000,8000,0.99,0,0.7024913443240909,True
"natural[43,4]",0.0476324,0.000767309,0.0880465,0.0105187,0.000132364,0.00745216,0.268865,16179.2,17558.0,4.35398,1.00007,H7_train_noage,111,0,diag_e,4,3000,8000,0.99,0,0.7024913443240909,True
"natural[44,1]",0.0913672,0.000376613,0.0472995,0.0392538,0.0298948,0.0846245,0.17629,15418.4,21565.0,4.14924,1.00001,H7_train_noage,111,0,diag_e,4,3000,8000,0.99,0,0.7024913443240909,True
"natural[44,2]",0.77722,0.0017421,0.325451,0.31511,0.28342,0.753036,1.35268,31183.5,17023.5,8.39182,1.00017,H7_train_noage,111,0,diag_e,4,3000,8000,0.99,0,0.7024913443240909,True
"natural[44,3]",0.402567,0.00250572,0.363775,0.266716,0.0404467,0.339905,0.933243,32104.6,21762.3,8.63967,1.00008,H7_train_noage,111,0,diag_e,4,3000,8000,0.99,0,0.7024913443240909,True
"natural[44,4]",0.0325629,0.000944963,0.136116,0.00788551,0.00010521,0.00567475,0.133135,33171.3,25810.0,8.92676,1.00014,H7_train_noage,111,0,diag_e,4,3000,8000,0.99,0,0.7024913443240909,True
"natural[45,1]",0.135872,0.000808872,0.0868849,0.0631114,0.0373731,0.114444,0.309111,9729.62,20287.2,2.61834,1.00027,H7_train_noage,111,0,diag_e,4,3000,8000,0.99,0,0.7024913443240909,True
"natural[45,2]",0.150491,0.000518079,0.103392,0.0797102,0.0385882,0.124094,0.352528,35733.2,25341.0,9.61617,1.00006,H7_train_noage,111,0,diag_e,4,3000,8000,0.99,0,0.7024913443240909,True
"natural[45,3]",4.51082,0.0120552,2.16573,2.12708,1.50535,4.22815,8.51184,36495.2,23836.5,9.82125,1.00006,H7_train_noage,111,0,diag_e,4,3000,8000,0.99,0,0.7024913443240909,True
"natural[45,4]",2.54284,0.0115505,2.14988,1.91407,0.0984813,2.02065,6.82001,43551.2,22357.8,11.7201,1.00017,H7_train_noage,111,0,diag_e,4,3000,8000,0.99,0,0.7024913443240909,True
"natural[46,1]",0.0908963,0.00058957,0.0512531,0.0462962,0.0225564,0.0834579,0.186155,7029.83,18490.4,1.8918,1.00083,H7_train_noage,111,0,diag_e,4,3000,8000,0.99,0,0.7024913443240909,True
"natural[46,2]",0.331325,0.000669682,0.132088,0.122436,0.156184,0.310892,0.576044,39756.2,24448.5,10.6988,1.00004,H7_train_noage,111,0,diag_e,4,3000,8000,0.99,0,0.7024913443240909,True
"natural[46,3]",7.84248,0.0107509,2.0217,1.9533,4.77606,7.70675,11.3745,36628.6,24918.2,9.85715,1.00007,H7_train_noage,111,0,diag_e,4,3000,8000,0.99,0,0.7024913443240909,True
"natural[46,4]",6.01869,0.0096965,2.07625,2.01791,3.02627,5.79281,9.763,54757.7,23471.7,14.7359,1.00005,H7_train_noage,111,0,diag_e,4,3000,8000,0.99,0,0.7024913443240909,True
"natural[47,1]",0.119375,0.000478953,0.067675,0.0521139,0.0364486,0.105287,0.247034,18994.8,20503.9,5.11169,1.00023,H7_train_noage,111,0,diag_e,4,3000,8000,0.99,0,0.7024913443240909,True
"natural[47,2]",0.30994,0.00100889,0.190889,0.174026,0.0740841,0.271429,0.676451,28616.6,20081.9,7.70103,1.00003,H7_train_noage,111,0,diag_e,4,3000,8000,0.99,0,0.7024913443240909,True
"natural[47,3]",3.25374,0.0108419,1.64487,1.459,1.22398,2.92764,6.44181,29523.8,18882.0,7.94517,1.00004,H7_train_noage,111,0,diag_e,4,3000,8000,0.99,0,0.7024913443240909,True
"natural[47,4]",0.685954,0.00773327,1.05629,0.399498,0.0088476,0.316331,2.69419,37943.7,18707.4,10.2111,1.00001,H7_train_noage,111,0,diag_e,4,3000,8000,0.99,0,0.7024913443240909,True
"natural[48,1]",0.115408,0.000687392,0.0696064,0.0507377,0.0340638,0.100981,0.242632,10283.9,19713.8,2.76751,1.00016,H7_train_noage,111,0,diag_e,4,3000,8000,0.99,0,0.7024913443240909,True
"natural[48,2]",0.342938,0.00142392,0.231578,0.233586,0.0471,0.302419,0.782281,20239.6,15415.5,5.44668,1.00018,H7_train_noage,111,0,diag_e,4,3000,8000,0.99,0,0.7024913443240909,True
"natural[48,3]",1.32125,0.0130011,1.46489,0.704018,0.122916,0.837373,4.44622,22097.0,13652.0,5.94652,1.00048,H7_train_noage,111,0,diag_e,4,3000,8000,0.99,0,0.7024913443240909,True
"natural[48,4]",0.352485,0.00826828,0.953069,0.0678751,0.000621138,0.047733,1.8088,27595.6,15397.0,7.42626,1.00033,H7_train_noage,111,0,diag_e,4,3000,8000,0.99,0,0.7024913443240909,True
"natural[49,1]",0.112348,0.000515415,0.0655103,0.0497607,0.0324461,0.099856,0.233413,15055.2,19318.7,4.05152,1.00024,H7_train_noage,111,0,diag_e,4,3000,8000,0.99,0,0.7024913443240909,True
"natural[49,2]",0.267368,0.000888417,0.163779,0.151937,0.0596569,0.2373,0.580453,27496.8,18004.9,7.39968,1.00006,H7_train_noage,111,0,diag_e,4,3000,8000,0.99,0,0.7024913443240909,True
"natural[49,3]",3.06897,0.0112352,1.63246,1.39343,1.05949,2.75354,6.21916,27698.0,19058.1,7.45383,1.00011,H7_train_noage,111,0,diag_e,4,3000,8000,0.99,0,0.7024913443240909,True
"natural[49,4]",0.556772,0.007353,0.99281,0.270679,0.00645122,0.209588,2.32606,38895.3,18650.6,10.4671,1.00006,H7_train_noage,111,0,diag_e,4,3000,8000,0.99,0,0.7024913443240909,True
"natural[50,1]",0.182946,0.0010487,0.106002,0.0956568,0.0561103,0.157681,0.387792,8791.11,20295.6,2.36578,1.00012,H7_train_noage,111,0,diag_e,4,3000,8000,0.99,0,0.7024913443240909,True
"natural[50,2]",0.220504,0.000628757,0.117492,0.107365,0.069901,0.20014,0.444004,29420.4,24523.1,7.91733,1.0,H7_train_noage,111,0,diag_e,4,3000,8000,0.99,0,0.7024913443240909,True
"natural[50,3]",5.0908,0.0122608,1.87424,1.79887,2.41284,4.87011,8.53422,25133.5,22587.0,6.76368,1.00007,H7_train_noage,111,0,diag_e,4,3000,8000,0.99,0,0.7024913443240909,True
"natural[50,4]",1.91677,0.0100238,1.67699,1.31233,0.105931,1.47883,5.29766,37804.8,21765.4,10.1737,1.0001,H7_train_noage,111,0,diag_e,4,3000,8000,0.99,0,0.7024913443240909,True
"natural[51,1]",0.0591178,0.000372902,0.0322132,0.0330027,0.013864,0.0558071,0.115313,7139.01,21732.2,1.92118,1.00062,H7_train_noage,111,0,diag_e,4,3000,8000,0.99,0,0.7024913443240909,True
"natural[51,2]",1.97765,0.0078838,1.14222,0.881896,0.693514,1.72456,4.10841,18182.8,22599.8,4.89319,1.00007,H7_train_noage,111,0,diag_e,4,3000,8000,0.99,0,0.7024913443240909,True
"natural[51,3]",3.81561,0.00842621,1.46461,1.44612,1.71774,3.65364,6.46779,32242.4,25230.5,8.67678,1.00021,H7_train_noage,111,0,diag_e,4,3000,8000,0.99,0,0.7024913443240909,True
"natural[51,4]",0.34124,0.0010337,0.16931,0.147169,0.0482498,0.35161,0.586492,24249.7,20747.5,6.52585,1.00013,H7_train_noage,111,0,diag_e,4,3000,8000,0.99,0,0.7024913443240909,True
"natural[52,1]",0.123117,0.000912354,0.0810497,0.0600542,0.0303628,0.104799,0.275373,7254.2,18762.7,1.95218,1.00036,H7_train_noage,111,0,diag_e,4,3000,8000,0.99,0,0.7024913443240909,True
"natural[52,2]",0.0870206,0.000275599,0.0529746,0.0442375,0.0245986,0.0756833,0.188756,35937.1,23340.2,9.67104,1.00007,H7_train_noage,111,0,diag_e,4,3000,8000,0.99,0,0.7024913443240909,True
"natural[52,3]",5.19325,0.0123211,2.30849,2.27412,1.75467,4.98388,9.3176,37872.2,23795.0,10.1918,1.00032,H7_train_noage,111,0,diag_e,4,3000,8000,0.99,0,0.7024913443240909,True
"natural[52,4]",3.28714,0.0130272,2.50016,2.52212,0.131691,2.84086,8.05654,43266.6,21436.1,11.6435,1.00019,H7_train_noage,111,0,diag_e,4,3000,8000,0.99,0,0.7024913443240909,True
"natural[53,1]",0.0615203,0.000367589,0.0354873,0.0340402,0.0146165,0.0568179,0.123043,8232.38,18910.9,2.21542,1.00033,H7_train_noage,111,0,diag_e,4,3000,8000,0.99,0,0.7024913443240909,True
"natural[53,2]",0.821204,0.00163349,0.326529,0.323413,0.344888,0.788116,1.40471,37477.8,22912.3,10.0857,1.00009,H7_train_noage,111,0,diag_e,4,3000,8000,0.99,0,0.7024913443240909,True
"natural[53,3]",3.56935,0.00844905,1.34951,1.29497,1.69875,3.38902,6.06406,27832.2,22868.8,7.48993,1.00017,H7_train_noage,111,0,diag_e,4,3000,8000,0.99,0,0.7024913443240909,True
"natural[53,4]",0.105418,0.000725606,0.129246,0.0724033,0.00351618,0.0632475,0.343531,36419.5,25888.4,9.80086,1.00018,H7_train_noage,111,0,diag_e,4,3000,8000,0.99,0,0.7024913443240909,True
"natural[54,1]",0.0514152,0.000331271,0.0284278,0.0296382,0.012213,0.0474796,0.101789,7703.56,18231.7,2.07311,1.00023,H7_train_noage,111,0,diag_e,4,3000,8000,0.99,0,0.7024913443240909,True
"natural[54,2]",2.05351,0.00511934,0.835065,0.762195,0.918052,1.93256,3.59382,24650.2,22992.7,6.63364,1.00002,H7_train_noage,111,0,diag_e,4,3000,8000,0.99,0,0.7024913443240909,True
"natural[54,3]",0.87967,0.00173409,0.261303,0.195611,0.583151,0.827824,1.34316,24979.0,26020.1,6.72211,1.00006,H7_train_noage,111,0,diag_e,4,3000,8000,0.99,0,0.7024913443240909,True
"natural[54,4]",0.0233677,0.000282379,0.0453415,0.00926393,0.000172553,0.00686681,0.105797,27924.3,24432.6,7.51472,1.00009,H7_train_noage,111,0,diag_e,4,3000,8000,0.99,0,0.7024913443240909,True
"natural[55,1]",0.15322,0.000940768,0.097291,0.070938,0.0453459,0.125919,0.347785,10208.7,21184.7,2.74726,1.00019,H7_train_noage,111,0,diag_e,4,3000,8000,0.99,0,0.7024913443240909,True
"natural[55,2]",0.555627,0.0017998,0.296305,0.291646,0.127481,0.524018,1.08803,22929.4,14534.2,6.17055,1.00008,H7_train_noage,111,0,diag_e,4,3000,8000,0.99,0,0.7024913443240909,True
"natural[55,3]",0.963615,0.00771541,0.942784,0.508424,0.119271,0.752949,2.54382,25177.3,15077.6,6.77549,1.00018,H7_train_noage,111,0,diag_e,4,3000,8000,0.99,0,0.7024913443240909,True
"natural[55,4]",0.197025,0.00443319,0.569032,0.0529028,0.000454207,0.0371707,0.754833,27840.1,19265.7,7.49205,1.00024,H7_train_noage,111,0,diag_e,4,3000,8000,0.99,0,0.7024913443240909,True
"natural[56,1]",0.114372,0.000558482,0.0682727,0.0489212,0.0344448,0.10059,0.238244,14896.0,20186.6,4.00868,1.00009,H7_train_noage,111,0,diag_e,4,3000,8000,0.99,0,0.7024913443240909,True
"natural[56,2]",0.326257,0.0011953,0.207648,0.199922,0.060088,0.289665,0.718339,22975.2,18395.5,6.18287,1.00011,H7_train_noage,111,0,diag_e,4,3000,8000,0.99,0,0.7024913443240909,True
"natural[56,3]",2.12959,0.0114417,1.5281,1.05765,0.522901,1.70736,5.26847,26170.8,16901.0,7.04283,1.0002,H7_train_noage,111,0,diag_e,4,3000,8000,0.99,0,0.7024913443240909,True
"natural[56,4]",0.51073,0.00814226,1.01668,0.199304,0.0026605,0.144391,2.328,30610.9,16893.1,8.23772,1.00031,H7_train_noage,111,0,diag_e,4,3000,8000,0.99,0,0.7024913443240909,True
"natural[57,1]",0.159308,0.000999355,0.096996,0.0786752,0.0453535,0.135381,0.348944,7593.19,16374.4,2.04341,1.0005,H7_train_noage,111,0,diag_e,4,3000,8000,0.99,0,0.7024913443240909,True
"natural[57,2]",0.150033,0.000366746,0.0702128,0.0612714,0.0613614,0.136963,0.28191,33929.7,22792.3,9.13084,1.00005,H7_train_noage,111,0,diag_e,4,3000,8000,0.99,0,0.7024913443240909,True
"natural[57,3]",6.46743,0.0117228,2.12892,2.10858,3.26539,6.31529,10.2275,34805.3,23824.9,9.36648,1.00008,H7_train_noage,111,0,diag_e,4,3000,8000,0.99,0,0.7024913443240909,True
"natural[57,4]",5.43586,0.0105664,2.28146,2.23388,2.16528,5.19754,9.57272,54227.1,24330.6,14.5931,1.00018,H7_train_noage,111,0,diag_e,4,3000,8000,0.99,0,0.7024913443240909,True
"natural[58,1]",0.109112,0.000559512,0.0613987,0.0520151,0.0298742,0.0975797,0.229399,10563.9,17638.7,2.84285,1.00042,H7_train_noage,111,0,diag_e,4,3000,8000,0.99,0,0.7024913443240909,True
"natural[58,2]",0.292497,0.000708647,0.133449,0.116878,0.125521,0.267624,0.544298,34359.2,24987.7,9.24643,1.00004,H7_train_noage,111,0,diag_e,4,3000,8000,0.99,0,0.7024913443240909,True
"natural[58,3]",6.32562,0.0125368,2.05573,2.05098,3.20383,6.18092,9.9222,27558.0,24956.1,7.41614,1.00016,H7_train_noage,111,0,diag_e,4,3000,8000,0.99,0,0.7024913443240909,True
"natural[58,4]",5.20937,0.00990365,2.07776,2.02118,2.30021,4.94329,9.02566,51182.4,25277.3,13.7737,1.0,H7_train_noage,111,0,diag_e,4,3000,8000,0.99,0,0.7024913443240909,True
"natural[59,1]",0.104071,0.000541288,0.0627302,0.0463105,0.030267,0.092256,0.216508,13350.2,19240.1,3.59267,1.0001,H7_train_noage,111,0,diag_e,4,3000,8000,0.99,0,0.7024913443240909,True
"natural[59,2]",0.29161,0.00120572,0.206287,0.18787,0.0492459,0.245129,0.695287,23079.0,20197.9,6.21081,1.00004,H7_train_noage,111,0,diag_e,4,3000,8000,0.99,0,0.7024913443240909,True
"natural[59,3]",2.47814,0.0126857,1.72921,1.29503,0.599469,1.99737,6.00925,26927.8,19316.3,7.24654,1.00021,H7_train_noage,111,0,diag_e,4,3000,8000,0.99,0,0.7024913443240909,True
"natural[59,4]",0.724325,0.00941543,1.2665,0.326347,0.00352179,0.237137,3.28272,32115.6,19086.1,8.64265,0.999998,H7_train_noage,111,0,diag_e,4,3000,8000,0.99,0,0.7024913443240909,True
"natural[60,1]",0.170958,0.00114256,0.107179,0.085828,0.0470412,0.14308,0.385581,7440.39,15062.6,2.00229,1.00039,H7_train_noage,111,0,diag_e,4,3000,8000,0.99,0,0.7024913443240909,True
"natural[60,2]",0.188382,0.000893264,0.145971,0.0968919,0.0461503,0.148873,0.460469,26473.0,22488.1,7.12415,1.00008,H7_train_noage,111,0,diag_e,4,3000,8000,0.99,0,0.7024913443240909,True
"natural[60,3]",4.69056,0.0146843,2.325,2.39362,1.33418,4.47055,8.86365,25422.8,23930.5,6.84153,1.00016,H7_train_noage,111,0,diag_e,4,3000,8000,0.99,0,0.7024913443240909,True
"natural[60,4]",3.74047,0.011599,2.32067,2.24766,0.552231,3.37474,8.10415,44442.8,20993.3,11.96,1.00006,H7_train_noage,111,0,diag_e,4,3000,8000,0.99,0,0.7024913443240909,True
"natural[61,1]",0.119932,0.000581225,0.0680841,0.0563221,0.0336772,0.105438,0.251175,12840.4,19950.6,3.45548,1.00004,H7_train_noage,111,0,diag_e,4,3000,8000,0.99,0,0.7024913443240909,True
"natural[61,2]",0.389937,0.000957127,0.192275,0.174393,0.147626,0.353629,0.752771,36339.8,25262.4,9.77942,1.00004,H7_train_noage,111,0,diag_e,4,3000,8000,0.99,0,0.7024913443240909,True
"natural[61,3]",6.1315,0.0105405,1.82911,1.78567,3.40602,5.98427,9.36362,31721.0,24188.4,8.53645,0.999961,H7_train_noage,111,0,diag_e,4,3000,8000,0.99,0,0.7024913443240909,True
"natural[61,4]",3.10108,0.00960775,1.63076,1.38632,1.148,2.73576,6.30416,37667.9,22367.8,10.1368,0.999944,H7_train_noage,111,0,diag_e,4,3000,8000,0.99,0,0.7024913443240909,True
"natural[62,1]",0.0575841,0.000371945,0.0325357,0.032567,0.013093,0.0533927,0.115024,7448.09,21027.2,2.00436,1.00057,H7_train_noage,111,0,diag_e,4,3000,8000,0.99,0,0.7024913443240909,True
"natural[62,2]",1.96758,0.00854864,1.20384,0.918047,0.634856,1.69889,4.20425,19516.3,22006.0,5.25204,1.00027,H7_train_noage,111,0,diag_e,4,3000,8000,0.99,0,0.7024913443240909,True
"natural[62,3]",4.00362,0.00899462,1.52321,1.51682,1.78333,3.85601,6.71244,30020.7,25436.8,8.07888,1.00031,H7_train_noage,111,0,diag_e,4,3000,8000,0.99,0,0.7024913443240909,True
"natural[62,4]",0.452273,0.00109965,0.192407,0.135573,0.13952,0.450729,0.742701,28087.7,17047.6,7.5587,1.00069,H7_train_noage,111,0,diag_e,4,3000,8000,0.99,0,0.7024913443240909,True
"natural[63,1]",0.128876,0.000834507,0.0853761,0.0670876,0.0273781,0.106664,0.300858,9702.49,17612.2,2.61104,1.0005,H7_train_noage,111,0,diag_e,4,3000,8000,0.99,0,0.7024913443240909,True
"natural[63,2]",0.253278,0.000577655,0.114657,0.105921,0.101277,0.234657,0.467591,35614.6,23910.2,9.58425,1.00012,H7_train_noage,111,0,diag_e,4,3000,8000,0.99,0,0.7024913443240909,True
"natural[63,3]",6.69382,0.0112186,1.86069,1.80024,3.95324,6.52572,10.0095,29165.7,22566.7,7.8488,1.00005,H7_train_noage,111,0,diag_e,4,3000,8000,0.99,0,0.7024913443240909,True
"natural[63,4]",3.21033,0.0107057,1.83302,1.64642,0.843222,2.87606,6.71877,34777.1,22648.7,9.35887,1.00004,H7_train_noage,111,0,diag_e,4,3000,8000,0.99,0,0.7024913443240909,True
"natural[64,1]",0.142579,0.000804298,0.0880958,0.0627947,0.0450834,0.118013,0.321118,12080.6,21967.8,3.25102,1.00027,H7_train_noage,111,0,diag_e,4,3000,8000,0.99,0,0.7024913443240909,True
"natural[64,2]",0.873451,0.00244074,0.414116,0.410752,0.262585,0.832687,1.61953,24972.1,17541.4,6.72026,1.00014,H7_train_noage,111,0,diag_e,4,3000,8000,0.99,0,0.7024913443240909,True
"natural[64,3]",0.898259,0.00576324,0.710337,0.38018,0.252445,0.722631,2.10112,26560.7,17132.9,7.14776,1.00001,H7_train_noage,111,0,diag_e,4,3000,8000,0.99,0,0.7024913443240909,True
"natural[64,4]",0.0714029,0.00165684,0.217998,0.0228063,0.000304291,0.0164845,0.288975,31626.2,24432.8,8.51093,1.00013,H7_train_noage,111,0,diag_e,4,3000,8000,0.99,0,0.7024913443240909,True
"natural[65,1]",0.105179,0.000562302,0.0633681,0.0503591,0.0275542,0.0926823,0.226195,11266.8,18908.6,3.03201,1.00022,H7_train_noage,111,0,diag_e,4,3000,8000,0.99,0,0.7024913443240909,True
"natural[65,2]",0.266661,0.000593448,0.128107,0.114331,0.105848,0.242828,0.51053,43727.0,25254.3,11.7674,1.00008,H7_train_noage,111,0,diag_e,4,3000,8000,0.99,0,0.7024913443240909,True
"natural[65,3]",6.74314,0.0103415,1.90949,1.84299,3.8942,6.5874,10.1319,36474.9,24341.7,9.81578,1.00006,H7_train_noage,111,0,diag_e,4,3000,8000,0.99,0,0.7024913443240909,True
"natural[65,4]",3.78687,0.00978714,1.87765,1.72054,1.36604,3.44897,7.35455,48480.5,22761.2,13.0466,0.999943,H7_train_noage,111,0,diag_e,4,3000,8000,0.99,0,0.7024913443240909,True
"natural[66,1]",0.110985,0.000567284,0.0646021,0.0510963,0.0306426,0.0987591,0.231187,12002.7,20489.4,3.23006,1.00035,H7_train_noage,111,0,diag_e,4,3000,8000,0.99,0,0.7024913443240909,True
"natural[66,2]",0.205538,0.000647494,0.12328,0.0982972,0.0652809,0.177388,0.444003,33651.3,25933.8,9.05593,0.999964,H7_train_noage,111,0,diag_e,4,3000,8000,0.99,0,0.7024913443240909,True
"natural[66,3]",5.05605,0.0122259,2.05931,2.01822,2.11953,4.81914,8.78179,31332.2,22154.6,8.43181,1.00004,H7_train_noage,111,0,diag_e,4,3000,8000,0.99,0,0.7024913443240909,True
"natural[66,4]",2.79709,0.0108226,1.96911,1.73102,0.368438,2.36832,6.65132,42928.6,22785.1,11.5525,1.00003,H7_train_noage,111,0,diag_e,4,3000,8000,0.99,0,0.7024913443240909,True
"natural[67,1]",0.0771132,0.000351671,0.0464848,0.0392189,0.019056,0.0708763,0.159482,15582.5,21029.7,4.19342,1.00026,H7_train_noage,111,0,diag_e,4,3000,8000,0.99,0,0.7024913443240909,True
"natural[67,2]",0.493867,0.00122791,0.234614,0.221693,0.1726,0.461027,0.920615,31366.8,20346.2,8.44114,1.0001,H7_train_noage,111,0,diag_e,4,3000,8000,0.99,0,0.7024913443240909,True
"natural[67,3]",3.40017,0.00845369,1.358,1.24328,1.60736,3.1835,5.95557,31848.4,19705.9,8.57073,1.00004,H7_train_noage,111,0,diag_e,4,3000,8000,0.99,0,0.7024913443240909,True
"natural[67,4]",0.330107,0.00306787,0.471053,0.225825,0.00719731,0.190366,1.07362,37829.5,21826.4,10.1803,1.00007,H7_train_noage,111,0,diag_e,4,3000,8000,0.99,0,0.7024913443240909,True
"natural[68,1]",0.0779564,0.000292588,0.0427152,0.0379636,0.020661,0.0731946,0.15282,18871.4,21920.6,5.07849,1.00021,H7_train_noage,111,0,diag_e,4,3000,8000,0.99,0,0.7024913443240909,True
"natural[68,2]",0.635631,0.0016406,0.326482,0.314204,0.185832,0.591533,1.23563,33900.6,18638.3,9.123,1.00006,H7_train_noage,111,0,diag_e,4,3000,8000,0.99,0,0.7024913443240909,True
"natural[68,3]",3.21286,0.00811752,1.34738,1.24349,1.44423,3.00066,5.72435,32589.4,21460.1,8.77015,1.00014,H7_train_noage,111,0,diag_e,4,3000,8000,0.99,0,0.7024913443240909,True
"natural[68,4]",0.241302,0.00314194,0.438454,0.137928,0.00415881,0.111502,0.846604,39799.2,22274.2,10.7104,1.00015,H7_train_noage,111,0,diag_e,4,3000,8000,0.99,0,0.7024913443240909,True
"natural[69,1]",0.102661,0.000477285,0.0577275,0.0468984,0.0294436,0.0927402,0.210718,13492.2,20407.4,3.6309,1.00021,H7_train_noage,111,0,diag_e,4,3000,8000,0.99,0,0.7024913443240909,True
"natural[69,2]",0.229862,0.00065202,0.129432,0.107557,0.0784101,0.201202,0.479435,37437.6,26086.2,10.0749,1.00003,H7_train_noage,111,0,diag_e,4,3000,8000,0.99,0,0.7024913443240909,True
"natural[69,3]",5.36903,0.0111626,1.9973,1.95359,2.44685,5.16554,8.98191,34622.1,23645.0,9.31716,1.00005,H7_train_noage,111,0,diag_e,4,3000,8000,0.99,0,0.7024913443240909,True
"natural[69,4]",2.75323,0.010462,1.88864,1.66631,0.464894,2.33572,6.42053,42817.6,22714.4,11.5227,1.00008,H7_train_noage,111,0,diag_e,4,3000,8000,0.99,0,0.7024913443240909,True
"natural[70,1]",0.122096,0.000628324,0.0673354,0.0558991,0.0363393,0.108555,0.251294,10185.2,17208.0,2.74094,1.00019,H7_train_noage,111,0,diag_e,4,3000,8000,0.99,0,0.7024913443240909,True
"natural[70,2]",0.232317,0.000534434,0.105122,0.0923173,0.0998183,0.213371,0.429013,37157.0,26051.1,9.99935,1.00005,H7_train_noage,111,0,diag_e,4,3000,8000,0.99,0,0.7024913443240909,True
"natural[70,3]",6.84301,0.0113431,2.01629,1.97659,3.81457,6.68343,10.4261,33645.3,23368.9,9.05431,1.0001,H7_train_noage,111,0,diag_e,4,3000,8000,0.99,0,0.7024913443240909,True
"natural[70,4]",4.9942,0.0105085,2.05958,1.98229,2.13413,4.71139,8.78597,47861.1,22407.6,12.8799,1.00006,H7_train_noage,111,0,diag_e,4,3000,8000,0.99,0,0.7024913443240909,True
"natural[71,1]",0.139495,0.000859644,0.0896978,0.0631108,0.0402665,0.116822,0.313304,10293.2,20260.9,2.77002,1.00018,H7_train_noage,111,0,diag_e,4,3000,8000,0.99,0,0.7024913443240909,True
"natural[71,2]",0.480083,0.00265127,0.408004,0.359405,0.0437137,0.371666,1.2781,17693.5,19065.8,4.76151,1.00023,H7_train_noage,111,0,diag_e,4,3000,8000,0.99,0,0.7024913443240909,True
"natural[71,3]",1.3719,0.0142026,1.61652,0.643971,0.128976,0.757174,4.87964,20952.1,15625.1,5.63844,1.00063,H7_train_noage,111,0,diag_e,4,3000,8000,0.99,0,0.7024913443240909,True
"natural[71,4]",0.443307,0.00923003,1.14184,0.0571722,0.000419492,0.039809,2.59021,24415.9,17946.1,6.57059,1.0001,H7_train_noage,111,0,diag_e,4,3000,8000,0.99,0,0.7024913443240909,True
"natural[72,1]",0.140675,0.0011196,0.0997937,0.0674455,0.034472,0.114083,0.33839,6766.09,17260.6,1.82082,1.00028,H7_train_noage,111,0,diag_e,4,3000,8000,0.99,0,0.7024913443240909,True
"natural[72,2]",0.15016,0.000757262,0.127807,0.0995009,0.0200446,0.111798,0.406322,21572.1,23777.1,5.80527,1.00034,H7_train_noage,111,0,diag_e,4,3000,8000,0.99,0,0.7024913443240909,True
"natural[72,3]",2.24565,0.016771,2.19405,1.5772,0.128153,1.47389,6.79221,22712.3,20998.2,6.11211,1.00031,H7_train_noage,111,0,diag_e,4,3000,8000,0.99,0,0.7024913443240909,True
"natural[72,4]",1.18099,0.0136908,1.90815,0.418597,0.00181526,0.288108,5.4269,29114.9,22294.6,7.83512,1.0001,H7_train_noage,111,0,diag_e,4,3000,8000,0.99,0,0.7024913443240909,True
"natural[73,1]",0.13619,0.000960191,0.0919534,0.0621596,0.0370601,0.112204,0.314351,8338.81,17849.1,2.24406,1.00011,H7_train_noage,111,0,diag_e,4,3000,8000,0.99,0,0.7024913443240909,True
"natural[73,2]",0.374698,0.00178159,0.270809,0.274545,0.0401505,0.323735,0.889292,17007.8,16158.2,4.57699,1.00026,H7_train_noage,111,0,diag_e,4,3000,8000,0.99,0,0.7024913443240909,True
"natural[73,3]",1.21563,0.0154954,1.61579,0.583311,0.0778936,0.621037,4.78505,17645.3,13048.9,4.74855,1.0002,H7_train_noage,111,0,diag_e,4,3000,8000,0.99,0,0.7024913443240909,True
"natural[73,4]",0.498147,0.0106867,1.24586,0.0773515,0.000406785,0.0532827,2.86092,20631.4,16331.2,5.55211,1.00012,H7_train_noage,111,0,diag_e,4,3000,8000,0.99,0,0.7024913443240909,True
"natural[74,1]",0.111102,0.00061846,0.068578,0.0533788,0.0284304,0.0973829,0.240381,10682.0,20233.1,2.87463,1.00027,H7_train_noage,111,0,diag_e,4,3000,8000,0.99,0,0.7024913443240909,True
"natural[74,2]",0.156879,0.000382704,0.0791008,0.0694749,0.0571164,0.142125,0.306932,38791.9,23014.5,10.4393,1.00003,H7_train_noage,111,0,diag_e,4,3000,8000,0.99,0,0.7024913443240909,True
"natural[74,3]",6.10101,0.0111103,2.01489,1.95488,3.12218,5.91096,9.71742,34899.8,24103.4,9.3919,1.00012,H7_train_noage,111,0,diag_e,4,3000,8000,0.99,0,0.7024913443240909,True
"natural[74,4]",3.51302,0.0104924,2.10455,1.9954,0.676983,3.18175,7.4821,50133.0,22610.2,13.4913,1.00019,H7_train_noage,111,0,diag_e,4,3000,8000,0.99,0,0.7024913443240909,True
"natural[75,1]",0.0966876,0.000414631,0.0623351,0.0445644,0.0256313,0.0853847,0.20792,20749.5,22300.6,5.58392,1.00038,H7_train_noage,111,0,diag_e,4,3000,8000,0.99,0,0.7024913443240909,True
"natural[75,2]",0.471005,0.00115647,0.225124,0.21805,0.160061,0.440846,0.883235,33168.9,22144.2,8.92609,1.00002,H7_train_noage,111,0,diag_e,4,3000,8000,0.99,0,0.7024913443240909,True
"natural[75,3]",3.00549,0.00808301,1.31148,1.16898,1.34954,2.75748,5.47726,34070.8,20715.5,9.16881,0.999989,H7_train_noage,111,0,diag_e,4,3000,8000,0.99,0,0.7024913443240909,True
"natural[75,4]",0.257813,0.00277121,0.431629,0.14975,0.00427779,0.119983,0.936322,45880.4,24578.7,12.3469,0.99994,H7_train_noage,111,0,diag_e,4,3000,8000,0.99,0,0.7024913443240909,True
"natural[76,1]",0.0736279,0.000314985,0.0386469,0.0368595,0.0192975,0.0699448,0.142672,12849.6,20195.3,3.45797,1.00026,H7_train_noage,111,0,diag_e,4,3000,8000,0.99,0,0.7024913443240909,True
"natural[76,2]",1.23747,0.00221644,0.450093,0.425312,0.592195,1.19214,2.06171,39460.8,24199.4,10.6193,1.00004,H7_train_noage,111,0,diag_e,4,3000,8000,0.99,0,0.7024913443240909,True
"natural[76,3]",3.55067,0.00729459,1.33473,1.27861,1.69884,3.37062,5.98911,38608.6,24866.1,10.39,1.00013,H7_train_noage,111,0,diag_e,4,3000,8000,0.99,0,0.7024913443240909,True
"natural[76,4]",0.168477,0.000822517,0.155399,0.142613,0.00506136,0.126839,0.461951,33595.8,24497.6,9.04098,0.999995,H7_train_noage,111,0,diag_e,4,3000,8000,0.99,0,0.7024913443240909,True
"natural[77,1]",0.0837854,0.000449703,0.0506341,0.0444478,0.0187529,0.0761417,0.177343,11659.6,19131.3,3.13772,1.00041,H7_train_noage,111,0,diag_e,4,3000,8000,0.99,0,0.7024913443240909,True
"natural[77,2]",0.609616,0.00438129,0.498543,0.306256,0.150759,0.438293,1.64165,11081.7,24028.8,2.9822,1.00053,H7_train_noage,111,0,diag_e,4,3000,8000,0.99,0,0.7024913443240909,True
"natural[77,3]",4.1845,0.0238056,2.3504,2.63568,1.07208,3.89597,8.42819,10013.5,20227.3,2.69474,1.00073,H7_train_noage,111,0,diag_e,4,3000,8000,0.99,0,0.7024913443240909,True
"natural[77,4]",3.93065,0.012828,1.91094,1.79016,1.49754,3.57622,7.588,25349.1,23434.8,6.82171,1.00022,H7_train_noage,111,0,diag_e,4,3000,8000,0.99,0,0.7024913443240909,True
"natural[78,1]",0.103074,0.000440291,0.056112,0.0464145,0.0299195,0.0939885,0.20656,14754.8,20097.0,3.97066,1.00027,H7_train_noage,111,0,diag_e,4,3000,8000,0.99,0,0.7024913443240909,True
"natural[78,2]",0.267928,0.000693118,0.134865,0.124346,0.0944025,0.244152,0.521788,35637.3,24431.3,9.59037,0.99999,H7_train_noage,111,0,diag_e,4,3000,8000,0.99,0,0.7024913443240909,True
"natural[78,3]",5.81304,0.0106481,1.81323,1.74811,3.18414,5.623,9.08731,32010.9,23133.5,8.61448,1.00014,H7_train_noage,111,0,diag_e,4,3000,8000,0.99,0,0.7024913443240909,True
"natural[78,4]",2.04952,0.00850504,1.49774,1.185,0.311187,1.68688,5.01804,41138.5,22524.3,11.0708,0.999952,H7_train_noage,111,0,diag_e,4,3000,8000,0.99,0,0.7024913443240909,True
"natural[79,1]",0.0922913,0.000438293,0.0585309,0.0457722,0.0218426,0.0819387,0.201494,15920.8,18764.6,4.28447,1.00006,H7_train_noage,111,0,diag_e,4,3000,8000,0.99,0,0.7024913443240909,True
"natural[79,2]",0.573168,0.00118957,0.256169,0.247264,0.219394,0.539686,1.04518,43122.1,22371.7,11.6046,1.00015,H7_train_noage,111,0,diag_e,4,3000,8000,0.99,0,0.7024913443240909,True
"natural[79,3]",4.38575,0.00900536,1.49378,1.44486,2.25718,4.21976,7.08759,30943.7,24118.3,8.32728,1.00013,H7_train_noage,111,0,diag_e,4,3000,8000,0.99,0,0.7024913443240909,True
"natural[79,4]",0.432521,0.00271986,0.459809,0.317286,0.0183845,0.318682,1.2332,37250.4,24391.1,10.0245,1.00013,H7_train_noage,111,0,diag_e,4,3000,8000,0.99,0,0.7024913443240909,True
"natural[80,1]",0.0955098,0.000597747,0.0586981,0.0492401,0.02189,0.0849429,0.209251,8499.0,18862.0,2.28717,1.00042,H7_train_noage,111,0,diag_e,4,3000,8000,0.99,0,0.7024913443240909,True
"natural[80,2]",0.36915,0.000748961,0.157424,0.146701,0.164319,0.341516,0.664537,46255.4,24016.1,12.4478,1.00004,H7_train_noage,111,0,diag_e,4,3000,8000,0.99,0,0.7024913443240909,True
"natural[80,3]",7.33758,0.0111978,2.03557,1.99838,4.25399,7.19909,10.9037,34133.4,24637.5,9.18565,1.00003,H7_train_noage,111,0,diag_e,4,3000,8000,0.99,0,0.7024913443240909,True
"natural[80,4]",5.50664,0.0101533,2.05885,2.01129,2.58303,5.26037,9.23545,49053.8,23807.9,13.2009,1.00008,H7_train_noage,111,0,diag_e,4,3000,8000,0.99,0,0.7024913443240909,True
"natural[81,1]",0.108666,0.000627361,0.0726579,0.0494062,0.0289477,0.0936648,0.239056,12825.5,19132.0,3.45146,1.00052,H7_train_noage,111,0,diag_e,4,3000,8000,0.99,0,0.7024913443240909,True
"natural[81,2]",0.210464,0.000802779,0.147281,0.125874,0.0419371,0.175681,0.498189,27746.7,22903.1,7.46693,1.0,H7_train_noage,111,0,diag_e,4,3000,8000,0.99,0,0.7024913443240909,True
"natural[81,3]",3.41805,0.0125693,1.92787,1.75221,0.995769,3.03863,7.16236,28580.7,19637.4,7.69137,1.00014,H7_train_noage,111,0,diag_e,4,3000,8000,0.99,0,0.7024913443240909,True
"natural[81,4]",1.16701,0.0104356,1.57804,0.72875,0.0116682,0.554329,4.54802,35065.4,21031.2,9.43646,1.00006,H7_train_noage,111,0,diag_e,4,3000,8000,0.99,0,0.7024913443240909,True
"natural[82,1]",0.112642,0.000616226,0.066459,0.0532696,0.0300252,0.0990201,0.242449,10190.1,19927.1,2.74226,1.00019,H7_train_noage,111,0,diag_e,4,3000,8000,0.99,0,0.7024913443240909,True
"natural[82,2]",0.271346,0.000591478,0.118882,0.107017,0.118347,0.250728,0.497692,39494.3,25110.9,10.6283,1.00018,H7_train_noage,111,0,diag_e,4,3000,8000,0.99,0,0.7024913443240909,True
"natural[82,3]",7.07913,0.0105109,1.95901,1.9272,4.12866,6.93712,10.5561,36863.5,24238.6,9.92035,0.999982,H7_train_noage,111,0,diag_e,4,3000,8000,0.99,0,0.7024913443240909,True
"natural[82,4]",4.59642,0.0103139,2.00553,1.93799,1.84798,4.31326,8.30148,47888.0,22760.4,12.8872,0.999965,H7_train_noage,111,0,diag_e,4,3000,8000,0.99,0,0.7024913443240909,True
"natural[83,1]",0.104581,0.000763322,0.08291,0.0509267,0.0229782,0.0856303,0.254461,11356.7,18632.1,3.05619,1.00014,H7_train_noage,111,0,diag_e,4,3000,8000,0.99,0,0.7024913443240909,True
"natural[83,2]",0.80716,0.00374082,0.54213,0.572239,0.0697191,0.746554,1.78934,15212.2,10589.3,4.09376,1.0001,H7_train_noage,111,0,diag_e,4,3000,8000,0.99,0,0.7024913443240909,True
"natural[83,3]",0.594747,0.0126446,1.14743,0.244776,0.0243642,0.251317,2.60894,16852.5,9676.96,4.53519,1.00024,H7_train_noage,111,0,diag_e,4,3000,8000,0.99,0,0.7024913443240909,True
"natural[83,4]",0.21304,0.00816265,0.855844,0.0103043,6.01559e-05,0.00711053,0.935995,17763.6,11390.5,4.78038,1.00004,H7_train_noage,111,0,diag_e,4,3000,8000,0.99,0,0.7024913443240909,True
"natural[84,1]",0.125236,0.000561131,0.081889,0.0558359,0.0340213,0.104557,0.285599,22386.3,20562.1,6.02438,1.00027,H7_train_noage,111,0,diag_e,4,3000,8000,0.99,0,0.7024913443240909,True
"natural[84,2]",0.415858,0.00122559,0.252066,0.230542,0.0993573,0.365923,0.896853,33780.2,21377.8,9.0906,1.00009,H7_train_noage,111,0,diag_e,4,3000,8000,0.99,0,0.7024913443240909,True
"natural[84,3]",3.39445,0.0106217,1.68482,1.56154,1.18403,3.12187,6.54198,32010.1,20500.9,8.61426,1.00013,H7_train_noage,111,0,diag_e,4,3000,8000,0.99,0,0.7024913443240909,True
"natural[84,4]",0.631568,0.00803029,1.08379,0.293121,0.00519782,0.219646,2.72397,38428.3,19784.2,10.3415,1.00005,H7_train_noage,111,0,diag_e,4,3000,8000,0.99,0,0.7024913443240909,True
"natural[85,1]",0.206244,0.00172583,0.15689,0.105796,0.04778,0.152848,0.549239,6500.39,16538.9,1.74932,1.00041,H7_train_noage,111,0,diag_e,4,3000,8000,0.99,0,0.7024913443240909,True
"natural[85,2]",0.163444,0.000780208,0.123082,0.0816827,0.0422983,0.128838,0.401828,22520.2,22510.7,6.06041,1.00015,H7_train_noage,111,0,diag_e,4,3000,8000,0.99,0,0.7024913443240909,True
"natural[85,3]",4.50963,0.016108,2.33864,2.43263,1.23695,4.2397,8.76393,22888.7,22748.2,6.15958,1.00028,H7_train_noage,111,0,diag_e,4,3000,8000,0.99,0,0.7024913443240909,True
"natural[85,4]",3.95684,0.0119027,2.33952,2.2409,0.778754,3.59415,8.34471,42424.6,21885.0,11.4169,1.00001,H7_train_noage,111,0,diag_e,4,3000,8000,0.99,0,0.7024913443240909,True
"natural[86,1]",0.119452,0.000508341,0.0683642,0.0538795,0.0349631,0.105537,0.247641,16344.4,19315.6,4.39845,1.00023,H7_train_noage,111,0,diag_e,4,3000,8000,0.99,0,0.7024913443240909,True
"natural[86,2]",0.282142,0.000900951,0.168282,0.144854,0.0818828,0.246871,0.601658,30935.4,23827.5,8.32503,1.00004,H7_train_noage,111,0,diag_e,4,3000,8000,0.99,0,0.7024913443240909,True
"natural[86,3]",4.08649,0.0113445,1.85229,1.76283,1.58891,3.81184,7.56757,31475.8,20780.3,8.47047,1.00025,H7_train_noage,111,0,diag_e,4,3000,8000,0.99,0,0.7024913443240909,True
"natural[86,4]",1.41033,0.00866053,1.43057,1.01726,0.0422292,0.99284,4.28599,40194.1,21464.2,10.8166,1.0002,H7_train_noage,111,0,diag_e,4,3000,8000,0.99,0,0.7024913443240909,True
"natural[87,1]",0.0736514,0.000424724,0.0454551,0.0405741,0.0158196,0.0668711,0.156613,10033.6,22251.8,2.70016,1.00034,H7_train_noage,111,0,diag_e,4,3000,8000,0.99,0,0.7024913443240909,True
"natural[87,2]",0.702391,0.00203011,0.404799,0.361283,0.214856,0.617541,1.48078,40629.6,26109.4,10.9339,0.999998,H7_train_noage,111,0,diag_e,4,3000,8000,0.99,0,0.7024913443240909,True
"natural[87,3]",6.08714,0.0119384,2.02055,1.98126,2.98941,5.95944,9.65556,28836.3,25477.5,7.76015,1.00027,H7_train_noage,111,0,diag_e,4,3000,8000,0.99,0,0.7024913443240909,True
"natural[87,4]",3.67351,0.0102212,1.84046,1.74622,1.31649,3.34513,7.16058,40981.0,23713.8,11.0284,0.999999,H7_train_noage,111,0,diag_e,4,3000,8000,0.99,0,0.7024913443240909,True
"natural[88,1]",0.214364,0.00151002,0.120219,0.128301,0.0667027,0.190762,0.440173,5922.61,19189.5,1.59384,1.00081,H7_train_noage,111,0,diag_e,4,3000,8000,0.99,0,0.7024913443240909,True
"natural[88,2]",0.637117,0.00221446,0.314096,0.286573,0.224282,0.587076,1.22364,17682.4,22168.2,4.75852,1.0001,H7_train_noage,111,0,diag_e,4,3000,8000,0.99,0,0.7024913443240909,True
"natural[88,3]",4.39338,0.0131878,1.69418,1.61997,2.04355,4.16763,7.52029,17292.5,19973.1,4.6536,1.00013,H7_train_noage,111,0,diag_e,4,3000,8000,0.99,0,0.7024913443240909,True
"natural[88,4]",1.86897,0.00887216,1.17126,0.861838,0.551813,1.59144,4.11155,16998.4,21553.5,4.57446,1.00021,H7_train_noage,111,0,diag_e,4,3000,8000,0.99,0,0.7024913443240909,True
"natural[89,1]",0.134327,0.000886638,0.0866641,0.0645287,0.0355276,0.112982,0.302825,8372.33,17999.9,2.25308,1.00048,H7_train_noage,111,0,diag_e,4,3000,8000,0.99,0,0.7024913443240909,True
"natural[89,2]",0.108112,0.000349182,0.0662802,0.0517747,0.0334085,0.0931239,0.233838,34947.5,21858.5,9.40473,0.99997,H7_train_noage,111,0,diag_e,4,3000,8000,0.99,0,0.7024913443240909,True
"natural[89,3]",5.25637,0.0118567,2.27891,2.29305,1.85163,5.07373,9.28118,38740.4,23550.2,10.4255,1.00016,H7_train_noage,111,0,diag_e,4,3000,8000,0.99,0,0.7024913443240909,True
"natural[89,4]",3.90683,0.0113911,2.40061,2.37744,0.484071,3.59375,8.32304,49044.6,21391.1,13.1984,1.00046,H7_train_noage,111,0,diag_e,4,3000,8000,0.99,0,0.7024913443240909,True
"natural[90,1]",0.0912707,0.000242522,0.0409846,0.0350992,0.0356754,0.0859021,0.164956,29900.1,23248.3,8.04643,1.00003,H7_train_noage,111,0,diag_e,4,3000,8000,0.99,0,0.7024913443240909,True
"natural[90,2]",1.21575,0.00292569,0.510407,0.455428,0.5138,1.15416,2.12231,26868.8,19356.4,7.23068,1.00014,H7_train_noage,111,0,diag_e,4,3000,8000,0.99,0,0.7024913443240909,True
"natural[90,3]",0.739901,0.00218814,0.32477,0.22636,0.33871,0.702673,1.22895,30449.2,21759.7,8.1942,1.00022,H7_train_noage,111,0,diag_e,4,3000,8000,0.99,0,0.7024913443240909,True
"natural[90,4]",0.0619614,0.0008751,0.129954,0.0204099,0.000320881,0.014693,0.296899,26924.1,26589.9,7.24555,1.00002,H7_train_noage,111,0,diag_e,4,3000,8000,0.99,0,0.7024913443240909,True
"natural[91,1]",0.113804,0.000644488,0.0684363,0.05408,0.0304891,0.099761,0.244396,9238.62,17561.9,2.48621,1.00017,H7_train_noage,111,0,diag_e,4,3000,8000,0.99,0,0.7024913443240909,True
"natural[91,2]",0.216279,0.000458459,0.0904525,0.0812848,0.0991183,0.200746,0.387637,38730.6,26169.1,10.4228,1.00001,H7_train_noage,111,0,diag_e,4,3000,8000,0.99,0,0.7024913443240909,True
"natural[91,3]",6.92427,0.0113277,2.05757,2.02433,3.7653,6.79492,10.51,33577.9,25059.6,9.03618,1.00029,H7_train_noage,111,0,diag_e,4,3000,8000,0.99,0,0.7024913443240909,True
"natural[91,4]",5.91807,0.00982726,2.15875,2.09482,2.81371,5.68347,9.82614,56182.2,25127.3,15.1192,1.00015,H7_train_noage,111,0,diag_e,4,3000,8000,0.99,0,0.7024913443240909,True
"natural[92,1]",0.057061,0.000341938,0.0363796,0.0343006,0.0118997,0.0508347,0.120288,10419.9,23103.5,2.80412,1.00012,H7_train_noage,111,0,diag_e,4,3000,8000,0.99,0,0.7024913443240909,True
"natural[92,2]",2.08231,0.00702338,1.10648,0.983001,0.583444,1.91662,4.09746,20697.8,15099.1,5.57,1.00014,H7_train_noage,111,0,diag_e,4,3000,8000,0.99,0,0.7024913443240909,True
"natural[92,3]",0.873239,0.00465928,0.567672,0.289456,0.381047,0.733461,1.81486,27182.4,16707.2,7.31508,1.00025,H7_train_noage,111,0,diag_e,4,3000,8000,0.99,0,0.7024913443240909,True
"natural[92,4]",0.0398792,0.00111305,0.147353,0.00992609,0.000143701,0.00716196,0.175245,27927.0,25261.9,7.51544,1.00005,H7_train_noage,111,0,diag_e,4,3000,8000,0.99,0,0.7024913443240909,True
"natural[93,1]",0.0918431,0.000430593,0.0558759,0.0427656,0.0247253,0.0809537,0.199717,15505.8,21059.0,4.17278,1.00017,H7_train_noage,111,0,diag_e,4,3000,8000,0.99,0,0.7024913443240909,True
"natural[93,2]",3.73605,0.0157075,2.69289,1.75992,1.10541,3.06066,8.55807,31256.3,23403.2,8.41141,1.00003,H7_train_noage,111,0,diag_e,4,3000,8000,0.99,0,0.7024913443240909,True
"natural[93,3]",0.64398,0.00153353,0.244035,0.141216,0.402868,0.589389,1.04687,31603.9,25093.4,8.50495,1.00004,H7_train_noage,111,0,diag_e,4,3000,8000,0.99,0,0.7024913443240909,True
"natural[93,4]",0.0187909,0.000278339,0.0459937,0.00513446,6.73411e-05,0.0036995,0.0921755,28971.6,26314.0,7.79657,1.00007,H7_train_noage,111,0,diag_e,4,3000,8000,0.99,0,0.7024913443240909,True
"natural[94,1]",0.139393,0.000835351,0.0926107,0.0658515,0.0364778,0.115191,0.322047,11021.0,19537.4,2.96587,1.00036,H7_train_noage,111,0,diag_e,4,3000,8000,0.99,0,0.7024913443240909,True
"natural[94,2]",0.188045,0.000657462,0.126494,0.10512,0.0446577,0.157118,0.435554,34318.6,24501.2,9.23551,1.00001,H7_train_noage,111,0,diag_e,4,3000,8000,0.99,0,0.7024913443240909,True
"natural[94,3]",4.06663,0.0116483,2.09337,2.03466,1.14828,3.78632,7.95531,36248.5,22979.2,9.75485,1.00005,H7_train_noage,111,0,diag_e,4,3000,8000,0.99,0,0.7024913443240909,True
"natural[94,4]",1.69733,0.0113125,1.89934,1.29339,0.0200509,1.02278,5.68344,42002.7,23134.1,11.3034,1.0001,H7_train_noage,111,0,diag_e,4,3000,8000,0.99,0,0.7024913443240909,True
"natural[95,1]",0.117071,0.000399156,0.0602273,0.0508271,0.0381029,0.106045,0.230442,21100.4,18503.1,5.67835,1.00022,H7_train_noage,111,0,diag_e,4,3000,8000,0.99,0,0.7024913443240909,True
"natural[95,2]",0.316515,0.000963573,0.181846,0.157091,0.0965052,0.277867,0.663648,31294.1,24038.7,8.42158,1.00005,H7_train_noage,111,0,diag_e,4,3000,8000,0.99,0,0.7024913443240909,True
"natural[95,3]",4.53715,0.0110417,1.8085,1.73355,2.06394,4.29102,7.90708,31168.4,22082.8,8.38774,1.00015,H7_train_noage,111,0,diag_e,4,3000,8000,0.99,0,0.7024913443240909,True
"natural[95,4]",1.69052,0.00852233,1.44203,1.04394,0.163509,1.29923,4.54732,40376.6,21523.3,10.8658,1.00018,H7_train_noage,111,0,diag_e,4,3000,8000,0.99,0,0.7024913443240909,True
"natural[96,1]",0.109792,0.000422441,0.0587719,0.0472674,0.0349344,0.0982299,0.224402,18542.4,18477.7,4.98996,1.00026,H7_train_noage,111,0,diag_e,4,3000,8000,0.99,0,0.7024913443240909,True
"natural[96,2]",0.90304,0.00217607,0.416984,0.394089,0.337925,0.84328,1.67519,34448.3,23558.4,9.27039,0.999989,H7_train_noage,111,0,diag_e,4,3000,8000,0.99,0,0.7024913443240909,True
"natural[96,3]",4.25122,0.00839309,1.45853,1.41263,2.15261,4.09934,6.91166,33465.8,22627.8,9.00601,1.00025,H7_train_noage,111,0,diag_e,4,3000,8000,0.99,0,0.7024913443240909,True
"natural[96,4]",0.547453,0.00251363,0.45021,0.330584,0.0418969,0.474347,1.29278,33149.4,23115.0,8.92086,1.00009,H7_train_noage,111,0,diag_e,4,3000,8000,0.99,0,0.7024913443240909,True
"natural[97,1]",0.169913,0.00130521,0.115127,0.0834058,0.0449937,0.137411,0.403113,6485.3,19541.7,1.74526,1.0003,H7_train_noage,111,0,diag_e,4,3000,8000,0.99,0,0.7024913443240909,True
"natural[97,2]",0.109268,0.000411475,0.0777695,0.0580606,0.0267418,0.0888527,0.260263,33511.0,25126.9,9.01815,1.00021,H7_train_noage,111,0,diag_e,4,3000,8000,0.99,0,0.7024913443240909,True
"natural[97,3]",4.21531,0.013355,2.32831,2.38163,0.970318,3.91471,8.48003,33679.9,23646.7,9.06361,1.00001,H7_train_noage,111,0,diag_e,4,3000,8000,0.99,0,0.7024913443240909,True
"natural[97,4]",2.83342,0.0132893,2.44683,2.40661,0.0464148,2.27639,7.58267,38108.0,24052.0,10.2553,1.00008,H7_train_noage,111,0,diag_e,4,3000,8000,0.99,0,0.7024913443240909,True
"natural[98,1]",0.138938,0.000702717,0.0821486,0.0611082,0.0444459,0.119268,0.29637,12167.2,21119.8,3.27431,1.00009,H7_train_noage,111,0,diag_e,4,3000,8000,0.99,0,0.7024913443240909,True
"natural[98,2]",0.23299,0.000743889,0.142053,0.117857,0.0694399,0.200129,0.508744,33443.7,25627.8,9.00005,1.00005,H7_train_noage,111,0,diag_e,4,3000,8000,0.99,0,0.7024913443240909,True
"natural[98,3]",5.07145,0.0116563,1.9657,1.92411,2.30331,4.82861,8.69275,32268.3,22070.5,8.68373,1.00016,H7_train_noage,111,0,diag_e,4,3000,8000,0.99,0,0.7024913443240909,True
"natural[98,4]",2.4033,0.0101184,1.83955,1.56628,0.270388,1.95438,6.05584,44283.8,21706.9,11.9172,1.00013,H7_train_noage,111,0,diag_e,4,3000,8000,0.99,0,0.7024913443240909,True
"natural[99,1]",0.0644759,0.000384533,0.0375473,0.036294,0.0137252,0.06006,0.131291,8633.69,20818.8,2.32342,1.00014,H7_train_noage,111,0,diag_e,4,3000,8000,0.99,0,0.7024913443240909,True
"natural[99,2]",2.03352,0.00342951,0.68224,0.639263,1.08023,1.94817,3.27315,39110.7,26113.9,10.5251,1.00003,H7_train_noage,111,0,diag_e,4,3000,8000,0.99,0,0.7024913443240909,True
"natural[99,3]",2.93466,0.00713615,1.24093,1.16296,1.34036,2.7095,5.30555,36041.2,24418.4,9.69907,1.00002,H7_train_noage,111,0,diag_e,4,3000,8000,0.99,0,0.7024913443240909,True
"natural[99,4]",0.0638703,0.000395723,0.0773275,0.042583,0.00120552,0.0339125,0.228474,37474.0,25473.0,10.0847,1.0,H7_train_noage,111,0,diag_e,4,3000,8000,0.99,0,0.7024913443240909,True
"natural[100,1]",0.0981212,0.000482409,0.0533529,0.0467131,0.0274142,0.0900388,0.199106,11019.9,20284.9,2.96558,1.00045,H7_train_noage,111,0,diag_e,4,3000,8000,0.99,0,0.7024913443240909,True
"natural[100,2]",0.316394,0.000761722,0.156818,0.138457,0.119694,0.28698,0.612472,43314.5,24438.1,11.6564,0.999986,H7_train_noage,111,0,diag_e,4,3000,8000,0.99,0,0.7024913443240909,True
"natural[100,3]",6.73577,0.00967535,1.93703,1.91468,3.83887,6.58182,10.1687,42950.4,25232.1,11.5584,1.00026,H7_train_noage,111,0,diag_e,4,3000,8000,0.99,0,0.7024913443240909,True
"natural[100,4]",4.00602,0.0100624,2.09504,2.05175,1.13457,3.71498,7.88226,54387.2,22636.6,14.6362,1.00006,H7_train_noage,111,0,diag_e,4,3000,8000,0.99,0,0.7024913443240909,True
"natural[101,1]",0.0537213,0.000456937,0.0330962,0.0339263,0.00983031,0.0487082,0.114479,5532.41,17968.5,1.48883,1.00028,H7_train_noage,111,0,diag_e,4,3000,8000,0.99,0,0.7024913443240909,True
"natural[101,2]",5.87923,0.0229043,3.78794,2.29601,2.36917,4.95115,12.4089,39085.2,25551.1,10.5182,1.00008,H7_train_noage,111,0,diag_e,4,3000,8000,0.99,0,0.7024913443240909,True
"natural[101,3]",2.37375,0.00754749,1.27523,1.14746,0.894996,2.0725,4.88277,32452.4,26191.9,8.73329,0.999931,H7_train_noage,111,0,diag_e,4,3000,8000,0.99,0,0.7024913443240909,True
"natural[101,4]",0.0380399,0.000322718,0.0595416,0.017404,0.000232542,0.0126326,0.167852,34788.6,27750.9,9.36198,1.0001,H7_train_noage,111,0,diag_e,4,3000,8000,0.99,0,0.7024913443240909,True
"natural[102,1]",0.171128,0.00129428,0.115055,0.0861481,0.0445259,0.139386,0.401179,6714.38,14919.3,1.80691,1.00037,H7_train_noage,111,0,diag_e,4,3000,8000,0.99,0,0.7024913443240909,True
"natural[102,2]",0.245018,0.00122852,0.203824,0.175082,0.0288433,0.18843,0.654216,21112.1,23923.0,5.6815,1.00021,H7_train_noage,111,0,diag_e,4,3000,8000,0.99,0,0.7024913443240909,True
"natural[102,3]",1.97485,0.0165991,2.06509,1.25545,0.110081,1.19609,6.39801,21136.5,19451.1,5.68807,1.00018,H7_train_noage,111,0,diag_e,4,3000,8000,0.99,0,0.7024913443240909,True
"natural[102,4]",1.00993,0.0129311,1.76357,0.310746,0.00106163,0.212988,4.98394,25078.2,21550.0,6.74881,1.0001,H7_train_noage,111,0,diag_e,4,3000,8000,0.99,0,0.7024913443240909,True
"natural[103,1]",0.0461339,0.0004191,0.0279622,0.0282899,0.00950104,0.0412762,0.0967643,5042.75,9863.79,1.35706,1.00085,H7_train_noage,111,0,diag_e,4,3000,8000,0.99,0,0.7024913443240909,True
"natural[103,2]",1.85965,0.0069596,0.990032,0.72753,0.74684,1.64786,3.67819,17660.1,23642.7,4.75252,1.00031,H7_train_noage,111,0,diag_e,4,3000,8000,0.99,0,0.7024913443240909,True
"natural[103,3]",3.45417,0.00896644,1.45422,1.42588,1.44937,3.25676,6.12823,29076.3,22554.8,7.82474,0.999974,H7_train_noage,111,0,diag_e,4,3000,8000,0.99,0,0.7024913443240909,True
"natural[103,4]",0.196564,0.00104167,0.148057,0.184883,0.00551866,0.181696,0.444027,19432.8,25395.2,5.22956,1.00019,H7_train_noage,111,0,diag_e,4,3000,8000,0.99,0,0.7024913443240909,True
"natural[104,1]",0.0829058,0.00050682,0.0584501,0.0433942,0.0186081,0.0725699,0.184167,12502.7,19155.4,3.3646,1.00033,H7_train_noage,111,0,diag_e,4,3000,8000,0.99,0,0.7024913443240909,True
"natural[104,2]",0.512982,0.00200215,0.330918,0.331289,0.0886363,0.454286,1.13293,21572.6,17396.7,5.80541,1.00021,H7_train_noage,111,0,diag_e,4,3000,8000,0.99,0,0.7024913443240909,True
"natural[104,3]",1.53912,0.00991587,1.22822,0.718036,0.394457,1.16029,4.03372,24537.5,15342.8,6.60331,1.00016,H7_train_noage,111,0,diag_e,4,3000,8000,0.99,0,0.7024913443240909,True
"natural[104,4]",0.16607,0.00396731,0.494041,0.0456421,0.000836719,0.0335906,0.689558,30163.1,19470.5,8.11722,1.00002,H7_train_noage,111,0,diag_e,4,3000,8000,0.99,0,0.7024913443240909,True
"natural[105,1]",0.162615,0.00131359,0.117797,0.0788912,0.0403096,0.128322,0.403754,6669.88,16288.8,1.79493,1.0001,H7_train_noage,111,0,diag_e,4,3000,8000,0.99,0,0.7024913443240909,True
"natural[105,2]",0.154116,0.000711087,0.125856,0.0973436,0.0255035,0.117679,0.407194,24776.9,24954.7,6.66774,0.999998,H7_train_noage,111,0,diag_e,4,3000,8000,0.99,0,0.7024913443240909,True
"natural[105,3]",2.81495,0.0158889,2.26241,1.98168,0.290413,2.18542,7.33093,25502.3,21955.9,6.86293,1.00025,H7_train_noage,111,0,diag_e,4,3000,8000,0.99,0,0.7024913443240909,True
"natural[105,4]",1.59238,0.0133946,2.06976,1.01465,0.00479218,0.713254,6.06251,33421.7,22442.1,8.99412,1.00013,H7_train_noage,111,0,diag_e,4,3000,8000,0.99,0,0.7024913443240909,True
"natural[106,1]",0.123031,0.000721867,0.0860697,0.0586639,0.0292103,0.10155,0.290189,12023.3,19240.2,3.2356,1.00027,H7_train_noage,111,0,diag_e,4,3000,8000,0.99,0,0.7024913443240909,True
"natural[106,2]",0.167928,0.000510195,0.105652,0.0908815,0.0430292,0.14499,0.372033,39566.5,23997.1,10.6478,1.00011,H7_train_noage,111,0,diag_e,4,3000,8000,0.99,0,0.7024913443240909,True
"natural[106,3]",4.73436,0.0111954,2.0976,2.06649,1.70405,4.52405,8.50529,38999.3,23673.2,10.4951,1.00001,H7_train_noage,111,0,diag_e,4,3000,8000,0.99,0,0.7024913443240909,True
"natural[106,4]",2.12595,0.0120341,2.06568,1.73874,0.0444806,1.50633,6.33725,41857.2,23019.4,11.2642,1.00017,H7_train_noage,111,0,diag_e,4,3000,8000,0.99,0,0.7024913443240909,True
"natural[107,1]",0.133187,0.00064906,0.0824357,0.0596823,0.0397677,0.110187,0.298527,18735.3,23300.7,5.04186,1.00012,H7_train_noage,111,0,diag_e,4,3000,8000,0.99,0,0.7024913443240909,True
"natural[107,2]",0.864344,0.00205533,0.401047,0.38161,0.315026,0.808198,1.60363,33538.6,20764.3,9.02558,1.00004,H7_train_noage,111,0,diag_e,4,3000,8000,0.99,0,0.7024913443240909,True
"natural[107,3]",2.16188,0.00702389,1.05498,0.867969,0.940566,1.91913,4.19738,28587.3,21022.9,7.69313,1.00003,H7_train_noage,111,0,diag_e,4,3000,8000,0.99,0,0.7024913443240909,True
"natural[107,4]",0.135907,0.00168755,0.257252,0.0635439,0.00135112,0.0478707,0.540516,36286.1,25492.9,9.76498,1.00017,H7_train_noage,111,0,diag_e,4,3000,8000,0.99,0,0.7024913443240909,True
"natural[108,1]",0.0724744,0.000535535,0.0552201,0.0370842,0.0169271,0.0619984,0.161145,10914.8,13689.4,2.93728,1.00008,H7_train_noage,111,0,diag_e,4,3000,8000,0.99,0,0.7024913443240909,True
"natural[108,2]",0.933055,0.0038373,0.512718,0.527546,0.159044,0.896941,1.83916,15139.9,11457.6,4.07429,1.00028,H7_train_noage,111,0,diag_e,4,3000,8000,0.99,0,0.7024913443240909,True
"natural[108,3]",0.657213,0.0073598,0.714056,0.259834,0.131773,0.503658,1.65057,21919.2,11225.5,5.89867,1.00057,H7_train_noage,111,0,diag_e,4,3000,8000,0.99,0,0.7024913443240909,True
"natural[108,4]",0.0667706,0.00306474,0.34597,0.0108439,0.000171161,0.00785802,0.209072,23911.8,17531.6,6.43492,1.00012,H7_train_noage,111,0,diag_e,4,3000,8000,0.99,0,0.7024913443240909,True
"natural[109,1]",0.0713373,0.000321901,0.0390696,0.036955,0.0176946,0.0673703,0.141887,12891.9,22027.3,3.46934,1.00012,H7_train_noage,111,0,diag_e,4,3000,8000,0.99,0,0.7024913443240909,True
"natural[109,2]",1.00024,0.00196061,0.396501,0.373815,0.442392,0.951876,1.72234,38730.0,23875.6,10.4226,1.00012,H7_train_noage,111,0,diag_e,4,3000,8000,0.99,0,0.7024913443240909,True
"natural[109,3]",4.00632,0.00764837,1.3505,1.275,2.11845,3.83046,6.49655,34557.6,24491.3,9.29981,1.00007,H7_train_noage,111,0,diag_e,4,3000,8000,0.99,0,0.7024913443240909,True
"natural[109,4]",0.241006,0.00115218,0.212119,0.19148,0.0109156,0.198307,0.609411,33095.8,24695.4,8.90642,1.00014,H7_train_noage,111,0,diag_e,4,3000,8000,0.99,0,0.7024913443240909,True
"natural[110,1]",0.11029,0.00076324,0.0737852,0.0515667,0.0281477,0.0941293,0.247892,8522.55,17627.7,2.29351,1.0004,H7_train_noage,111,0,diag_e,4,3000,8000,0.99,0,0.7024913443240909,True
"natural[110,2]",0.132684,0.000534116,0.0943273,0.0679432,0.0337118,0.108297,0.312267,31999.0,24503.4,8.61127,1.00009,H7_train_noage,111,0,diag_e,4,3000,8000,0.99,0,0.7024913443240909,True
"natural[110,3]",4.78282,0.0130349,2.26597,2.27672,1.49583,4.56095,8.83689,31806.6,24038.5,8.55949,1.00014,H7_train_noage,111,0,diag_e,4,3000,8000,0.99,0,0.7024913443240909,True
"natural[110,4]",3.36569,0.0122874,2.36799,2.32358,0.227967,2.97783,7.86163,43227.4,22960.6,11.6329,1.00014,H7_train_noage,111,0,diag_e,4,3000,8000,0.99,0,0.7024913443240909,True
"natural[111,1]",0.0977282,0.000548784,0.0653164,0.0450932,0.0254731,0.0849881,0.215018,14195.9,21307.8,3.82025,1.00025,H7_train_noage,111,0,diag_e,4,3000,8000,0.99,0,0.7024913443240909,True
"natural[111,2]",0.502165,0.00171746,0.284514,0.283717,0.105674,0.465317,1.02901,22365.8,14878.7,6.01887,1.00011,H7_train_noage,111,0,diag_e,4,3000,8000,0.99,0,0.7024913443240909,True
"natural[111,3]",1.23434,0.00837603,1.01952,0.559771,0.26827,0.975406,3.10311,25518.7,14968.1,6.86734,1.00019,H7_train_noage,111,0,diag_e,4,3000,8000,0.99,0,0.7024913443240909,True
"natural[111,4]",0.151212,0.00422853,0.495201,0.0399244,0.000653627,0.0293933,0.575267,30164.8,18128.7,8.11766,1.00005,H7_train_noage,111,0,diag_e,4,3000,8000,0.99,0,0.7024913443240909,True
"Omega[1,2]",-0.348407,0.00681307,0.235382,0.224179,-0.694072,-0.370231,0.0719877,1325.4,1414.82,0.356679,1.00208,H7_train_noage,111,0,diag_e,4,3000,8000,0.99,0,0.7024913443240909,True
"Omega[1,3]",0.0454581,0.00635278,0.255421,0.250297,-0.37914,0.049044,0.467823,1615.38,2287.03,0.434715,1.00161,H7_train_noage,111,0,diag_e,4,3000,8000,0.99,0,0.7024913443240909,True
"Omega[1,4]",0.15043,0.00581691,0.240568,0.232273,-0.268516,0.165277,0.517906,1767.57,2536.56,0.475672,1.00169,H7_train_noage,111,0,diag_e,4,3000,8000,0.99,0,0.7024913443240909,True
"Omega[2,1]",-0.348407,0.00681307,0.235382,0.224179,-0.694072,-0.370231,0.0719877,1325.4,1414.82,0.356679,1.00208,H7_train_noage,111,0,diag_e,4,3000,8000,0.99,0,0.7024913443240909,True
"Omega[2,3]",-0.397977,0.00106796,0.122712,0.122885,-0.59036,-0.40376,-0.185969,13153.4,20032.3,3.5397,1.00049,H7_train_noage,111,0,diag_e,4,3000,8000,0.99,0,0.7024913443240909,True
"Omega[2,4]",-0.548068,0.000991405,0.105877,0.106441,-0.709409,-0.555584,-0.362186,11402.1,20144.6,3.06844,1.00005,H7_train_noage,111,0,diag_e,4,3000,8000,0.99,0,0.7024913443240909,True
"Omega[3,1]",0.0454581,0.00635278,0.255421,0.250297,-0.37914,0.049044,0.467823,1615.38,2287.03,0.434715,1.00161,H7_train_noage,111,0,diag_e,4,3000,8000,0.99,0,0.7024913443240909,True
"Omega[3,2]",-0.397977,0.00106796,0.122712,0.122885,-0.59036,-0.40376,-0.185969,13153.4,20032.3,3.5397,1.00049,H7_train_noage,111,0,diag_e,4,3000,8000,0.99,0,0.7024913443240909,True
"Omega[3,4]",0.763311,0.00108355,0.0931014,0.0931666,0.598212,0.770858,0.903013,7220.98,13015.3,1.94324,1.00058,H7_train_noage,111,0,diag_e,4,3000,8000,0.99,0,0.7024913443240909,True
"Omega[4,1]",0.15043,0.00581691,0.240568,0.232273,-0.268516,0.165277,0.517906,1767.57,2536.56,0.475672,1.00169,H7_train_noage,111,0,diag_e,4,3000,8000,0.99,0,0.7024913443240909,True
"Omega[4,2]",-0.548068,0.000991405,0.105877,0.106441,-0.709409,-0.555584,-0.362186,11402.1,20144.6,3.06844,1.00005,H7_train_noage,111,0,diag_e,4,3000,8000,0.99,0,0.7024913443240909,True
"Omega[4,3]",0.763311,0.00108355,0.0931014,0.0931666,0.598212,0.770858,0.903013,7220.98,13015.3,1.94324,1.00058,H7_train_noage,111,0,diag_e,4,3000,8000,0.99,0,0.7024913443240909,True
