run,model,participant_id,parameter,age,mean,median,ci_low,ci_high
H5_full_age_prior1.5,H5,sub-10317,alpha,63,0.0821672695651444,0.049506989084999994,0.0019970160976,0.33607542946249996
H5_full_age_prior1.5,H5,sub-10317,kappa,63,0.5995786359740359,0.56389643315,0.1432714680825,1.2635597500999984
H5_full_age_prior1.5,H5,sub-10317,theta,63,8.35418131025044,7.8287384205,2.7011451267999997,16.974531530249994
H5_full_age_prior1.5,H5,sub-10317,friend_value_probability_effect,63,0.6363565479635663,0.640246726773608,0.46208144329643674,0.7853704120605042
H5_full_age_prior1.5,H5,sub-10317,canonical_friend_logit,63,13.691919536398032,11.813182538236239,3.9737241885463206,34.294543544628915
H5_full_age_prior1.5,H5,sub-10369,alpha,32,0.2271248025147096,0.1834927624,0.01170491518925,0.6372414561724997
H5_full_age_prior1.5,H5,sub-10369,kappa,32,0.15495573134138066,0.1206780939,0.025034042539749998,0.47679073902249974
H5_full_age_prior1.5,H5,sub-10369,theta,32,9.46809687852392,8.87268443,2.1761479615250003,20.32314155199999
H5_full_age_prior1.5,H5,sub-10369,friend_value_probability_effect,32,0.3891924846478811,0.39810243426645137,0.16042456813053937,0.5671593309112373
H5_full_age_prior1.5,H5,sub-10369,canonical_friend_logit,32,3.3153343433175624,2.995116716990222,0.8803554113620042,7.648875594180994
H5_full_age_prior1.5,H5,sub-10402,alpha,36,0.15150911878511636,0.10959691555000001,0.0079314926577,0.5574588875074997
H5_full_age_prior1.5,H5,sub-10402,kappa,36,0.06634856590717281,0.04572210654,0.00964968792975,0.24791932381749998
H5_full_age_prior1.5,H5,sub-10402,theta,36,9.855351887412274,9.223464152,1.4700347575250001,22.31296897625
H5_full_age_prior1.5,H5,sub-10402,friend_value_probability_effect,36,0.21077967399013453,0.21127215555919393,0.06590399613011479,0.35421456735838824
H5_full_age_prior1.5,H5,sub-10402,canonical_friend_logit,36,1.2501927230512715,1.2065586900293819,0.34865065639355913,2.4009300031815344
H5_full_age_prior1.5,H5,sub-10418,alpha,68,0.03524618673371837,0.023803944325,0.001376010680575,0.1341457250625
H5_full_age_prior1.5,H5,sub-10418,kappa,68,0.2297257757330522,0.21117670455,0.07795875774175,0.4822122154049999
H5_full_age_prior1.5,H5,sub-10418,theta,68,12.66750095705928,12.322475025,5.743213576125,21.580169528749995
H5_full_age_prior1.5,H5,sub-10418,friend_value_probability_effect,68,0.5283947892252985,0.5323927583762522,0.41101167376988124,0.624093164986361
H5_full_age_prior1.5,H5,sub-10418,canonical_friend_logit,68,8.097884571690887,7.4206787690357,3.3212222067409254,16.637365220234006
H5_full_age_prior1.5,H5,sub-10462,alpha,62,0.09982328235645377,0.055129268339999996,0.0031672421488250003,0.47383070720749987
H5_full_age_prior1.5,H5,sub-10462,kappa,62,0.4202490159994487,0.35264780055,0.01079834498875,1.2496762836749997
H5_full_age_prior1.5,H5,sub-10462,theta,62,3.258127390098305,1.038569164,0.0125105852105,18.105609699249996
H5_full_age_prior1.5,H5,sub-10462,friend_value_probability_effect,62,0.21088366647619702,0.1989799458972239,0.002190901388237856,0.49908946563153034
H5_full_age_prior1.5,H5,sub-10462,canonical_friend_logit,62,1.2448015486787698,1.1181298837557776,0.012603946068850534,3.2349993967801995
H5_full_age_prior1.5,H5,sub-10478,alpha,28,0.09149562994751276,0.069074054435,0.0045290345795249995,0.304598751485
H5_full_age_prior1.5,H5,sub-10478,kappa,28,0.16974182405786092,0.1487394363,0.0542884872545,0.4039676645799997
H5_full_age_prior1.5,H5,sub-10478,theta,28,11.250921839863437,10.808349695,4.1447252876750005,20.9300694305
H5_full_age_prior1.5,H5,sub-10478,friend_value_probability_effect,28,0.46868909807583875,0.4730837631802997,0.3391383317756539,0.5740881135405509
H5_full_age_prior1.5,H5,sub-10478,canonical_friend_logit,28,4.9001023544484035,4.67529442816323,2.3103254647930034,8.781629007846972
H5_full_age_prior1.5,H5,sub-10486,alpha,42,0.07967413882540159,0.051361779045,0.00294089930395,0.3195160480849998
H5_full_age_prior1.5,H5,sub-10486,kappa,42,0.11755211407076302,0.10609112565,0.0326583449115,0.2650583599974997
H5_full_age_prior1.5,H5,sub-10486,theta,42,14.010732332158968,13.71814222,6.3371372038,23.456893118499988
H5_full_age_prior1.5,H5,sub-10486,friend_value_probability_effect,42,0.43549490896523546,0.44853017647076177,0.24400153989050533,0.5552195950973744
H5_full_age_prior1.5,H5,sub-10486,canonical_friend_logit,42,4.603395580502759,4.210564927413866,1.4523950258856062,10.005918688904638
H5_full_age_prior1.5,H5,sub-10529,alpha,68,0.08592048122840681,0.058210524550000003,0.003436822124575,0.3295380263424999
H5_full_age_prior1.5,H5,sub-10529,kappa,68,0.06563082294250432,0.051176962835,0.0130627002855,0.2060607476875
H5_full_age_prior1.5,H5,sub-10529,theta,68,11.2471971586469,10.77192047,2.720957959075,22.711346596499997
H5_full_age_prior1.5,H5,sub-10529,friend_value_probability_effect,68,0.2626902336615692,0.2667603809136873,0.10330326619032491,0.40149467361734276
H5_full_age_prior1.5,H5,sub-10529,canonical_friend_logit,68,1.6707291692287776,1.621607848414523,0.5541578765191502,3.0738005027183077
H5_full_age_prior1.5,H5,sub-10541,alpha,69,0.11435249376359218,0.077743827655,0.0040757410067,0.4342316505549996
H5_full_age_prior1.5,H5,sub-10541,kappa,69,0.040885877484791604,0.031698970075,0.007342214500075,0.12889297820999987
H5_full_age_prior1.5,H5,sub-10541,theta,69,11.969886031669347,11.644366215,2.4932488999249998,23.923311916749988
H5_full_age_prior1.5,H5,sub-10541,friend_value_probability_effect,69,0.18860666537160348,0.18797669066053826,0.05588309786669093,0.3250512851160332
H5_full_age_prior1.5,H5,sub-10541,canonical_friend_logit,69,1.1020367304010166,1.057544727508191,0.29515892139722477,2.1602957649534944
H5_full_age_prior1.5,H5,sub-10555,alpha,28,0.45427133864531377,0.47051537235,0.0409586780545,0.8445168397249999
H5_full_age_prior1.5,H5,sub-10555,kappa,28,0.2421220313250313,0.1930959691,0.015884458195500002,0.7315802017324988
H5_full_age_prior1.5,H5,sub-10555,theta,28,6.377407751352414,4.957477298500001,0.6456698344925,18.71340702749998
H5_full_age_prior1.5,H5,sub-10555,friend_value_probability_effect,28,0.35354525550353877,0.3578233193134022,0.05966628778828827,0.6182316894637058
H5_full_age_prior1.5,H5,sub-10555,canonical_friend_logit,28,2.899192506998986,2.3240685757364528,0.31665210625656104,8.665153664470157
H5_full_age_prior1.5,H5,sub-10559,alpha,28,0.05636218688698567,0.05440862677,0.008170614097725001,0.116573615325
H5_full_age_prior1.5,H5,sub-10559,kappa,28,2.2305326664631786,2.1651868045000002,1.364648881275,3.4767273778499987
H5_full_age_prior1.5,H5,sub-10559,theta,28,0.1770675308452747,0.1472076992,4.497307608275e-05,0.4977972623224997
H5_full_age_prior1.5,H5,sub-10559,friend_value_probability_effect,28,0.10341792812725029,0.059391300444306114,1.5077927019807583e-05,0.4125111086939294
H5_full_age_prior1.5,H5,sub-10559,canonical_friend_logit,28,1.3154205366932152,0.9145385392885538,0.0002533977072708341,4.536953847440785
H5_full_age_prior1.5,H5,sub-10572,alpha,70,0.06010468991924033,0.037925394370000004,0.002364895142275,0.24997602008749983
H5_full_age_prior1.5,H5,sub-10572,kappa,70,0.4374713452001841,0.43162363169999995,0.0171369020405,0.8831025739324999
H5_full_age_prior1.5,H5,sub-10572,theta,70,0.7541949748352442,0.1987120472,0.0004454512685,8.540044377049961
H5_full_age_prior1.5,H5,sub-10572,friend_value_probability_effect,70,0.06205522655706566,0.04042823328871328,9.04184281546567e-05,0.2309015737013281
H5_full_age_prior1.5,H5,sub-10572,canonical_friend_logit,70,0.3495449875558629,0.230664316900755,0.0005379570227640893,1.2982243933786455
H5_full_age_prior1.5,H5,sub-10581,alpha,48,0.055315400362938257,0.042056788649999996,0.0030541902580000003,0.18150991918499992
H5_full_age_prior1.5,H5,sub-10581,kappa,48,0.3780277476737633,0.33882555005,0.047079789425000004,0.9272614406775
H5_full_age_prior1.5,H5,sub-10581,theta,48,4.640331391167716,3.0417356865,1.1133131196750001,16.16323113274999
H5_full_age_prior1.5,H5,sub-10581,friend_value_probability_effect,48,0.43396383128627974,0.4345630795290263,0.2604077784302758,0.6021386037240614
H5_full_age_prior1.5,H5,sub-10581,canonical_friend_logit,48,3.124175520474534,3.044865167142844,1.5172037615904177,5.186174363679628
H5_full_age_prior1.5,H5,sub-10584,alpha,50,0.09957220753669654,0.07163184007,0.005750966270675,0.37940073048999984
H5_full_age_prior1.5,H5,sub-10584,kappa,50,0.45360332519007146,0.44775222325,0.13439520708,0.80717520515
H5_full_age_prior1.5,H5,sub-10584,theta,50,0.1194999017660066,0.03390019354,8.442013086225e-05,0.4686336716749985
H5_full_age_prior1.5,H5,sub-10584,friend_value_probability_effect,50,0.01753072765431052,0.007270346823653514,1.8466944313519238e-05,0.09188019833362501
H5_full_age_prior1.5,H5,sub-10584,canonical_friend_logit,50,0.10054250369435909,0.04263353443209458,0.00010956654530073134,0.5211113812452699
H5_full_age_prior1.5,H5,sub-10585,alpha,63,0.1053367749879026,0.075704732035,0.0040124378341,0.36460250897999924
H5_full_age_prior1.5,H5,sub-10585,kappa,63,0.08016368306401983,0.06902904614,0.022593195634,0.2047771769925
H5_full_age_prior1.5,H5,sub-10585,theta,63,12.110369976598868,11.68122906,4.13422728105,22.670710377499994
H5_full_age_prior1.5,H5,sub-10585,friend_value_probability_effect,63,0.33707316258564546,0.34336277639893364,0.1810771548546954,0.4580653333408215
H5_full_age_prior1.5,H5,sub-10585,canonical_friend_logit,63,2.4365111146493845,2.362158911175425,1.0147544797752128,4.27559536644315
H5_full_age_prior1.5,H5,sub-10589,alpha,34,0.08719169776213,0.062188834565000004,0.00443881564375,0.31260693372499915
H5_full_age_prior1.5,H5,sub-10589,kappa,34,0.099107681390265,0.084164429465,0.02835015714175,0.2565556505274999
H5_full_age_prior1.5,H5,sub-10589,theta,34,11.375351434954405,10.88349478,3.714265429825,21.719071040999996
H5_full_age_prior1.5,H5,sub-10589,friend_value_probability_effect,34,0.3655495586887434,0.37166989588133437,0.21476086767181604,0.481695756541798
H5_full_age_prior1.5,H5,sub-10589,canonical_friend_logit,34,2.7837016570565116,2.695353154593249,1.2366291936785552,4.794400636692844
H5_full_age_prior1.5,H5,sub-10590,alpha,56,0.1733550183115218,0.1610454321,0.0176385832145,0.40075167659499983
H5_full_age_prior1.5,H5,sub-10590,kappa,56,0.6261461991593162,0.601239405,0.16893009833,1.2261469528499993
H5_full_age_prior1.5,H5,sub-10590,theta,56,4.843252766546957,3.8972220045,1.55606793205,13.218504582499992
H5_full_age_prior1.5,H5,sub-10590,friend_value_probability_effect,56,0.610490676390061,0.6136168616856706,0.45463773823238673,0.7461471816484934
H5_full_age_prior1.5,H5,sub-10590,canonical_friend_logit,56,7.390604467141007,6.774693448610298,3.3697123828337276,15.080971674942765
H5_full_age_prior1.5,H5,sub-10596,alpha,27,0.06796112618953241,0.04664067156,0.0030385879229,0.2595202982724999
H5_full_age_prior1.5,H5,sub-10596,kappa,27,0.11836807482615751,0.10838004470000001,0.04356133690025,0.24862818805249992
H5_full_age_prior1.5,H5,sub-10596,theta,27,13.244079953549344,12.87641258,5.955943636725,22.640278683249992
H5_full_age_prior1.5,H5,sub-10596,friend_value_probability_effect,27,0.43861239416583214,0.4446640448065256,0.3096941907650015,0.5318320071966961
H5_full_age_prior1.5,H5,sub-10596,canonical_friend_logit,27,4.257675522837681,4.082287993367471,2.0105958957178194,7.489076426072449
H5_full_age_prior1.5,H5,sub-10603,alpha,69,0.06134119216040703,0.050940336419999996,0.003658375796725,0.1780971180324997
H5_full_age_prior1.5,H5,sub-10603,kappa,69,0.5981111052653132,0.5956490667500001,0.057037476884750006,1.1449212141749998
H5_full_age_prior1.5,H5,sub-10603,theta,69,1.778479296048011,1.2041395014999998,0.598321451665,8.816312188874988
H5_full_age_prior1.5,H5,sub-10603,friend_value_probability_effect,69,0.36392307914687605,0.36841201635123166,0.15410665874830456,0.546697743681156
H5_full_age_prior1.5,H5,sub-10603,canonical_friend_logit,69,2.182031023556482,2.162013666305987,0.8396326201426461,3.6521864183988466
H5_full_age_prior1.5,H5,sub-10606,alpha,22,0.09063597823837898,0.062390449515,0.0031678450239000003,0.3340781156699995
H5_full_age_prior1.5,H5,sub-10606,kappa,22,0.11131669436874905,0.10463781105,0.04584341810725,0.21612581344249987
H5_full_age_prior1.5,H5,sub-10606,theta,22,15.816562700690843,15.529137995,8.390492656,24.768659428999992
H5_full_age_prior1.5,H5,sub-10606,friend_value_probability_effect,22,0.456320032736564,0.4631531396909342,0.3339541923275995,0.5415970554979161
H5_full_age_prior1.5,H5,sub-10606,canonical_friend_logit,22,5.0325323495550744,4.743129764630714,2.287146690930435,9.461642461234225
H5_full_age_prior1.5,H5,sub-10608,alpha,29,0.06964959364098894,0.047690647850000004,0.0022189588214499996,0.24145220045499985
H5_full_age_prior1.5,H5,sub-10608,kappa,29,2.3181780260544373,2.189205845,0.9639681556175,4.442734934724999
H5_full_age_prior1.5,H5,sub-10608,theta,29,5.062625835340847,4.4557585,1.378871485075,12.124241069749992
H5_full_age_prior1.5,H5,sub-10608,friend_value_probability_effect,29,0.8741535111775154,0.8837180762838961,0.7275417279556019,0.9674093130324317
H5_full_age_prior1.5,H5,sub-10608,canonical_friend_logit,29,33.876955178650654,28.10759826621271,8.820171705719664,92.62534627425957
H5_full_age_prior1.5,H5,sub-10617,alpha,73,0.12448545432034284,0.07831407777499999,0.0038050463236250004,0.4881891610174994
H5_full_age_prior1.5,H5,sub-10617,kappa,73,0.07934172248615383,0.055068436740000004,0.008956537387175,0.30094459408749946
H5_full_age_prior1.5,H5,sub-10617,theta,73,10.270082671276354,9.7565422165,1.4474600900249999,22.39219853249997
H5_full_age_prior1.5,H5,sub-10617,friend_value_probability_effect,73,0.25107309545975276,0.2547252500778302,0.056639999465401394,0.4327533920378663
H5_full_age_prior1.5,H5,sub-10617,canonical_friend_logit,73,1.6148234155217078,1.5180078896548124,0.29944388293797186,3.5035402621744853
H5_full_age_prior1.5,H5,sub-10636,alpha,27,0.09138197918176175,0.06505402698,0.00361274779915,0.32522772860249977
H5_full_age_prior1.5,H5,sub-10636,kappa,27,0.10185147871101076,0.09494654046,0.039297061159,0.2044254290075
H5_full_age_prior1.5,H5,sub-10636,theta,27,14.793167457660905,14.49129552,7.26580479255,24.11767716824999
H5_full_age_prior1.5,H5,sub-10636,friend_value_probability_effect,27,0.4317961460126395,0.43895820152092124,0.29844072427957546,0.5247969004772737
H5_full_age_prior1.5,H5,sub-10636,canonical_friend_logit,27,4.216826213485815,4.011608367369936,1.9163757767123646,7.65034745650683
H5_full_age_prior1.5,H5,sub-10638,alpha,72,0.08139475889598158,0.053769917035,0.001980180404075,0.3099326439299999
H5_full_age_prior1.5,H5,sub-10638,kappa,72,0.10953201700597251,0.10277069205,0.044162280502,0.21403611030499992
H5_full_age_prior1.5,H5,sub-10638,theta,72,15.827781723169657,15.54340919,8.39895565025,24.960009997500002
H5_full_age_prior1.5,H5,sub-10638,friend_value_probability_effect,72,0.45331573259202,0.46040462071544125,0.3252540548988743,0.5399086779200724
H5_full_age_prior1.5,H5,sub-10638,canonical_friend_logit,72,4.9452813347056725,4.663338361123562,2.1874028417423492,9.347547092773343
H5_full_age_prior1.5,H5,sub-10640,alpha,31,0.1724706892843879,0.1680839879,0.031638656244,0.34840063202999993
H5_full_age_prior1.5,H5,sub-10640,kappa,31,1.0343193973462572,1.018870357,0.4964564159725,1.6750982975749997
H5_full_age_prior1.5,H5,sub-10640,theta,31,0.5510535990498961,0.5478695228499999,0.1152575595,0.9675597869225
H5_full_age_prior1.5,H5,sub-10640,friend_value_probability_effect,31,0.2731509512850557,0.27640407146616086,0.03704745072720886,0.4815760902140895
H5_full_age_prior1.5,H5,sub-10640,canonical_friend_logit,31,1.7021159462076487,1.701498219518758,0.231940315611583,3.1081595427826025
H5_full_age_prior1.5,H5,sub-10641,alpha,44,0.0812664591029694,0.05206924598,0.00290064776535,0.33309739005999994
H5_full_age_prior1.5,H5,sub-10641,kappa,44,0.4757053012979006,0.4335159916,0.1040124427425,1.085929044124999
H5_full_age_prior1.5,H5,sub-10641,theta,44,8.936922806161931,8.4122200545,2.737877583425,18.084881619249987
H5_full_age_prior1.5,H5,sub-10641,friend_value_probability_effect,44,0.5987212390180219,0.6014702711201214,0.41798796665159893,0.7539251607719025
H5_full_age_prior1.5,H5,sub-10641,canonical_friend_logit,44,11.288607423195158,9.755946657460285,3.2681504617192227,28.324270148990497
H5_full_age_prior1.5,H5,sub-10642,alpha,32,0.024177036194750916,0.018269810555,0.00117519885035,0.07847265198999999
H5_full_age_prior1.5,H5,sub-10642,kappa,32,2.3331158722964003,2.2806562045,1.356411515075,3.6098584338999995
H5_full_age_prior1.5,H5,sub-10642,theta,32,5.021147749364065,4.3720215410000005,1.409344687325,12.159569873749994
H5_full_age_prior1.5,H5,sub-10642,friend_value_probability_effect,32,0.8857055292938069,0.890202275948303,0.7948083623176625,0.9494026283957981
H5_full_age_prior1.5,H5,sub-10642,canonical_friend_logit,32,34.34356030857985,29.218284367059397,9.750025979420428,87.10110664076159
H5_full_age_prior1.5,H5,sub-10644,alpha,69,0.05381954130262271,0.036715079045,0.001333240648175,0.192244461865
H5_full_age_prior1.5,H5,sub-10644,kappa,69,1.4446705093615033,1.4182532995,0.77336107127,2.2600753560499998
H5_full_age_prior1.5,H5,sub-10644,theta,69,5.854354519591287,5.2316643285,1.84586289655,13.222472634249991
H5_full_age_prior1.5,H5,sub-10644,friend_value_probability_effect,69,0.802487475241734,0.8070525694753814,0.6890032664319335,0.8902881803620893
H5_full_age_prior1.5,H5,sub-10644,canonical_friend_logit,69,24.70790585724596,21.40594718333956,8.016911477681518,59.60673713149822
H5_full_age_prior1.5,H5,sub-10647,alpha,24,0.017819317543514325,0.0149954338,0.00149558265385,0.05029224766799992
H5_full_age_prior1.5,H5,sub-10647,kappa,24,2.8957871810433966,2.7787341024999996,1.597061698075,4.800301165024998
H5_full_age_prior1.5,H5,sub-10647,theta,24,0.26806996451025494,0.2939968791,0.0019064896613000006,0.4523898234049999
H5_full_age_prior1.5,H5,sub-10647,friend_value_probability_effect,24,0.14899719702428582,0.14459424904116225,0.0006137418882510737,0.3472817790903053
H5_full_age_prior1.5,H5,sub-10647,canonical_friend_logit,24,2.5157952264114365,2.4534390711308482,0.011004545950402515,5.834076294483875
H5_full_age_prior1.5,H5,sub-10649,alpha,63,0.06971656319395392,0.045062352855,0.0023012879708249998,0.2823017744699996
H5_full_age_prior1.5,H5,sub-10649,kappa,63,0.0703374581973164,0.065176545785,0.02527409174,0.146121094475
H5_full_age_prior1.5,H5,sub-10649,theta,63,15.017200857893,14.70597279,7.2610626862,24.682865905749978
H5_full_age_prior1.5,H5,sub-10649,friend_value_probability_effect,63,0.36749074009618765,0.37540490002785787,0.21516298896586325,0.47710163289032725
H5_full_age_prior1.5,H5,sub-10649,canonical_friend_logit,63,2.9267553195055305,2.8200002939251054,1.2438026896357137,5.223078892071791
H5_full_age_prior1.5,H5,sub-10652,alpha,70,0.14962334921574097,0.1002796925,0.004377864886525,0.5243991268874997
H5_full_age_prior1.5,H5,sub-10652,kappa,70,0.08149523176303254,0.06512914447,0.018511561795000003,0.23832860970999983
H5_full_age_prior1.5,H5,sub-10652,theta,70,10.923537214433072,10.391275799999999,2.9743141001000004,21.845498014999983
H5_full_age_prior1.5,H5,sub-10652,friend_value_probability_effect,70,0.30462250931306123,0.30919361083094343,0.14530530868971525,0.4375329818388026
H5_full_age_prior1.5,H5,sub-10652,canonical_friend_logit,70,2.0549189780958987,1.9910355817902885,0.7950073850827362,3.671540937589574
H5_full_age_prior1.5,H5,sub-10656,alpha,21,0.058440984369184164,0.04826685225,0.003848489769975,0.16843683719249997
H5_full_age_prior1.5,H5,sub-10656,kappa,21,1.3373065377979751,1.3046594805,0.7807141497375001,2.0799642646999996
H5_full_age_prior1.5,H5,sub-10656,theta,21,0.14640145582208045,0.12494428804999999,0.0001036667880225,0.4142411157299999
H5_full_age_prior1.5,H5,sub-10656,friend_value_probability_effect,21,0.07281359066751653,0.05215085130318117,3.759620043683862e-05,0.25028705012078045
H5_full_age_prior1.5,H5,sub-10656,canonical_friend_logit,21,0.6401244851671177,0.46829987528207706,0.0003528844002369664,2.1367121903957442
H5_full_age_prior1.5,H5,sub-10661,alpha,50,0.07194655048972438,0.04496669244,0.002095002037575,0.29571719368249977
H5_full_age_prior1.5,H5,sub-10661,kappa,50,0.10913313935408342,0.10291722375000001,0.04518819898075,0.20823068500499997
H5_full_age_prior1.5,H5,sub-10661,theta,50,15.996595564441062,15.703479505,8.4951079006,25.071122102500002
H5_full_age_prior1.5,H5,sub-10661,friend_value_probability_effect,50,0.4550426096121879,0.46202886133555054,0.3336037936634092,0.538184706325705
H5_full_age_prior1.5,H5,sub-10661,canonical_friend_logit,50,4.9904629216799865,4.7172070701639175,2.27154472151818,9.231690074419761
H5_full_age_prior1.5,H5,sub-10663,alpha,22,0.17386731271844655,0.16006838785,0.05155878422875,0.37466650389749995
H5_full_age_prior1.5,H5,sub-10663,kappa,22,0.8896642029952007,0.87189565165,0.3689447566825,1.5207563762749998
H5_full_age_prior1.5,H5,sub-10663,theta,22,0.3217643047230541,0.29908874175,0.0005335093681825,0.8490616756774977
H5_full_age_prior1.5,H5,sub-10663,friend_value_probability_effect,22,0.13254988311630878,0.1191280457785766,0.00016702461958133369,0.3621625527401786
H5_full_age_prior1.5,H5,sub-10663,canonical_friend_logit,22,0.8407627898794271,0.767275100426785,0.0011880178471937088,2.2627381155136845
H5_full_age_prior1.5,H5,sub-10668,alpha,37,0.09613119749266594,0.06885995324,0.00469389655005,0.3437275640024993
H5_full_age_prior1.5,H5,sub-10668,kappa,37,0.21171483183763448,0.1393776276,0.02222807139625,0.7690693846324999
H5_full_age_prior1.5,H5,sub-10668,theta,37,7.530696145027954,6.3969014355,1.0782457108749999,19.720883307249995
H5_full_age_prior1.5,H5,sub-10668,friend_value_probability_effect,37,0.3659607353173992,0.3729830975014847,0.13111742714621316,0.5709766181472145
H5_full_age_prior1.5,H5,sub-10668,canonical_friend_logit,37,2.701723272891502,2.5534118102059047,0.7091879298775641,5.537810483082134
H5_full_age_prior1.5,H5,sub-10673,alpha,48,0.11802593297796209,0.070243700735,0.00447722979245,0.5137560073199986
H5_full_age_prior1.5,H5,sub-10673,kappa,48,0.06838290650512553,0.033916472465,0.004064652746325,0.30685376249499985
H5_full_age_prior1.5,H5,sub-10673,theta,48,8.534568087368275,7.2456320585,0.0794861157695,23.747251336999994
H5_full_age_prior1.5,H5,sub-10673,friend_value_probability_effect,48,0.12034981277659614,0.1154919343147291,0.005502497374979896,0.2621663616688763
H5_full_age_prior1.5,H5,sub-10673,canonical_friend_logit,48,0.6649681938390386,0.6211158133579988,0.02919782658623794,1.5514728542094032
H5_full_age_prior1.5,H5,sub-10674,alpha,33,0.07441454211952832,0.04770085508,0.002479290365825,0.2970740259649998
H5_full_age_prior1.5,H5,sub-10674,kappa,33,0.0987296075848775,0.093032145185,0.0411426492165,0.18856397676999992
H5_full_age_prior1.5,H5,sub-10674,theta,33,16.490803358515375,16.178472714999998,9.02896256895,25.65635034799999
H5_full_age_prior1.5,H5,sub-10674,friend_value_probability_effect,33,0.44411425927590586,0.45149488094775214,0.3168947039736238,0.530214935896464
H5_full_age_prior1.5,H5,sub-10674,canonical_friend_logit,33,4.672744106053004,4.419466751776515,2.103342204118212,8.744281313566711
H5_full_age_prior1.5,H5,sub-10677,alpha,33,0.12630560787897044,0.093984471985,0.0071901249519,0.44678336062249985
H5_full_age_prior1.5,H5,sub-10677,kappa,33,0.26894491191098363,0.2260916785,0.0169822573075,0.7619910255624999
H5_full_age_prior1.5,H5,sub-10677,theta,33,4.331078925235268,2.1379454985,0.50704126508,17.9392400665
H5_full_age_prior1.5,H5,sub-10677,friend_value_probability_effect,33,0.2542916692748622,0.2539410134371408,0.07568162514580275,0.43426743118624106
H5_full_age_prior1.5,H5,sub-10677,canonical_friend_logit,33,1.4872652426825805,1.4495717582488516,0.4043116828303074,2.7890134602051613
H5_full_age_prior1.5,H5,sub-10685,alpha,34,0.14017424582396865,0.13644770945,0.009478624492475,0.30921599167249997
H5_full_age_prior1.5,H5,sub-10685,kappa,34,1.1243909186704157,1.1051728134999999,0.55402589606,1.8135194513999993
H5_full_age_prior1.5,H5,sub-10685,theta,34,2.367840973315728,2.168203912,1.17452501305,4.730758030299998
H5_full_age_prior1.5,H5,sub-10685,friend_value_probability_effect,34,0.70453590469291,0.7092617529463655,0.5632235667324206,0.8197280989075789
H5_full_age_prior1.5,H5,sub-10685,canonical_friend_logit,34,7.453481395538229,7.177502504036882,4.093893207726244,12.419354082160728
H5_full_age_prior1.5,H5,sub-10690,alpha,56,0.1268725492389615,0.084549674975,0.005040133459425,0.5013377429049997
H5_full_age_prior1.5,H5,sub-10690,kappa,56,0.11312483137766416,0.061596246470000005,0.008467025683325,0.5060129401999999
H5_full_age_prior1.5,H5,sub-10690,theta,56,8.336817864504887,7.320741675,0.403552558665,21.810239500999998
H5_full_age_prior1.5,H5,sub-10690,friend_value_probability_effect,56,0.21712132087975455,0.2168230396153692,0.03230206082689894,0.40782620325457497
H5_full_age_prior1.5,H5,sub-10690,canonical_friend_logit,56,1.313648378207463,1.2368424397894588,0.17167759100864322,2.903825198982586
H5_full_age_prior1.5,H5,sub-10691,alpha,58,0.05773985223707238,0.03935429874,0.002273986507275,0.21692560317999984
H5_full_age_prior1.5,H5,sub-10691,kappa,58,0.0716783326340431,0.066659994325,0.026867613575,0.14539114390749996
H5_full_age_prior1.5,H5,sub-10691,theta,58,15.345943659464156,15.045086430000001,7.4794006532,25.02149978175
H5_full_age_prior1.5,H5,sub-10691,friend_value_probability_effect,58,0.3762351732362018,0.3839472582542369,0.23044638438506962,0.4808120378180476
H5_full_age_prior1.5,H5,sub-10691,canonical_friend_logit,58,3.057674943067699,2.952275879059475,1.3527716881318614,5.402930235799598
H5_full_age_prior1.5,H5,sub-10700,alpha,23,0.08675468041781137,0.082887738665,0.01095636509125,0.18790196015749996
H5_full_age_prior1.5,H5,sub-10700,kappa,23,1.3327287755882187,1.316199627,0.7130844798975,2.0543218703999995
H5_full_age_prior1.5,H5,sub-10700,theta,23,1.167641216119984,1.1155859925,0.741979247335,1.896443269799999
H5_full_age_prior1.5,H5,sub-10700,friend_value_probability_effect,23,0.6201974899852987,0.6259491097663279,0.4418191848046147,0.7646007813260688
H5_full_age_prior1.5,H5,sub-10700,canonical_friend_logit,23,4.492726128581711,4.4159314942569905,2.675804805629554,6.716009691694421
H5_full_age_prior1.5,H5,sub-10701,alpha,27,0.046792245019012434,0.04308715717,0.00524207602905,0.11117715151499989
H5_full_age_prior1.5,H5,sub-10701,kappa,27,1.2028465486917,1.1868328605,0.70053625016,1.7995474678999999
H5_full_age_prior1.5,H5,sub-10701,theta,27,0.08723968011688185,0.044194713595000004,5.233272016525e-05,0.3604774795174998
H5_full_age_prior1.5,H5,sub-10701,friend_value_probability_effect,27,0.039821639348021354,0.016792992920181875,1.893932309059809e-05,0.19305913345407955
H5_full_age_prior1.5,H5,sub-10701,canonical_friend_logit,27,0.33411138227318243,0.14927875759944975,0.00017005051833595688,1.548796034267409
H5_full_age_prior1.5,H5,sub-10713,alpha,71,0.07375873686319795,0.06632593912,0.005471035920275,0.1883939762199999
H5_full_age_prior1.5,H5,sub-10713,kappa,71,0.7065527242283678,0.6962460377999999,0.280907010995,1.1988131613499997
H5_full_age_prior1.5,H5,sub-10713,theta,71,0.18800757195803283,0.1330175793,0.00015409674798,0.6283618423749998
H5_full_age_prior1.5,H5,sub-10713,friend_value_probability_effect,71,0.0660937621557996,0.04081317238607523,4.3758698975388084e-05,0.24825309549402153
H5_full_age_prior1.5,H5,sub-10713,canonical_friend_logit,71,0.4075827750428435,0.25952666668630076,0.00028733646346968273,1.505377967530761
H5_full_age_prior1.5,H5,sub-10716,alpha,69,0.12081545998096618,0.075342724005,0.004058115112225,0.5065800147999999
H5_full_age_prior1.5,H5,sub-10716,kappa,69,0.06533169582666523,0.032037128005,0.003923025941475,0.29608621635499993
H5_full_age_prior1.5,H5,sub-10716,theta,69,8.680291766200263,7.55159559,0.07266477468825,23.793502174749992
H5_full_age_prior1.5,H5,sub-10716,friend_value_probability_effect,69,0.11805962576010842,0.11400660233132472,0.004895006535214013,0.2559424148957306
H5_full_age_prior1.5,H5,sub-10716,canonical_friend_logit,69,0.6514801734084701,0.6129747079246879,0.025939678487027867,1.504543019833614
H5_full_age_prior1.5,H5,sub-10718,alpha,28,0.06901370515602269,0.050313808550000005,0.003054437649825,0.2421504715499999
H5_full_age_prior1.5,H5,sub-10718,kappa,28,0.08359074659586788,0.078119559235,0.03324684274975,0.16456400205499994
H5_full_age_prior1.5,H5,sub-10718,theta,28,15.280951648616748,14.95563634,7.79113099485,24.71126940375
H5_full_age_prior1.5,H5,sub-10718,friend_value_probability_effect,28,0.40507290862537876,0.41251310019544296,0.2685817445925108,0.5000150446591981
H5_full_age_prior1.5,H5,sub-10718,canonical_friend_logit,28,3.5813033632183453,3.4528278184723242,1.6525270555523925,6.278059837420949
H5_full_age_prior1.5,H5,sub-10720,alpha,33,0.15336899442675575,0.12758174265,0.012554487122,0.442911599695
H5_full_age_prior1.5,H5,sub-10720,kappa,33,0.1889604642822938,0.13302643744999998,0.0227453704715,0.6064711484349997
H5_full_age_prior1.5,H5,sub-10720,theta,33,6.6557254638142025,5.063080734,1.1815763647,19.009658527999992
H5_full_age_prior1.5,H5,sub-10720,friend_value_probability_effect,33,0.3200119854440834,0.3214889568659951,0.14866294215468775,0.48571064401315234
H5_full_age_prior1.5,H5,sub-10720,canonical_friend_logit,33,2.0699271665636787,2.016931994631894,0.8069541266264929,3.6466883490990316
H5_full_age_prior1.5,H5,sub-10723,alpha,21,0.1222422179632706,0.08508591335,0.006212506495975,0.4683295828074997
H5_full_age_prior1.5,H5,sub-10723,kappa,21,0.21438460257026912,0.1936590044,0.006324785744575,0.5883468860349993
H5_full_age_prior1.5,H5,sub-10723,theta,21,3.093270876857299,0.7276623916,0.00346207384645,19.450644000749993
H5_full_age_prior1.5,H5,sub-10723,friend_value_probability_effect,21,0.08752387166523377,0.0781712931270934,0.0004504467994850904,0.23844611129076745
H5_full_age_prior1.5,H5,sub-10723,canonical_friend_logit,21,0.47534581931958847,0.4184806563403,0.0024796063941650136,1.3300854177242405
H5_full_age_prior1.5,H5,sub-10741,alpha,37,0.11442529767941834,0.07943661940999999,0.0064122214747,0.43541552960249963
H5_full_age_prior1.5,H5,sub-10741,kappa,37,0.2195021771012649,0.15547060215,0.01418608922825,0.7061546373225001
H5_full_age_prior1.5,H5,sub-10741,theta,37,5.420384536206813,3.0947812519999998,0.6652783787325001,19.09309713574997
H5_full_age_prior1.5,H5,sub-10741,friend_value_probability_effect,37,0.2568463770491684,0.2556238894081621,0.07371698365808045,0.45009139781057067
H5_full_age_prior1.5,H5,sub-10741,canonical_friend_logit,37,1.5257773939193822,1.473174807424017,0.3930597730346317,2.9580243857639177
H5_full_age_prior1.5,H5,sub-10748,alpha,33,0.3353994633018342,0.33410842009999997,0.05209547724575,0.6353569732800001
H5_full_age_prior1.5,H5,sub-10748,kappa,33,0.13014960396136416,0.1184248893,0.036100860777,0.2899643362974998
H5_full_age_prior1.5,H5,sub-10748,theta,33,11.555892732618842,11.123325529999999,4.505981176825,21.23613828725
H5_full_age_prior1.5,H5,sub-10748,friend_value_probability_effect,33,0.42384245763102624,0.4338105345156978,0.25019007211497396,0.5448606123471834
H5_full_age_prior1.5,H5,sub-10748,canonical_friend_logit,33,4.020702088772321,3.727176776592752,1.4933065570149497,8.271339226142532
H5_full_age_prior1.5,H5,sub-10767,alpha,25,0.07538226067281129,0.06844688341499999,0.005802772451275,0.18659003284499978
H5_full_age_prior1.5,H5,sub-10767,kappa,25,0.9549768012015343,0.9358122971,0.41623641354249996,1.6009055298749986
H5_full_age_prior1.5,H5,sub-10767,theta,25,6.987100773115203,6.4488076135,2.42916117205,14.578106456749998
H5_full_age_prior1.5,H5,sub-10767,friend_value_probability_effect,25,0.72447465587433,0.7277778375457218,0.5973880006391983,0.8313394368296567
H5_full_age_prior1.5,H5,sub-10767,canonical_friend_logit,25,19.15538376530838,17.04506372672153,6.840645512278038,43.4895973134581
H5_full_age_prior1.5,H5,sub-10770,alpha,64,0.10636696261438194,0.07196579722999999,0.00405236180665,0.4072846983399999
H5_full_age_prior1.5,H5,sub-10770,kappa,64,0.033456928985227015,0.02569230331,0.00507748521385,0.1093843194424998
H5_full_age_prior1.5,H5,sub-10770,theta,64,12.288361351471103,11.97960912,2.2281742309749997,24.53866732749999
H5_full_age_prior1.5,H5,sub-10770,friend_value_probability_effect,64,0.16051810925082932,0.15836360497774615,0.037689178055069834,0.295969098614027
H5_full_age_prior1.5,H5,sub-10770,canonical_friend_logit,64,0.9169466513824496,0.8739268283416386,0.19876133368475374,1.8780669439699909
H5_full_age_prior1.5,H5,sub-10781,alpha,37,0.016445149780335358,0.012922625135,0.0012226184002,0.05111361477899999
H5_full_age_prior1.5,H5,sub-10781,kappa,37,1.349378130450047,1.3307027814999999,0.6710483663075,2.1180537620749993
H5_full_age_prior1.5,H5,sub-10781,theta,37,2.701498138494025,2.41533569,1.23539147765,5.807201470324998
H5_full_age_prior1.5,H5,sub-10781,friend_value_probability_effect,37,0.7626792594609492,0.7686631703495013,0.6282844394048126,0.8632536160877433
H5_full_age_prior1.5,H5,sub-10781,canonical_friend_logit,37,10.191041456534904,9.574834732878928,5.20461337969541,18.689494987646363
H5_full_age_prior1.5,H5,sub-10783,alpha,51,0.01843313280583341,0.014855093765,0.001239032730475,0.055527833707249986
H5_full_age_prior1.5,H5,sub-10783,kappa,51,2.7019789210148066,2.626764445,1.49185323785,4.3706575365
H5_full_age_prior1.5,H5,sub-10783,theta,51,0.5449602849858938,0.54198897825,0.4069546946575,0.69727151128
H5_full_age_prior1.5,H5,sub-10783,friend_value_probability_effect,51,0.4703825904110206,0.47281958017857884,0.26489425236115915,0.6590868104782068
H5_full_age_prior1.5,H5,sub-10783,canonical_friend_logit,51,4.401023279134528,4.30126822274752,2.223860646852143,7.126421391842399
H5_full_age_prior1.5,H5,sub-10785,alpha,61,0.036131801638522705,0.028156737879999998,0.00225493673115,0.11323952285749993
H5_full_age_prior1.5,H5,sub-10785,kappa,61,0.7353598574073262,0.7260364486499999,0.29727278902500004,1.2325225402999997
H5_full_age_prior1.5,H5,sub-10785,theta,61,0.19986396969883305,0.12016147590000001,0.000193326475535,0.5861638637474997
H5_full_age_prior1.5,H5,sub-10785,friend_value_probability_effect,61,0.06242311688260806,0.03780416124635895,5.7719846285709704e-05,0.24058294657832646
H5_full_age_prior1.5,H5,sub-10785,canonical_friend_logit,61,0.392671212911962,0.24279698324391202,0.00038771095852559054,1.4951417641751517
H5_full_age_prior1.5,H5,sub-10794,alpha,39,0.11583109801958776,0.08991677745,0.008196474276025,0.39371649956499993
H5_full_age_prior1.5,H5,sub-10794,kappa,39,0.30966075964501133,0.2828751436,0.01308932826625,0.8051762044849999
H5_full_age_prior1.5,H5,sub-10794,theta,39,3.229902107601658,1.3810738985,0.174425171875,17.179113590499977
H5_full_age_prior1.5,H5,sub-10794,friend_value_probability_effect,39,0.21740299444314112,0.21605614138887924,0.020794958061352165,0.42262576925097656
H5_full_age_prior1.5,H5,sub-10794,canonical_friend_logit,39,1.234166665797259,1.1959342691386832,0.11177372696834416,2.5775161493366965
H5_full_age_prior1.5,H5,sub-10800,alpha,26,0.19441409708132,0.14444021164999998,0.009073359176900001,0.6498190535849993
H5_full_age_prior1.5,H5,sub-10800,kappa,26,0.03981350999568184,0.033306399075,0.008335451254625,0.11011667872499999
H5_full_age_prior1.5,H5,sub-10800,theta,26,12.541082237084996,12.20673429,3.46912358765,23.909831267749997
H5_full_age_prior1.5,H5,sub-10800,friend_value_probability_effect,26,0.20513145143313463,0.20529507805888628,0.06590519970637695,0.34248779272902397
H5_full_age_prior1.5,H5,sub-10800,canonical_friend_logit,26,1.222361549288189,1.17447861393185,0.3491686633090401,2.3541158279303334
H5_full_age_prior1.5,H5,sub-10801,alpha,34,0.08846870485848338,0.064740678375,0.0039023023427,0.30011064664249965
H5_full_age_prior1.5,H5,sub-10801,kappa,34,0.10299327346844388,0.095310518165,0.03957578508275,0.21036378567249991
H5_full_age_prior1.5,H5,sub-10801,theta,34,14.157420778301406,13.815494925,6.690000314674999,23.51702287325
H5_full_age_prior1.5,H5,sub-10801,friend_value_probability_effect,34,0.42679524635837585,0.43354334607214506,0.2959555712611757,0.5190715146122508
H5_full_age_prior1.5,H5,sub-10801,canonical_friend_logit,34,4.024608895576927,3.858901779939723,1.8890362852569405,7.1155192130595495
H5_full_age_prior1.5,H5,sub-10802,alpha,42,0.084453708518821,0.066132516305,0.006140541043575,0.2747766107499998
H5_full_age_prior1.5,H5,sub-10802,kappa,42,0.20206043682753913,0.15548891365,0.013093507853,0.6177354839324993
H5_full_age_prior1.5,H5,sub-10802,theta,42,5.196526665455563,2.756528789,0.52274764406,19.26488345249998
H5_full_age_prior1.5,H5,sub-10802,friend_value_probability_effect,42,0.2302496421928166,0.23017196281732227,0.0573448126545638,0.4061328803584738
H5_full_age_prior1.5,H5,sub-10802,canonical_friend_logit,42,1.3378478232555109,1.3015906765202914,0.3036652437735831,2.583651521647444
H5_full_age_prior1.5,H5,sub-10803,alpha,21,0.1992071770919977,0.1256417519,0.0073707532256,0.7527432020524996
H5_full_age_prior1.5,H5,sub-10803,kappa,21,0.08607181664593327,0.04292366664,0.00420583448895,0.38125842480999983
H5_full_age_prior1.5,H5,sub-10803,theta,21,7.443015855491614,5.5956688275,0.01218330114725,23.07980077624998
H5_full_age_prior1.5,H5,sub-10803,friend_value_probability_effect,21,0.11134493664736798,0.10235667136241325,0.0010406690937279823,0.2798575184950327
H5_full_age_prior1.5,H5,sub-10803,canonical_friend_logit,21,0.6206393399749739,0.54748873904675,0.005565062594666183,1.6993555841354802
H5_full_age_prior1.5,H5,sub-10804,alpha,25,0.12737911684615447,0.10516301715,0.0062927325888750005,0.36896193175999975
H5_full_age_prior1.5,H5,sub-10804,kappa,25,0.09353240366314394,0.08332751155,0.03013009317275,0.21575820120249986
H5_full_age_prior1.5,H5,sub-10804,theta,25,12.335847711435532,11.92972156,4.851753869425,22.320715842749998
H5_full_age_prior1.5,H5,sub-10804,friend_value_probability_effect,25,0.37808934755028406,0.38487485950274103,0.2272943401187827,0.49068788348463016
H5_full_age_prior1.5,H5,sub-10804,canonical_friend_logit,25,3.019801564328392,2.904580495439869,1.3263028339933902,5.364590708477884
H5_full_age_prior1.5,H5,sub-10806,alpha,27,0.07688501541860836,0.06354913951499999,0.005524189556900001,0.22565134213499924
H5_full_age_prior1.5,H5,sub-10806,kappa,27,0.7483015291102261,0.7469396125,0.141955386475,1.3570013679249995
H5_full_age_prior1.5,H5,sub-10806,theta,27,1.977548965675972,1.5421213305,0.8174719051075,6.638587490774958
H5_full_age_prior1.5,H5,sub-10806,friend_value_probability_effect,27,0.5060469416275594,0.5126821307923168,0.3053874141723608,0.669142491487779
H5_full_age_prior1.5,H5,sub-10806,canonical_friend_logit,27,3.5003412156057196,3.444010539152946,1.763197710053821,5.566271464589007
H5_full_age_prior1.5,H5,sub-10807,alpha,58,0.07182506945302705,0.044341127300000005,0.0017948686173,0.2862426675699998
H5_full_age_prior1.5,H5,sub-10807,kappa,58,0.12060699210096813,0.1129988675,0.04856010714525,0.23737026158249996
H5_full_age_prior1.5,H5,sub-10807,theta,58,15.674303988123377,15.402306095,8.28780159625,24.651387296249993
H5_full_age_prior1.5,H5,sub-10807,friend_value_probability_effect,58,0.46644280788608966,0.4728440587267716,0.3468219804516958,0.550464716256066
H5_full_age_prior1.5,H5,sub-10807,canonical_friend_logit,58,5.386228588942812,5.061407507357693,2.4321122919779024,10.219761635370691
H5_full_age_prior1.5,H5,sub-10809,alpha,68,0.061966251823193715,0.052686252025,0.003902762388825,0.17784583838999984
H5_full_age_prior1.5,H5,sub-10809,kappa,68,1.3448626256364782,1.321714886,0.675046611915,2.15255221305
H5_full_age_prior1.5,H5,sub-10809,theta,68,0.4368350585239055,0.44390013355,0.07702198960575,0.72609883435
H5_full_age_prior1.5,H5,sub-10809,friend_value_probability_effect,68,0.2519839002631483,0.25273351257656906,0.027081304356053524,0.46216278727702015
H5_full_age_prior1.5,H5,sub-10809,canonical_friend_logit,68,1.783336141216668,1.7809214054852223,0.19877508891945375,3.34768754788775
H5_full_age_prior1.5,H5,sub-10810,alpha,68,0.06562781765759093,0.04144231369,0.0018465167054750001,0.2654854512775
H5_full_age_prior1.5,H5,sub-10810,kappa,68,0.1192205422922475,0.11184255795,0.047195715076749994,0.23270903887499994
H5_full_age_prior1.5,H5,sub-10810,theta,68,15.555550180714656,15.26992205,8.15655568125,24.548099898499977
H5_full_age_prior1.5,H5,sub-10810,friend_value_probability_effect,68,0.46334448044054305,0.47076061209397835,0.33738023848828463,0.5477016160554372
H5_full_age_prior1.5,H5,sub-10810,canonical_friend_logit,68,5.287033608818636,4.982524853837784,2.3188409804944063,9.999529268060263
H5_full_age_prior1.5,H5,sub-10812,alpha,62,0.0972862201130205,0.07151701868,0.003704651649575,0.3242616848374991
H5_full_age_prior1.5,H5,sub-10812,kappa,62,0.13062079395375156,0.11280767959999999,0.03920098037525,0.32204050962499964
H5_full_age_prior1.5,H5,sub-10812,theta,62,11.012084740812561,10.52830669,3.8036898849,20.923375153999995
H5_full_age_prior1.5,H5,sub-10812,friend_value_probability_effect,62,0.41635911132626063,0.4218545573390783,0.27595313247210657,0.5254112699510651
H5_full_age_prior1.5,H5,sub-10812,canonical_friend_logit,62,3.5979896133525173,3.4721220805435387,1.69974184115182,6.266744971708275
H5_full_age_prior1.5,H5,sub-10817,alpha,27,0.07229225588523802,0.046781862369999996,0.0034772334886500004,0.31310941028249983
H5_full_age_prior1.5,H5,sub-10817,kappa,27,0.25935058799251315,0.22132510375,0.05873433160125,0.6569675219399994
H5_full_age_prior1.5,H5,sub-10817,theta,27,7.433698701421788,6.3873501885,2.14281102325,17.88065629399998
H5_full_age_prior1.5,H5,sub-10817,friend_value_probability_effect,27,0.4713130504250274,0.47355520008157614,0.3248336195868788,0.6039651450725555
H5_full_age_prior1.5,H5,sub-10817,canonical_friend_logit,27,4.276959409322523,4.136176057318187,2.099248197052462,7.201539703123149
H5_full_age_prior1.5,H5,sub-10827,alpha,23,0.06749125448702091,0.04601434571,0.003617578810275,0.2602201706174999
H5_full_age_prior1.5,H5,sub-10827,kappa,23,0.20735262205088562,0.12895518835,0.01731769877325,0.7483981411649991
H5_full_age_prior1.5,H5,sub-10827,theta,23,6.811675971385631,5.0759445880000005,0.97864284529,19.877187213499997
H5_full_age_prior1.5,H5,sub-10827,friend_value_probability_effect,23,0.3145104202679196,0.3171259247592403,0.10525249365931072,0.5181288346182372
H5_full_age_prior1.5,H5,sub-10827,canonical_friend_logit,23,2.0405633138224903,1.9753854362702088,0.5639727741455781,3.9341024241987865
H5_full_age_prior1.5,H5,sub-10831,alpha,25,0.1008302450684151,0.07825632144,0.0061453571212,0.33511175989749925
H5_full_age_prior1.5,H5,sub-10831,kappa,25,0.05865130712004694,0.044605340970000004,0.01101431527625,0.19186242198499925
H5_full_age_prior1.5,H5,sub-10831,theta,25,11.021195946396274,10.50578983,2.3279018727,22.881260025999993
H5_full_age_prior1.5,H5,sub-10831,friend_value_probability_effect,25,0.23118866516140954,0.2337769225428309,0.0833063039100887,0.36712454641529685
H5_full_age_prior1.5,H5,sub-10831,canonical_friend_logit,25,1.4064806531269265,1.3677181390629798,0.44374657646958654,2.5938885558477196
H5_full_age_prior1.5,H5,sub-10834,alpha,40,0.11078687509232972,0.07905705034999999,0.0041592656341,0.3872014602874999
H5_full_age_prior1.5,H5,sub-10834,kappa,40,0.08470907794638256,0.07937579546500001,0.03350825819975,0.16595767743249984
H5_full_age_prior1.5,H5,sub-10834,theta,40,15.537929486182563,15.216183964999999,7.9939821598,24.900445940999997
H5_full_age_prior1.5,H5,sub-10834,friend_value_probability_effect,40,0.4097346961209149,0.4170590093647231,0.2703169300005896,0.5064594895899104
H5_full_age_prior1.5,H5,sub-10834,canonical_friend_logit,40,3.7137075894409644,3.548272640432411,1.6676143852443635,6.731756658256228
H5_full_age_prior1.5,H5,sub-10836,alpha,37,0.17328042147303255,0.1253090656,0.0073259906437250005,0.5990780001624996
H5_full_age_prior1.5,H5,sub-10836,kappa,37,0.15034415018639116,0.074260643865,0.00592407140335,0.6401942574224994
H5_full_age_prior1.5,H5,sub-10836,theta,37,6.3020126969769406,3.7578238175000003,0.010245673583000001,21.677311812249986
H5_full_age_prior1.5,H5,sub-10836,friend_value_probability_effect,37,0.13967885881467107,0.13312147497095164,0.0012844524455383425,0.32765663639947007
H5_full_age_prior1.5,H5,sub-10836,canonical_friend_logit,37,0.7898732412060294,0.7217211894129704,0.007237134661972567,2.039897274873557
H5_full_age_prior1.5,H5,sub-10838,alpha,23,0.19021651608541357,0.1248928128,0.006846872429975,0.7239991950674997
H5_full_age_prior1.5,H5,sub-10838,kappa,23,0.09623645464026075,0.056473586095,0.0037557350359750004,0.3614051283299999
H5_full_age_prior1.5,H5,sub-10838,theta,23,6.090431754245733,2.791356286,0.0067130079686750005,22.696355560999987
H5_full_age_prior1.5,H5,sub-10838,friend_value_probability_effect,23,0.08406342851168998,0.07673619030034845,0.0005718136181754114,0.2226542785144305
H5_full_age_prior1.5,H5,sub-10838,canonical_friend_logit,23,0.45684441196295944,0.4076970939156591,0.003073792865427744,1.269010748871603
H5_full_age_prior1.5,H5,sub-10843,alpha,27,0.12628011487992194,0.1061438777,0.010930672063,0.3586977949624999
H5_full_age_prior1.5,H5,sub-10843,kappa,27,0.46831374737019715,0.459491721,0.12114438637,0.8601847936199994
H5_full_age_prior1.5,H5,sub-10843,theta,27,0.2578786914405379,0.09051068109499999,0.000159087522835,0.8722490932949984
H5_full_age_prior1.5,H5,sub-10843,friend_value_probability_effect,27,0.039968877078415545,0.01962490675582746,3.7325042127994824e-05,0.1762785430063604
H5_full_age_prior1.5,H5,sub-10843,canonical_friend_logit,27,0.22744650189817375,0.11403072334614109,0.0002237807001395656,0.9921845067195725
H5_full_age_prior1.5,H5,sub-10850,alpha,32,0.11288471690765957,0.072957874205,0.004216073415375,0.45411816395499954
H5_full_age_prior1.5,H5,sub-10850,kappa,32,0.06461986492691797,0.058845043235,0.022290767473249998,0.14025378503749994
H5_full_age_prior1.5,H5,sub-10850,theta,32,13.92149619754522,13.575729935,6.096451814250001,23.672780599249993
H5_full_age_prior1.5,H5,sub-10850,friend_value_probability_effect,32,0.3344705878224148,0.3408929351150906,0.18735759022791157,0.4492539243971377
H5_full_age_prior1.5,H5,sub-10850,canonical_friend_logit,32,2.431356380327737,2.3576837336815135,1.058091079644745,4.237505574304432
H5_full_age_prior1.5,H5,sub-10854,alpha,46,0.07950884321698509,0.053994426304999996,0.0039261891652000004,0.31918548333999996
H5_full_age_prior1.5,H5,sub-10854,kappa,46,0.18768827822565337,0.13679476805000002,0.030103236822750002,0.5853241388149999
H5_full_age_prior1.5,H5,sub-10854,theta,46,7.548261326533813,6.392838655,1.590301349625,19.309205836749985
H5_full_age_prior1.5,H5,sub-10854,friend_value_probability_effect,46,0.37125446089744946,0.3742205509539257,0.20550505627849944,0.5247021943862608
H5_full_age_prior1.5,H5,sub-10854,canonical_friend_logit,46,2.6470809253009047,2.5809230321548755,1.1650008323889598,4.496252352133879
H5_full_age_prior1.5,H5,sub-10857,alpha,22,0.06779989901898843,0.053678325605,0.003094812585375,0.20556997544749991
H5_full_age_prior1.5,H5,sub-10857,kappa,22,0.9808088688946812,0.96603656535,0.4694860837125,1.5745407550749995
H5_full_age_prior1.5,H5,sub-10857,theta,22,6.776631473722415,6.248324418999999,2.2848272346750003,14.385616946999997
H5_full_age_prior1.5,H5,sub-10857,friend_value_probability_effect,22,0.7295087832595581,0.7332698578319163,0.6077149579478327,0.8285006154460677
H5_full_age_prior1.5,H5,sub-10857,canonical_friend_logit,22,19.256948624819625,17.132574503239745,6.664552699977908,44.06491170370772
H5_full_age_prior1.5,H5,sub-10858,alpha,80,0.06737354283238763,0.044651283665,0.002072757447,0.2559462149125
H5_full_age_prior1.5,H5,sub-10858,kappa,80,0.14201506264372124,0.12400603585,0.0433778690885,0.3396424021799999
H5_full_age_prior1.5,H5,sub-10858,theta,80,11.271586850643846,10.779750320000002,4.115886920575,21.254287056999992
H5_full_age_prior1.5,H5,sub-10858,friend_value_probability_effect,80,0.43668535663258057,0.4430419801158425,0.2944371023854235,0.5449195186827408
H5_full_age_prior1.5,H5,sub-10858,canonical_friend_logit,80,4.065089042133435,3.9216196419272737,1.866518875218264,7.173997141793881
H5_full_age_prior1.5,H5,sub-10860,alpha,25,0.07263521202866653,0.050130876195,0.003005808900425,0.2694076743374999
H5_full_age_prior1.5,H5,sub-10860,kappa,25,0.12956833654804922,0.1213398334,0.051174758504750006,0.2554370016499999
H5_full_age_prior1.5,H5,sub-10860,theta,25,15.225922487334282,14.903744565,7.859806759125,24.396637533499998
H5_full_age_prior1.5,H5,sub-10860,friend_value_probability_effect,25,0.47255191433446986,0.47913862451295275,0.351580806098476,0.5564505592036804
H5_full_age_prior1.5,H5,sub-10860,canonical_friend_logit,25,5.61473280584537,5.269055211429741,2.4854839727702656,10.704673261404535
H5_full_age_prior1.5,H5,sub-10862,alpha,60,0.07858671388015419,0.05042747684,0.002305958818575,0.3205090814849996
H5_full_age_prior1.5,H5,sub-10862,kappa,60,0.15305935219875094,0.13963828685000002,0.053150478394,0.32995440743499954
H5_full_age_prior1.5,H5,sub-10862,theta,60,12.667768365338688,12.277923739999999,5.478056198,22.078332402999994
H5_full_age_prior1.5,H5,sub-10862,friend_value_probability_effect,60,0.47182790799023594,0.4779497302266651,0.34587461413356724,0.5677054433823117
H5_full_age_prior1.5,H5,sub-10862,canonical_friend_logit,60,5.248729707114299,4.976860724876374,2.3953414868714344,9.824622298104543
H5_full_age_prior1.5,H5,sub-10863,alpha,42,0.07327709727472273,0.04668092784,0.002413827934925,0.28925373873749977
H5_full_age_prior1.5,H5,sub-10863,kappa,42,0.10199771670151,0.09563182238500001,0.04145766168475,0.1989404938249998
H5_full_age_prior1.5,H5,sub-10863,theta,42,15.975437498479407,15.7196722,8.50345015955,25.077032687
H5_full_age_prior1.5,H5,sub-10863,friend_value_probability_effect,42,0.4438294255195417,0.4510892314735253,0.31256080322543833,0.5334485000589327
H5_full_age_prior1.5,H5,sub-10863,canonical_friend_logit,42,4.658606522680431,4.384703132737363,2.0514820749840936,8.834831722293629
H5_full_age_prior1.5,H5,sub-10866,alpha,72,0.0926081097992942,0.065620537565,0.0037231095071,0.3439575522899998
H5_full_age_prior1.5,H5,sub-10866,kappa,72,0.05942487800504268,0.037287524845,0.006734457576675,0.24413685066999943
H5_full_age_prior1.5,H5,sub-10866,theta,72,10.114423375963339,9.5266662585,1.0932698067750002,23.28276641499999
H5_full_age_prior1.5,H5,sub-10866,friend_value_probability_effect,72,0.18105217525485318,0.18091880296456586,0.04233553455071713,0.3257532247435023
H5_full_age_prior1.5,H5,sub-10866,canonical_friend_logit,72,1.0459910690503411,1.0091065941711324,0.22342629549700915,2.0955207927707185
H5_full_age_prior1.5,H5,sub-10875,alpha,32,0.07356070695306721,0.049633345205,0.0028032039416250004,0.2804030527649999
H5_full_age_prior1.5,H5,sub-10875,kappa,32,0.10448186342343156,0.098232135425,0.04279893004325,0.1995999581099999
H5_full_age_prior1.5,H5,sub-10875,theta,32,16.175392445592625,15.904439615,8.736838810000002,25.347786211499997
H5_full_age_prior1.5,H5,sub-10875,friend_value_probability_effect,32,0.4499438663440529,0.4571366954059356,0.3242980654406113,0.5347654577411457
H5_full_age_prior1.5,H5,sub-10875,canonical_friend_logit,32,4.8368127410302915,4.575148246833201,2.179976440738785,8.981667929144722
H5_full_age_prior1.5,H5,sub-10881,alpha,62,0.03710322418220864,0.025258525545,0.0018061082305500002,0.1301071612
H5_full_age_prior1.5,H5,sub-10881,kappa,62,1.1999024733119168,1.1689986205,0.36563778094250005,2.190612866299999
H5_full_age_prior1.5,H5,sub-10881,theta,62,0.16318511206551092,0.053303586735,3.97910747015e-05,0.4998700886524999
H5_full_age_prior1.5,H5,sub-10881,friend_value_probability_effect,62,0.047751512936098243,0.01909355312478941,1.3474164842025641e-05,0.23608534754647564
H5_full_age_prior1.5,H5,sub-10881,canonical_friend_logit,62,0.39414064238949936,0.17061498759822602,0.00013296475510517442,1.8454299293960783
H5_full_age_prior1.5,H5,sub-10886,alpha,55,0.133272460555098,0.08772395890500001,0.0049398736778,0.508715418092499
H5_full_age_prior1.5,H5,sub-10886,kappa,55,0.0862542415458938,0.067548226845,0.01418937292,0.27017464275749997
H5_full_age_prior1.5,H5,sub-10886,theta,55,10.743773764231063,10.298933325,2.31987562295,21.847280419249994
H5_full_age_prior1.5,H5,sub-10886,friend_value_probability_effect,55,0.301483104598013,0.3092334327739059,0.09559880507880658,0.4704682083245836
H5_full_age_prior1.5,H5,sub-10886,canonical_friend_logit,55,2.114748327239518,1.9867553206537374,0.510921915275415,4.467041459405377
H5_full_age_prior1.5,H5,sub-10887,alpha,35,0.5123202968638734,0.56326924705,0.0301983970225,0.9128157985375
H5_full_age_prior1.5,H5,sub-10887,kappa,35,0.08421280361655621,0.06531932564000001,0.0109526386065,0.24665603446999992
H5_full_age_prior1.5,H5,sub-10887,theta,35,8.629848375632086,7.565733821,1.264100619275,21.304922444249986
H5_full_age_prior1.5,H5,sub-10887,friend_value_probability_effect,35,0.23313317724004204,0.23078730646628604,0.06752905311005723,0.4100220978823147
H5_full_age_prior1.5,H5,sub-10887,canonical_friend_logit,35,1.4432571666748053,1.3360417030073202,0.3573690887686598,3.1547165929285903
H5_full_age_prior1.5,H5,sub-10896,alpha,28,0.10978239944628448,0.07349464449,0.004163389115175001,0.38961861079249954
H5_full_age_prior1.5,H5,sub-10896,kappa,28,0.20336387580559595,0.1728174973,0.051393448193,0.5224736368599989
H5_full_age_prior1.5,H5,sub-10896,theta,28,8.938646944228731,8.247318926,2.546968843075,19.11110017399999
H5_full_age_prior1.5,H5,sub-10896,friend_value_probability_effect,28,0.4564144468130341,0.46036889622484733,0.30993602023250166,0.5792462373049437
H5_full_age_prior1.5,H5,sub-10896,canonical_friend_logit,28,4.268553436433906,4.081300325620099,1.9622934407783486,7.682195845698701
H5_full_age_prior1.5,H5,sub-10897,alpha,31,0.05417196957826188,0.037262030944999996,0.0023941304512,0.2047631418024995
H5_full_age_prior1.5,H5,sub-10897,kappa,31,0.21826717564430026,0.19208657945000002,0.05152871428125,0.5263342389174994
H5_full_age_prior1.5,H5,sub-10897,theta,31,11.788811032314841,11.394847420000001,4.42696445195,21.372074594749993
H5_full_age_prior1.5,H5,sub-10897,friend_value_probability_effect,31,0.502032045627187,0.5125040960203346,0.3121468168934466,0.633092801950484
H5_full_age_prior1.5,H5,sub-10897,canonical_friend_logit,31,6.976870462613485,6.158806752848279,2.0268777780938136,16.663282785259092
H5_full_age_prior1.5,H5,sub-10898,alpha,61,0.2943318750459406,0.28821613035,0.00920113006855,0.6772901404424997
H5_full_age_prior1.5,H5,sub-10898,kappa,61,0.12427807493763342,0.1106155177,0.03363140092225,0.28907561054750003
H5_full_age_prior1.5,H5,sub-10898,theta,61,11.07229461966093,10.563831805,3.94423416285,21.1659690115
H5_full_age_prior1.5,H5,sub-10898,friend_value_probability_effect,61,0.4051166037451612,0.41081842401183255,0.23805411973993054,0.5379747772846565
H5_full_age_prior1.5,H5,sub-10898,canonical_friend_logit,61,3.5713332002605402,3.270113451298081,1.3983000302432698,7.508249913620645
H5_full_age_prior1.5,H5,sub-10908,alpha,42,0.1012926527477918,0.06823838776999999,0.004696255996,0.4046844239224979
H5_full_age_prior1.5,H5,sub-10908,kappa,42,0.03873091341859488,0.031513680415,0.00721474345385,0.11458304488499996
H5_full_age_prior1.5,H5,sub-10908,theta,42,12.483697489213412,12.13730348,3.1309201083,23.87733738424999
H5_full_age_prior1.5,H5,sub-10908,friend_value_probability_effect,42,0.19494726906754573,0.19530518022585341,0.05513176704994347,0.33440412372341743
H5_full_age_prior1.5,H5,sub-10908,canonical_friend_logit,42,1.1515668285131162,1.1070449200103234,0.29149200117284263,2.2656675739513794
H5_full_age_prior1.5,H5,sub-10918,alpha,24,0.03942755770704852,0.037816694985,0.0055039321585,0.083571729808
H5_full_age_prior1.5,H5,sub-10918,kappa,24,1.8653656907311842,1.83406211,1.0762046345,2.8399358193749995
H5_full_age_prior1.5,H5,sub-10918,theta,24,0.6017056921237786,0.5975943263000001,0.4071325834275,0.8179019529275
H5_full_age_prior1.5,H5,sub-10918,friend_value_probability_effect,24,0.45128648649573,0.4546226145255893,0.23825822214051395,0.6452965948597634
H5_full_age_prior1.5,H5,sub-10918,canonical_friend_logit,24,3.3534631066785803,3.3093932178253884,1.6647865446729284,5.30119282052954
H5_full_age_prior1.5,H5,sub-10924,alpha,32,0.07774046961110272,0.052886581604999996,0.0032049490554500004,0.28989177206249983
H5_full_age_prior1.5,H5,sub-10924,kappa,32,0.07975504224671331,0.07492169600500001,0.03146469424425,0.15626385562749998
H5_full_age_prior1.5,H5,sub-10924,theta,32,15.649103260681407,15.33651772,7.90381656875,25.265946957749993
H5_full_age_prior1.5,H5,sub-10924,friend_value_probability_effect,32,0.40044823587857725,0.4080030736229129,0.262758052575489,0.49671724751387764
H5_full_age_prior1.5,H5,sub-10924,canonical_friend_logit,32,3.508569316545152,3.3717127192342042,1.6029635574191217,6.183415886339968
H5_full_age_prior1.5,H5,sub-10926,alpha,35,0.03808572463633787,0.02754613137,0.002142857027725,0.13284926987749993
H5_full_age_prior1.5,H5,sub-10926,kappa,35,1.27241744797505,1.2424559865,0.19448528195,2.437583493399996
H5_full_age_prior1.5,H5,sub-10926,theta,35,1.094897725223976,0.8247956239500001,0.4220600157025,3.418343825725
H5_full_age_prior1.5,H5,sub-10926,friend_value_probability_effect,35,0.4719171923553997,0.4827978668506818,0.18050316227347765,0.707635953912337
H5_full_age_prior1.5,H5,sub-10926,canonical_friend_logit,35,3.195775154846626,3.14317114271094,1.0721282630453612,5.631314931912231
H5_full_age_prior1.5,H5,sub-10928,alpha,55,0.07934064377613669,0.06479126221,0.0038077538608000004,0.23565130167249973
H5_full_age_prior1.5,H5,sub-10928,kappa,55,4.382404837829633,3.7968929825,1.47696944105,10.964523524749978
H5_full_age_prior1.5,H5,sub-10928,theta,55,0.535771849668977,0.5236328482,0.3494844873525,0.7915317136125
H5_full_age_prior1.5,H5,sub-10928,friend_value_probability_effect,55,0.4929142718875981,0.49816153894932524,0.18746945917411623,0.7784958460244311
H5_full_age_prior1.5,H5,sub-10928,canonical_friend_logit,55,6.884345014314358,6.09241927177311,2.1853071441574357,16.6910970502304
H5_full_age_prior1.5,H5,sub-10929,alpha,42,0.13107506887445536,0.093677095175,0.005741495610875,0.4677093073775
H5_full_age_prior1.5,H5,sub-10929,kappa,42,0.1166820764821438,0.082533063515,0.0161993771945,0.4175955071924999
H5_full_age_prior1.5,H5,sub-10929,theta,42,9.152286112830195,8.4754386855,1.369703124525,21.022602049499984
H5_full_age_prior1.5,H5,sub-10929,friend_value_probability_effect,42,0.3043681811311937,0.310021408291168,0.09850745878621531,0.4808306746543549
H5_full_age_prior1.5,H5,sub-10929,canonical_friend_logit,42,2.092609620190901,1.9681039617007778,0.5265469609748434,4.3651534359560875
H5_full_age_prior1.5,H5,sub-10930,alpha,49,0.09501749243724175,0.07875740693,0.00518993865225,0.27459346156749975
H5_full_age_prior1.5,H5,sub-10930,kappa,49,0.15338921043762865,0.1357375004,0.049484697370000004,0.3533091858124999
H5_full_age_prior1.5,H5,sub-10930,theta,49,11.043453081302031,10.570479774999999,4.096661395900001,20.60480642424998
H5_full_age_prior1.5,H5,sub-10930,friend_value_probability_effect,49,0.4499453542625897,0.45539399723764395,0.3186546284364993,0.5517892710178944
H5_full_age_prior1.5,H5,sub-10930,canonical_friend_logit,49,4.357041823371524,4.176080182563187,2.0869569007665656,7.661446771782035
H5_full_age_prior1.5,H5,sub-10938,alpha,58,0.0774352814495009,0.052847203035,0.0029175730155250003,0.2924281677149999
H5_full_age_prior1.5,H5,sub-10938,kappa,58,0.11997443913906125,0.1087624733,0.043246838055499996,0.26000051273249986
H5_full_age_prior1.5,H5,sub-10938,theta,58,12.990372064817624,12.59402034,5.640559748149999,22.530315973999993
H5_full_age_prior1.5,H5,sub-10938,friend_value_probability_effect,58,0.43675576639324676,0.44277987018018194,0.30782956306103326,0.5316480029335032
H5_full_age_prior1.5,H5,sub-10938,canonical_friend_logit,58,4.196198640288976,4.022720001219875,1.9959731456907908,7.347244601493302
H5_full_age_prior1.5,H5,sub-10940,alpha,22,0.1748565358174082,0.1255753704,0.007096016085725,0.6089496807175
H5_full_age_prior1.5,H5,sub-10940,kappa,22,0.04036390015821413,0.02882580067,0.005526271360525,0.14438909711
H5_full_age_prior1.5,H5,sub-10940,theta,22,10.998372513547972,10.569512915,1.17761722395,23.752642217999984
H5_full_age_prior1.5,H5,sub-10940,friend_value_probability_effect,22,0.1566059720106593,0.15468587063203393,0.032494278676472706,0.2941882598126815
H5_full_age_prior1.5,H5,sub-10940,canonical_friend_logit,22,0.8899501007377275,0.8503167298407358,0.17114367120306712,1.849413621874944
H5_full_age_prior1.5,H5,sub-10950,alpha,24,0.21913235913077878,0.15145643835,0.009975963751199999,0.7291054969249987
H5_full_age_prior1.5,H5,sub-10950,kappa,24,0.05742851729347465,0.047563574809999995,0.0133595496285,0.16224468923749993
H5_full_age_prior1.5,H5,sub-10950,theta,24,11.6893918768117,11.21123691,3.3265603222749998,22.83824548424999
H5_full_age_prior1.5,H5,sub-10950,friend_value_probability_effect,24,0.25543351858189517,0.25811256625290213,0.10735060439142402,0.3896559210207111
H5_full_age_prior1.5,H5,sub-10950,canonical_friend_logit,24,1.6089304851851038,1.5547838137694505,0.57596896018259,2.9422107852606882
H5_full_age_prior1.5,H5,sub-10951,alpha,21,0.024498144398227444,0.018849852394999998,0.001299540990225,0.0783858299815
H5_full_age_prior1.5,H5,sub-10951,kappa,21,2.196163102108403,2.146944606,1.2907978900000001,3.369668948875
H5_full_age_prior1.5,H5,sub-10951,theta,21,5.131469347160049,4.472153758499999,1.5124378968249999,12.187239412249994
H5_full_age_prior1.5,H5,sub-10951,friend_value_probability_effect,21,0.8768978224402113,0.8812578511812214,0.7855132860654902,0.9425081778109172
H5_full_age_prior1.5,H5,sub-10951,canonical_friend_logit,21,33.11811628484748,28.072589803341046,9.885686682053953,83.66173027746797
H5_full_age_prior1.5,H5,sub-10952,alpha,32,0.08319627827396982,0.06079991317,0.0035997192232,0.2816102128574999
H5_full_age_prior1.5,H5,sub-10952,kappa,32,0.1502427400082518,0.1349261152,0.0416008555215,0.3420627010599998
H5_full_age_prior1.5,H5,sub-10952,theta,32,13.181569620371986,12.8184009,5.683533807975,22.59751956299999
H5_full_age_prior1.5,H5,sub-10952,friend_value_probability_effect,32,0.46485028311971804,0.47685392702626384,0.2806499799831158,0.5812461010114276
H5_full_age_prior1.5,H5,sub-10952,canonical_friend_logit,32,5.473631861192916,4.994570534677832,1.7438946271308504,12.06001413661616
H5_full_age_prior1.5,H5,sub-10953,alpha,63,0.025887992508697825,0.01906918015,0.0010372683254250001,0.08690199291224995
H5_full_age_prior1.5,H5,sub-10953,kappa,63,3.326425163745491,3.223420087,1.88118634625,5.3617133986
H5_full_age_prior1.5,H5,sub-10953,theta,63,1.3640753582321063,1.260940183,0.802065305615,2.5210982831999993
H5_full_age_prior1.5,H5,sub-10953,friend_value_probability_effect,63,0.9011834586999241,0.9077060411687479,0.797428787693796,0.9666395785896007
H5_full_age_prior1.5,H5,sub-10953,canonical_friend_logit,63,13.024153781496096,12.487831532273946,7.476295381022137,21.84783521111682
H5_full_age_prior1.5,H5,sub-10954,alpha,46,0.23081174132586335,0.16432892729999998,0.00839454000425,0.7458304761849996
H5_full_age_prior1.5,H5,sub-10954,kappa,46,0.2418610667859039,0.22494700429999998,0.00502562611715,0.63157695599
H5_full_age_prior1.5,H5,sub-10954,theta,46,2.1607101333583887,0.19747246754999997,0.000269365942145,18.612208206999995
H5_full_age_prior1.5,H5,sub-10954,friend_value_probability_effect,46,0.043110742036309165,0.025084551299690686,4.384648687097515e-05,0.17187754249330886
H5_full_age_prior1.5,H5,sub-10954,canonical_friend_logit,46,0.23365851849231842,0.1362713099469817,0.00024721782202148527,0.9380244612760588
H5_full_age_prior1.5,H5,sub-10956,alpha,28,0.029213431970607415,0.02100362578,0.001558853416325,0.10448122221999999
H5_full_age_prior1.5,H5,sub-10956,kappa,28,0.7108496906164721,0.69697725645,0.2600010472725,1.2490654059249997
H5_full_age_prior1.5,H5,sub-10956,theta,28,8.20144418623178,7.665661147,2.913929787325,16.378735666749996
H5_full_age_prior1.5,H5,sub-10956,friend_value_probability_effect,28,0.6735865310409562,0.6765198589927361,0.5464234760859263,0.7838285394987392
H5_full_age_prior1.5,H5,sub-10956,canonical_friend_logit,28,16.5135554531711,14.734619125528626,6.030958231166354,36.774247515857404
H5_full_age_prior1.5,H5,sub-10958,alpha,34,0.030204744641590772,0.023208690060000002,0.00214633151705,0.09789570594624997
H5_full_age_prior1.5,H5,sub-10958,kappa,34,0.8177809261096711,0.81223801185,0.22664096761500002,1.4329623466749994
H5_full_age_prior1.5,H5,sub-10958,theta,34,0.8722337742491912,0.73052026985,0.3101580259775,1.7980912223249987
H5_full_age_prior1.5,H5,sub-10958,friend_value_probability_effect,34,0.3056638994409843,0.30888459341757296,0.08754773818742317,0.5031904863123658
H5_full_age_prior1.5,H5,sub-10958,canonical_friend_logit,34,1.8048845557498296,1.7929476506436466,0.48874516807588636,3.184878896818358
H5_full_age_prior1.5,H5,sub-10969,alpha,26,0.14578845705624013,0.087015587245,0.00534994540595,0.6400759809099997
H5_full_age_prior1.5,H5,sub-10969,kappa,26,0.13612900794393304,0.08981014323,0.004010283576025,0.47842226826999956
H5_full_age_prior1.5,H5,sub-10969,theta,26,5.110917557978193,1.4822722955,0.005279863733850001,22.096850938
H5_full_age_prior1.5,H5,sub-10969,friend_value_probability_effect,26,0.08311991479834091,0.07542273890723714,0.0005568757493807459,0.21912598702687375
H5_full_age_prior1.5,H5,sub-10969,canonical_friend_logit,26,0.45017301254095654,0.4013862552374241,0.0030302098521066113,1.2304241252296628
H5_full_age_prior1.5,H5,sub-10974,alpha,80,0.1101822539071255,0.072719783605,0.0030478815377,0.43028280973
H5_full_age_prior1.5,H5,sub-10974,kappa,80,0.06858935105757881,0.04939118352,0.00820979012315,0.24328533765499993
H5_full_age_prior1.5,H5,sub-10974,theta,80,10.78767301624225,10.327390885,1.5640684912,22.964836513499993
H5_full_age_prior1.5,H5,sub-10974,friend_value_probability_effect,80,0.24177098521298435,0.24445030287320957,0.05120602338062742,0.4240768285332774
H5_full_age_prior1.5,H5,sub-10974,canonical_friend_logit,80,1.548631248867036,1.4455213494892665,0.2705016663422168,3.42933166854974
H5_full_age_prior1.5,H5,sub-10977,alpha,41,0.04666541211641448,0.033574629845,0.0024534975689499998,0.17095199116999993
H5_full_age_prior1.5,H5,sub-10977,kappa,41,1.0323606353303545,1.0056245735,0.11407837335000001,2.110451710774999
H5_full_age_prior1.5,H5,sub-10977,theta,41,1.5733731710402403,1.1130931485,0.5568885448149999,6.645991588024999
H5_full_age_prior1.5,H5,sub-10977,friend_value_probability_effect,41,0.5058801860384368,0.5181764286770622,0.21135734463092407,0.7348336098890791
H5_full_age_prior1.5,H5,sub-10977,canonical_friend_logit,41,3.4819408489043844,3.3998072080301087,1.1884745524533618,6.175930063140603
H5_full_age_prior1.5,H5,sub-10983,alpha,24,0.05182296828373124,0.041084652355,0.003492770620625,0.1652789446499999
H5_full_age_prior1.5,H5,sub-10983,kappa,24,1.1296137155568138,1.110696573,0.5015210935050001,1.8686643211499994
H5_full_age_prior1.5,H5,sub-10983,theta,24,0.3200345607369017,0.3295434854,0.00251124092775,0.6627074050349998
H5_full_age_prior1.5,H5,sub-10983,friend_value_probability_effect,24,0.16043248643230668,0.15591678442176277,0.0007988121957413077,0.3738536183388487
H5_full_age_prior1.5,H5,sub-10983,canonical_friend_logit,24,1.1222333359261325,1.0979371751674891,0.0058250155111516854,2.5971898241919167
H5_full_age_prior1.5,H5,sub-10984,alpha,52,0.03820370278220327,0.02800649535,0.002196179841375,0.13300725804249997
H5_full_age_prior1.5,H5,sub-10984,kappa,52,0.3134995415581421,0.26419096275,0.061985593739499995,0.8087327804124997
H5_full_age_prior1.5,H5,sub-10984,theta,52,7.241640569989316,6.161573538,1.9661433486,17.831143085999997
H5_full_age_prior1.5,H5,sub-10984,friend_value_probability_effect,52,0.5006805240252427,0.501083196090861,0.3450716458596679,0.6490222700514255
H5_full_age_prior1.5,H5,sub-10984,canonical_friend_logit,52,4.874197217008832,4.6930504089143295,2.3247160080831453,8.435497467003964
H5_full_age_prior1.5,H5,sub-11005,alpha,36,0.15866198557021247,0.1070618016,0.007208779936150001,0.6305261269199998
H5_full_age_prior1.5,H5,sub-11005,kappa,36,0.043905091730330824,0.0225955375,0.0026341203701999998,0.19707289653249965
H5_full_age_prior1.5,H5,sub-11005,theta,36,9.188375275425697,8.2753660365,0.04028580215100001,24.709677391499977
H5_full_age_prior1.5,H5,sub-11005,friend_value_probability_effect,36,0.08769440800718932,0.08052250394630835,0.0020018840929363715,0.21443435698140517
H5_full_age_prior1.5,H5,sub-11005,canonical_friend_logit,36,0.4769454699593989,0.4277217049602118,0.010622501322683962,1.2294426130231533
H5_full_age_prior1.5,H5,sub-11031,alpha,23,0.07753069291764475,0.04831804476,0.003706349520525,0.3455210837649999
H5_full_age_prior1.5,H5,sub-11031,kappa,23,0.4536499129309841,0.44488947354999997,0.0208122583615,0.9597596991699998
H5_full_age_prior1.5,H5,sub-11031,theta,23,1.270439396994868,0.6233551811,0.006650301364225,11.021281786499989
H5_full_age_prior1.5,H5,sub-11031,friend_value_probability_effect,23,0.1543119230169719,0.1489600286010161,0.0011616376336674328,0.3601163561726213
H5_full_age_prior1.5,H5,sub-11031,canonical_friend_logit,23,0.8628605139649894,0.8182244432718064,0.00652337518105102,2.086170613516973
