condition,replicate,method,participant_id,parameter,true,recovered
zero,2,hierarchical,sub-10317,alpha,0.3102471578000132,0.3181461699989711
zero,2,hierarchical,sub-10369,alpha,0.33635372777428296,0.35801483696618625
zero,2,hierarchical,sub-10402,alpha,0.3488481699299266,0.30652161734139255
zero,2,hierarchical,sub-10418,alpha,0.12054656772855582,0.23030263100960202
zero,2,hierarchical,sub-10462,alpha,0.645235731827635,0.42057957319480627
zero,2,hierarchical,sub-10478,alpha,0.220058223080692,0.49741300883738626
zero,2,hierarchical,sub-10486,alpha,0.33464938285523993,0.3621930289122075
zero,2,hierarchical,sub-10529,alpha,0.1766186636398595,0.28179184014847747
zero,2,hierarchical,sub-10541,alpha,0.27916184415033674,0.2406637740539625
zero,2,hierarchical,sub-10555,alpha,0.19992119268611455,0.35926819966661505
zero,2,hierarchical,sub-10559,alpha,0.27947308412780986,0.3189307655730862
zero,2,hierarchical,sub-10572,alpha,0.0938866544330399,0.13327308560919077
zero,2,hierarchical,sub-10581,alpha,0.5356940378446928,0.42661319316063756
zero,2,hierarchical,sub-10584,alpha,0.48514260556317834,0.30319719016657876
zero,2,hierarchical,sub-10585,alpha,0.2131860796592932,0.21946535824886787
zero,2,hierarchical,sub-10589,alpha,0.651078889311115,0.6874715547152
zero,2,hierarchical,sub-10590,alpha,0.4190347488902412,0.5073434352576249
zero,2,hierarchical,sub-10596,alpha,0.2151355573911605,0.3869088276529163
zero,2,hierarchical,sub-10603,alpha,0.2836843352581281,0.29475863262996876
zero,2,hierarchical,sub-10606,alpha,0.460116568158926,0.41942061323084623
zero,2,hierarchical,sub-10608,alpha,0.22818216570686173,0.32386647289750103
zero,2,hierarchical,sub-10617,alpha,0.3754221844708523,0.28241784387982377
zero,2,hierarchical,sub-10636,alpha,0.2593560101908168,0.28668654892615125
zero,2,hierarchical,sub-10638,alpha,0.1978786831055818,0.17777717306864452
zero,2,hierarchical,sub-10640,alpha,0.103145201624108,0.11901535244896724
zero,2,hierarchical,sub-10641,alpha,0.11853701542061196,0.18243661454122462
zero,2,hierarchical,sub-10642,alpha,0.12197651418856323,0.17232344432314187
zero,2,hierarchical,sub-10644,alpha,0.35644756628784785,0.30658897178917255
zero,2,hierarchical,sub-10647,alpha,0.2793820667689161,0.26206446762645624
zero,2,hierarchical,sub-10649,alpha,0.2592595774210446,0.31677561099568247
zero,2,hierarchical,sub-10652,alpha,0.09787874149504713,0.202120766297914
zero,2,hierarchical,sub-10656,alpha,0.15052672033615097,0.288931804793325
zero,2,hierarchical,sub-10661,alpha,0.3732381763613429,0.513297264055875
zero,2,hierarchical,sub-10663,alpha,0.20036536973746794,0.21710123415574004
zero,2,hierarchical,sub-10668,alpha,0.21855070285420347,0.3140579287350325
zero,2,hierarchical,sub-10673,alpha,0.2687008802342845,0.30985715041956247
zero,2,hierarchical,sub-10674,alpha,0.13122110024962083,0.16130417024442614
zero,2,hierarchical,sub-10677,alpha,0.40505601102765465,0.29183319944046127
zero,2,hierarchical,sub-10685,alpha,0.13031796271765989,0.21029040758631048
zero,2,hierarchical,sub-10690,alpha,0.15821473137577546,0.274504958015605
zero,2,hierarchical,sub-10691,alpha,0.2054055996490233,0.26967654831400373
zero,2,hierarchical,sub-10700,alpha,0.5266983396086891,0.5982655104263376
zero,2,hierarchical,sub-10701,alpha,0.13486897792601368,0.3247311448062313
zero,2,hierarchical,sub-10713,alpha,0.34014462418424873,0.33622266681993246
zero,2,hierarchical,sub-10716,alpha,0.29365541320843447,0.27097710394042623
zero,2,hierarchical,sub-10718,alpha,0.1605882367745753,0.20764101268576837
zero,2,hierarchical,sub-10720,alpha,0.3371624631512996,0.29501275748241174
zero,2,hierarchical,sub-10723,alpha,0.19200500991065722,0.376815501735265
zero,2,hierarchical,sub-10741,alpha,0.2666807676331515,0.25908372017876
zero,2,hierarchical,sub-10748,alpha,0.17510444126621855,0.26252821090883327
zero,2,hierarchical,sub-10767,alpha,0.46953351265365983,0.23997234502212
zero,2,hierarchical,sub-10770,alpha,0.24277003345233683,0.20507666311686376
zero,2,hierarchical,sub-10781,alpha,0.3555633805821774,0.3293147246876125
zero,2,hierarchical,sub-10783,alpha,0.44277715146712426,0.43021042061165127
zero,2,hierarchical,sub-10785,alpha,0.24906149443292339,0.20779418579699
zero,2,hierarchical,sub-10794,alpha,0.3333528661196391,0.3125457108570762
zero,2,hierarchical,sub-10800,alpha,0.13504136790116208,0.30654083374180874
zero,2,hierarchical,sub-10801,alpha,0.7571648076617917,0.63044573040715
zero,2,hierarchical,sub-10802,alpha,0.29501978884185504,0.2947996786698174
zero,2,hierarchical,sub-10803,alpha,0.3707285239297108,0.4390017224467575
zero,2,hierarchical,sub-10804,alpha,0.2245376364714672,0.33866544014173244
zero,2,hierarchical,sub-10806,alpha,0.0875432513393396,0.22993868823635022
zero,2,hierarchical,sub-10807,alpha,0.4200702448271655,0.26207034492779624
zero,2,hierarchical,sub-10809,alpha,0.24471604151662268,0.13307951859145822
zero,2,hierarchical,sub-10810,alpha,0.18608768414638902,0.217269392251829
zero,2,hierarchical,sub-10812,alpha,0.47404683918640866,0.48171455528952756
zero,2,hierarchical,sub-10817,alpha,0.09827409162330347,0.14070497945676125
zero,2,hierarchical,sub-10827,alpha,0.3643049900933749,0.3490753362323287
zero,2,hierarchical,sub-10831,alpha,0.16702317204500003,0.18405366398091974
zero,2,hierarchical,sub-10834,alpha,0.23655089304309296,0.2750817680124975
zero,2,hierarchical,sub-10836,alpha,0.41230966000753866,0.2529679237276375
zero,2,hierarchical,sub-10838,alpha,0.22897161560119017,0.20765460308015374
zero,2,hierarchical,sub-10843,alpha,0.15464006789640836,0.30740592003555745
zero,2,hierarchical,sub-10850,alpha,0.4835982125556724,0.3548314454739638
zero,2,hierarchical,sub-10854,alpha,0.11171945195686421,0.28803401865206474
zero,2,hierarchical,sub-10857,alpha,0.2827427274046776,0.38359579779368247
zero,2,hierarchical,sub-10858,alpha,0.5560824752916811,0.3707565568091025
zero,2,hierarchical,sub-10860,alpha,0.2152548037522326,0.25561924505364625
zero,2,hierarchical,sub-10862,alpha,0.22047682295735302,0.2502799587354625
zero,2,hierarchical,sub-10863,alpha,0.3079766969590528,0.22722531588133876
zero,2,hierarchical,sub-10866,alpha,0.31499985378645073,0.21699565007338623
zero,2,hierarchical,sub-10875,alpha,0.19792272039920375,0.2646602454975774
zero,2,hierarchical,sub-10881,alpha,0.18336586138770297,0.198674847838375
zero,2,hierarchical,sub-10886,alpha,0.31505875985696447,0.3801187096580735
zero,2,hierarchical,sub-10887,alpha,0.13571970733407637,0.21429597537475753
zero,2,hierarchical,sub-10896,alpha,0.1910846018494063,0.21586664856016877
zero,2,hierarchical,sub-10897,alpha,0.27602640742016304,0.40581323320309376
zero,2,hierarchical,sub-10898,alpha,0.36564331451511584,0.160320027021398
zero,2,hierarchical,sub-10908,alpha,0.2840285348297808,0.20682493327054113
zero,2,hierarchical,sub-10918,alpha,0.48183991121003,0.4840720359972662
zero,2,hierarchical,sub-10924,alpha,0.09457576993831071,0.2658548060012962
zero,2,hierarchical,sub-10926,alpha,0.32466354061813163,0.3065434283252222
zero,2,hierarchical,sub-10928,alpha,0.3567995351160309,0.21945100585714264
zero,2,hierarchical,sub-10929,alpha,0.4240535974832916,0.48782571271204006
zero,2,hierarchical,sub-10930,alpha,0.6570499739700244,0.46388028110526125
zero,2,hierarchical,sub-10938,alpha,0.4310848021008047,0.2202862051584
zero,2,hierarchical,sub-10940,alpha,0.4924307521475449,0.32161266707121283
zero,2,hierarchical,sub-10950,alpha,0.1661778662478415,0.28655235468954005
zero,2,hierarchical,sub-10951,alpha,0.49969314121671066,0.44979759540527753
zero,2,hierarchical,sub-10952,alpha,0.33967906921324154,0.29045745195898465
zero,2,hierarchical,sub-10953,alpha,0.2447519930993797,0.2512672233139062
zero,2,hierarchical,sub-10954,alpha,0.3488732677317344,0.250094557564795
zero,2,hierarchical,sub-10956,alpha,0.3267550813219594,0.3160309572127128
zero,2,hierarchical,sub-10958,alpha,0.41395162610523717,0.2793199008426327
zero,2,hierarchical,sub-10969,alpha,0.4406717800105449,0.33558750312507507
zero,2,hierarchical,sub-10974,alpha,0.25375846424388643,0.17479816429529002
zero,2,hierarchical,sub-10977,alpha,0.29811201263611087,0.23619804200143563
zero,2,hierarchical,sub-10983,alpha,0.1834138728926182,0.29723983368584
zero,2,hierarchical,sub-10984,alpha,0.19853192102310177,0.23168796186467874
zero,2,hierarchical,sub-11005,alpha,0.2267542264216332,0.2725418304609158
zero,2,hierarchical,sub-11031,alpha,0.20870426274460874,0.28723967385433125
zero,2,MLE_theta10,sub-10317,alpha,0.3102471578000132,1.0
zero,2,MLE_theta10,sub-10369,alpha,0.33635372777428296,0.3554560862402192
zero,2,MLE_theta10,sub-10402,alpha,0.3488481699299266,0.3329245861997085
zero,2,MLE_theta10,sub-10418,alpha,0.12054656772855582,0.0
zero,2,MLE_theta10,sub-10462,alpha,0.645235731827635,0.6450358252281181
zero,2,MLE_theta10,sub-10478,alpha,0.220058223080692,0.9500103078430632
zero,2,MLE_theta10,sub-10486,alpha,0.33464938285523993,0.466041559548345
zero,2,MLE_theta10,sub-10529,alpha,0.1766186636398595,0.3959500492647443
zero,2,MLE_theta10,sub-10541,alpha,0.27916184415033674,0.205133243563873
zero,2,MLE_theta10,sub-10555,alpha,0.19992119268611455,0.4608970088297821
zero,2,MLE_theta10,sub-10559,alpha,0.27947308412780986,0.3004202365470302
zero,2,MLE_theta10,sub-10572,alpha,0.0938866544330399,0.0142237477141041
zero,2,MLE_theta10,sub-10581,alpha,0.5356940378446928,0.5402477577394489
zero,2,MLE_theta10,sub-10584,alpha,0.48514260556317834,0.3478854144514619
zero,2,MLE_theta10,sub-10585,alpha,0.2131860796592932,0.0
zero,2,MLE_theta10,sub-10589,alpha,0.651078889311115,0.906363679580664
zero,2,MLE_theta10,sub-10590,alpha,0.4190347488902412,0.5685634656006887
zero,2,MLE_theta10,sub-10596,alpha,0.2151355573911605,0.5638010060240045
zero,2,MLE_theta10,sub-10603,alpha,0.2836843352581281,0.2792215480616971
zero,2,MLE_theta10,sub-10606,alpha,0.460116568158926,0.4376101343512676
zero,2,MLE_theta10,sub-10608,alpha,0.22818216570686173,0.6399753481384047
zero,2,MLE_theta10,sub-10617,alpha,0.3754221844708523,0.2867368797991429
zero,2,MLE_theta10,sub-10636,alpha,0.2593560101908168,0.3033427374864907
zero,2,MLE_theta10,sub-10638,alpha,0.1978786831055818,0.321863283267334
zero,2,MLE_theta10,sub-10640,alpha,0.103145201624108,0.0529821208349676
zero,2,MLE_theta10,sub-10641,alpha,0.11853701542061196,0.0459155532425822
zero,2,MLE_theta10,sub-10642,alpha,0.12197651418856323,0.0913981638606552
zero,2,MLE_theta10,sub-10644,alpha,0.35644756628784785,0.5717717600033748
zero,2,MLE_theta10,sub-10647,alpha,0.2793820667689161,0.2622471302705558
zero,2,MLE_theta10,sub-10649,alpha,0.2592595774210446,0.565436168046428
zero,2,MLE_theta10,sub-10652,alpha,0.09787874149504713,0.1531382765352575
zero,2,MLE_theta10,sub-10656,alpha,0.15052672033615097,0.2896378129752923
zero,2,MLE_theta10,sub-10661,alpha,0.3732381763613429,0.5666301412338424
zero,2,MLE_theta10,sub-10663,alpha,0.20036536973746794,0.1025912149696299
zero,2,MLE_theta10,sub-10668,alpha,0.21855070285420347,0.4688854456717985
zero,2,MLE_theta10,sub-10673,alpha,0.2687008802342845,0.2733475564754608
zero,2,MLE_theta10,sub-10674,alpha,0.13122110024962083,0.0
zero,2,MLE_theta10,sub-10677,alpha,0.40505601102765465,0.2373203842606941
zero,2,MLE_theta10,sub-10685,alpha,0.13031796271765989,0.1862932905953595
zero,2,MLE_theta10,sub-10690,alpha,0.15821473137577546,0.4333227071756708
zero,2,MLE_theta10,sub-10691,alpha,0.2054055996490233,0.5656643028376355
zero,2,MLE_theta10,sub-10700,alpha,0.5266983396086891,0.6493600513814997
zero,2,MLE_theta10,sub-10701,alpha,0.13486897792601368,0.2825800077769208
zero,2,MLE_theta10,sub-10713,alpha,0.34014462418424873,0.3255391181332993
zero,2,MLE_theta10,sub-10716,alpha,0.29365541320843447,0.2313987755212082
zero,2,MLE_theta10,sub-10718,alpha,0.1605882367745753,0.0
zero,2,MLE_theta10,sub-10720,alpha,0.3371624631512996,0.6465627952533921
zero,2,MLE_theta10,sub-10723,alpha,0.19200500991065722,0.4159055193234939
zero,2,MLE_theta10,sub-10741,alpha,0.2666807676331515,0.2499027196839983
zero,2,MLE_theta10,sub-10748,alpha,0.17510444126621855,0.3809171854091103
zero,2,MLE_theta10,sub-10767,alpha,0.46953351265365983,0.1145264482178441
zero,2,MLE_theta10,sub-10770,alpha,0.24277003345233683,0.1435064275216703
zero,2,MLE_theta10,sub-10781,alpha,0.3555633805821774,0.3157628442771244
zero,2,MLE_theta10,sub-10783,alpha,0.44277715146712426,0.5330716890817279
zero,2,MLE_theta10,sub-10785,alpha,0.24906149443292339,0.1592689601931393
zero,2,MLE_theta10,sub-10794,alpha,0.3333528661196391,0.278521844449649
zero,2,MLE_theta10,sub-10800,alpha,0.13504136790116208,0.2252604132443261
zero,2,MLE_theta10,sub-10801,alpha,0.7571648076617917,0.7278060326173407
zero,2,MLE_theta10,sub-10802,alpha,0.29501978884185504,1.0
zero,2,MLE_theta10,sub-10803,alpha,0.3707285239297108,0.4592774071231604
zero,2,MLE_theta10,sub-10804,alpha,0.2245376364714672,0.2572038688576431
zero,2,MLE_theta10,sub-10806,alpha,0.0875432513393396,0.4268253731394
zero,2,MLE_theta10,sub-10807,alpha,0.4200702448271655,0.1859883376938611
zero,2,MLE_theta10,sub-10809,alpha,0.24471604151662268,0.0
zero,2,MLE_theta10,sub-10810,alpha,0.18608768414638902,0.1684352418887704
zero,2,MLE_theta10,sub-10812,alpha,0.47404683918640866,0.6080963972621626
zero,2,MLE_theta10,sub-10817,alpha,0.09827409162330347,0.0761762388323328
zero,2,MLE_theta10,sub-10827,alpha,0.3643049900933749,0.3852260343514255
zero,2,MLE_theta10,sub-10831,alpha,0.16702317204500003,0.0577686364839822
zero,2,MLE_theta10,sub-10834,alpha,0.23655089304309296,0.8121754197616625
zero,2,MLE_theta10,sub-10836,alpha,0.41230966000753866,0.144828167990223
zero,2,MLE_theta10,sub-10838,alpha,0.22897161560119017,0.1448596373707013
zero,2,MLE_theta10,sub-10843,alpha,0.15464006789640836,0.0
zero,2,MLE_theta10,sub-10850,alpha,0.4835982125556724,0.320991086756893
zero,2,MLE_theta10,sub-10854,alpha,0.11171945195686421,0.3686340583321887
zero,2,MLE_theta10,sub-10857,alpha,0.2827427274046776,0.3733793007262715
zero,2,MLE_theta10,sub-10858,alpha,0.5560824752916811,0.7313797861677146
zero,2,MLE_theta10,sub-10860,alpha,0.2152548037522326,0.093044481316812
zero,2,MLE_theta10,sub-10862,alpha,0.22047682295735302,0.1144273451806331
zero,2,MLE_theta10,sub-10863,alpha,0.3079766969590528,0.169034440365025
zero,2,MLE_theta10,sub-10866,alpha,0.31499985378645073,0.1056600900063079
zero,2,MLE_theta10,sub-10875,alpha,0.19792272039920375,0.2785302365712146
zero,2,MLE_theta10,sub-10881,alpha,0.18336586138770297,0.1825067635412204
zero,2,MLE_theta10,sub-10886,alpha,0.31505875985696447,1.0
zero,2,MLE_theta10,sub-10887,alpha,0.13571970733407637,0.0952613717488164
zero,2,MLE_theta10,sub-10896,alpha,0.1910846018494063,0.3294964427977354
zero,2,MLE_theta10,sub-10897,alpha,0.27602640742016304,0.5634282476145904
zero,2,MLE_theta10,sub-10898,alpha,0.36564331451511584,0.058765158425067
zero,2,MLE_theta10,sub-10908,alpha,0.2840285348297808,0.1590283053665078
zero,2,MLE_theta10,sub-10918,alpha,0.48183991121003,0.5671039765588551
zero,2,MLE_theta10,sub-10924,alpha,0.09457576993831071,0.2663549895973998
zero,2,MLE_theta10,sub-10926,alpha,0.32466354061813163,0.1915959292006063
zero,2,MLE_theta10,sub-10928,alpha,0.3567995351160309,0.0
zero,2,MLE_theta10,sub-10929,alpha,0.4240535974832916,0.5358387671217582
zero,2,MLE_theta10,sub-10930,alpha,0.6570499739700244,0.520093467360598
zero,2,MLE_theta10,sub-10938,alpha,0.4310848021008047,0.1069950434155606
zero,2,MLE_theta10,sub-10940,alpha,0.4924307521475449,0.5967620902527587
zero,2,MLE_theta10,sub-10950,alpha,0.1661778662478415,0.2038266813237774
zero,2,MLE_theta10,sub-10951,alpha,0.49969314121671066,0.9027547392061616
zero,2,MLE_theta10,sub-10952,alpha,0.33967906921324154,1.0
zero,2,MLE_theta10,sub-10953,alpha,0.2447519930993797,0.202122515249581
zero,2,MLE_theta10,sub-10954,alpha,0.3488732677317344,0.0
zero,2,MLE_theta10,sub-10956,alpha,0.3267550813219594,0.4272600388269779
zero,2,MLE_theta10,sub-10958,alpha,0.41395162610523717,0.4786710300973772
zero,2,MLE_theta10,sub-10969,alpha,0.4406717800105449,0.3895098607528352
zero,2,MLE_theta10,sub-10974,alpha,0.25375846424388643,0.1384018687010429
zero,2,MLE_theta10,sub-10977,alpha,0.29811201263611087,0.1209553377580398
zero,2,MLE_theta10,sub-10983,alpha,0.1834138728926182,1.0
zero,2,MLE_theta10,sub-10984,alpha,0.19853192102310177,0.2077169394685804
zero,2,MLE_theta10,sub-11005,alpha,0.2267542264216332,0.2158847507612699
zero,2,MLE_theta10,sub-11031,alpha,0.20870426274460874,0.2244439291727444
zero,2,hierarchical,sub-10317,kappa,0.3518343185709961,0.2573585537024487
zero,2,hierarchical,sub-10369,kappa,0.3789376065119981,0.37496975327236876
zero,2,hierarchical,sub-10402,kappa,0.34400464615840937,0.261911279029645
zero,2,hierarchical,sub-10418,kappa,0.4422989941131826,0.32209941779920875
zero,2,hierarchical,sub-10462,kappa,0.30771853149614076,0.4759685801500213
zero,2,hierarchical,sub-10478,kappa,0.4826444402862961,0.37263697670294743
zero,2,hierarchical,sub-10486,kappa,0.18727438087387047,0.2969564216246175
zero,2,hierarchical,sub-10529,kappa,0.43578816334990567,0.20802622294211123
zero,2,hierarchical,sub-10541,kappa,0.5022734132934383,0.6751968533186675
zero,2,hierarchical,sub-10555,kappa,0.4179783950621059,0.3634656693243313
zero,2,hierarchical,sub-10559,kappa,0.44428441187408696,0.3448476968752675
zero,2,hierarchical,sub-10572,kappa,0.13674182156274997,0.23561690170882998
zero,2,hierarchical,sub-10581,kappa,0.30578557140531387,0.2939885247416575
zero,2,hierarchical,sub-10584,kappa,0.1516871514569692,0.2579799503930825
zero,2,hierarchical,sub-10585,kappa,0.22187884995381282,0.21284171374293998
zero,2,hierarchical,sub-10589,kappa,0.44857614535519325,0.5315273714218375
zero,2,hierarchical,sub-10590,kappa,0.4937235546587473,0.6850124626913876
zero,2,hierarchical,sub-10596,kappa,0.2926032763488202,0.25924719896701004
zero,2,hierarchical,sub-10603,kappa,0.48870369234436845,0.4995052561339175
zero,2,hierarchical,sub-10606,kappa,0.47463316970574704,0.5714068644144624
zero,2,hierarchical,sub-10608,kappa,0.28743917363229005,0.26473437463561755
zero,2,hierarchical,sub-10617,kappa,0.24221928501645054,0.46694864235646005
zero,2,hierarchical,sub-10636,kappa,0.3533973054803975,0.25698642068991373
zero,2,hierarchical,sub-10638,kappa,0.20319792937014353,0.4028059329791087
zero,2,hierarchical,sub-10640,kappa,1.5255458739773924,1.178316972896025
zero,2,hierarchical,sub-10641,kappa,0.37719197883775424,0.32236160800240254
zero,2,hierarchical,sub-10642,kappa,0.18454953136790697,0.2524575728212263
zero,2,hierarchical,sub-10644,kappa,0.19566087823462058,0.271271805447245
zero,2,hierarchical,sub-10647,kappa,0.468266140515135,0.472867877531955
zero,2,hierarchical,sub-10649,kappa,0.5346044084130462,0.4072830657242587
zero,2,hierarchical,sub-10652,kappa,0.14881925661023673,0.2945051281636362
zero,2,hierarchical,sub-10656,kappa,0.1220780388281672,0.21732391769137874
zero,2,hierarchical,sub-10661,kappa,0.5385970081871101,0.61231333249555
zero,2,hierarchical,sub-10663,kappa,0.45985981943907767,0.4141563351875037
zero,2,hierarchical,sub-10668,kappa,0.11852474610720642,0.19502083002955875
zero,2,hierarchical,sub-10673,kappa,0.654703359985441,0.519653222820215
zero,2,hierarchical,sub-10674,kappa,0.3220001256764151,0.4073366269509462
zero,2,hierarchical,sub-10677,kappa,0.2271628425786384,0.28052391634548873
zero,2,hierarchical,sub-10685,kappa,0.5999907531690151,0.5021509721610176
zero,2,hierarchical,sub-10690,kappa,0.38805620560902054,0.34467420404984
zero,2,hierarchical,sub-10691,kappa,0.15152259808008267,0.2420913759368825
zero,2,hierarchical,sub-10700,kappa,1.0293233438899827,0.96817455451505
zero,2,hierarchical,sub-10701,kappa,0.45943941765962304,0.3597670914972637
zero,2,hierarchical,sub-10713,kappa,0.5075400936758945,0.5769251511958812
zero,2,hierarchical,sub-10716,kappa,0.9955925002349116,0.5270470492346301
zero,2,hierarchical,sub-10718,kappa,0.24863169594319937,0.28374062566990377
zero,2,hierarchical,sub-10720,kappa,0.33174696294365846,0.16048223335106748
zero,2,hierarchical,sub-10723,kappa,0.2447872823101718,0.40763552960272625
zero,2,hierarchical,sub-10741,kappa,0.22902781948240702,0.4314943218053725
zero,2,hierarchical,sub-10748,kappa,0.2071673214996176,0.1504654110316725
zero,2,hierarchical,sub-10767,kappa,0.20567993902926454,0.2779131243089614
zero,2,hierarchical,sub-10770,kappa,0.5851119629167265,0.6172641751840713
zero,2,hierarchical,sub-10781,kappa,2.936739936688932,2.7133270642968745
zero,2,hierarchical,sub-10783,kappa,0.17858290293391318,0.35078470830377123
zero,2,hierarchical,sub-10785,kappa,0.4422185140637634,0.6267149296035275
zero,2,hierarchical,sub-10794,kappa,0.3724666933629239,0.28423729156974875
zero,2,hierarchical,sub-10800,kappa,0.4952362787673805,0.27282959320780253
zero,2,hierarchical,sub-10801,kappa,0.5092167127982182,0.591410602033575
zero,2,hierarchical,sub-10802,kappa,0.22903138667906686,0.15636195156325125
zero,2,hierarchical,sub-10803,kappa,0.7983057863574365,0.5675230434167026
zero,2,hierarchical,sub-10804,kappa,0.24749240276738219,0.24940749709200496
zero,2,hierarchical,sub-10806,kappa,0.2724654624584627,0.38732459341071246
zero,2,hierarchical,sub-10807,kappa,0.29515988414859556,0.3897896070195162
zero,2,hierarchical,sub-10809,kappa,0.2894558755916467,0.2642233665295337
zero,2,hierarchical,sub-10810,kappa,0.1775658537487466,0.21906631460933876
zero,2,hierarchical,sub-10812,kappa,0.3217946962144032,0.4064510686825163
zero,2,hierarchical,sub-10817,kappa,0.847259227291755,0.680305138848835
zero,2,hierarchical,sub-10827,kappa,0.24440344654823426,0.23800422647028877
zero,2,hierarchical,sub-10831,kappa,0.19244994308880325,0.31681705034057633
zero,2,hierarchical,sub-10834,kappa,0.20337685862146565,0.19354235690970376
zero,2,hierarchical,sub-10836,kappa,0.4717238787803364,0.3799537429407262
zero,2,hierarchical,sub-10838,kappa,0.6505862869687843,0.3478209998781663
zero,2,hierarchical,sub-10843,kappa,0.3902787059462074,0.22944123756076498
zero,2,hierarchical,sub-10850,kappa,0.49332124285404116,0.4419469242396838
zero,2,hierarchical,sub-10854,kappa,0.5127559125658718,0.2315850119993175
zero,2,hierarchical,sub-10857,kappa,0.5297465137418979,0.5232743774276075
zero,2,hierarchical,sub-10858,kappa,0.30078739292879964,0.23719771153935373
zero,2,hierarchical,sub-10860,kappa,0.27518869159532977,0.2431631040255425
zero,2,hierarchical,sub-10862,kappa,0.6863269412826363,0.6050868652779087
zero,2,hierarchical,sub-10863,kappa,0.23112743988498388,0.42161008823174123
zero,2,hierarchical,sub-10866,kappa,0.24908568614159535,0.29613662369499
zero,2,hierarchical,sub-10875,kappa,0.11097690405195072,0.20211203985462622
zero,2,hierarchical,sub-10881,kappa,0.34881345892377175,0.7553180592996812
zero,2,hierarchical,sub-10886,kappa,0.12113048996999408,0.18548392761819124
zero,2,hierarchical,sub-10887,kappa,0.45754861520723905,0.33601544447682624
zero,2,hierarchical,sub-10896,kappa,0.3882969201307804,0.30490631634256626
zero,2,hierarchical,sub-10897,kappa,0.2724429683034805,0.31989690643150376
zero,2,hierarchical,sub-10898,kappa,0.6137231612672808,0.6024970228730162
zero,2,hierarchical,sub-10908,kappa,0.33478544294237983,0.37763975991309
zero,2,hierarchical,sub-10918,kappa,0.32167153034480067,0.34475138927618754
zero,2,hierarchical,sub-10924,kappa,0.07932472650007784,0.17681508580164873
zero,2,hierarchical,sub-10926,kappa,0.27172204117210175,0.602419922932215
zero,2,hierarchical,sub-10928,kappa,0.1926291807059804,0.21795925085297752
zero,2,hierarchical,sub-10929,kappa,0.5522910947022829,0.5898339341972362
zero,2,hierarchical,sub-10930,kappa,0.3189780139823306,0.428704750165245
zero,2,hierarchical,sub-10938,kappa,0.250736873852599,0.26937637039586626
zero,2,hierarchical,sub-10940,kappa,0.10975044950925936,0.15514890898864375
zero,2,hierarchical,sub-10950,kappa,0.23901726764766187,0.31820490000493123
zero,2,hierarchical,sub-10951,kappa,0.20573685999952837,0.28589458840986376
zero,2,hierarchical,sub-10952,kappa,0.23205004284805,0.20396218418827378
zero,2,hierarchical,sub-10953,kappa,0.3364680397018762,0.3865964184585138
zero,2,hierarchical,sub-10954,kappa,0.2012625272954504,0.19969932452147374
zero,2,hierarchical,sub-10956,kappa,0.1946678113135681,0.19849244988421436
zero,2,hierarchical,sub-10958,kappa,0.1547331904116893,0.172555011654145
zero,2,hierarchical,sub-10969,kappa,0.23846213745831488,0.24128821298384626
zero,2,hierarchical,sub-10974,kappa,0.8201409751572687,1.4739300740252625
zero,2,hierarchical,sub-10977,kappa,0.2753368746449301,0.21100268212257872
zero,2,hierarchical,sub-10983,kappa,0.08549825204097435,0.21754294557789
zero,2,hierarchical,sub-10984,kappa,0.4214078777648553,0.2508205545216238
zero,2,hierarchical,sub-11005,kappa,0.3217625040158014,0.2595291419265625
zero,2,hierarchical,sub-11031,kappa,0.34079634190942687,0.1908967171414125
zero,2,MLE_theta10,sub-10317,kappa,0.3518343185709961,0.1709461476399638
zero,2,MLE_theta10,sub-10369,kappa,0.3789376065119981,0.4959435523175253
zero,2,MLE_theta10,sub-10402,kappa,0.34400464615840937,0.2663345137772127
zero,2,MLE_theta10,sub-10418,kappa,0.4422989941131826,0.4501825891637359
zero,2,MLE_theta10,sub-10462,kappa,0.30771853149614076,0.4248752316563321
zero,2,MLE_theta10,sub-10478,kappa,0.4826444402862961,0.187475562415917
zero,2,MLE_theta10,sub-10486,kappa,0.18727438087387047,0.3120755294467262
zero,2,MLE_theta10,sub-10529,kappa,0.43578816334990567,0.1187838197548824
zero,2,MLE_theta10,sub-10541,kappa,0.5022734132934383,0.907509231468164
zero,2,MLE_theta10,sub-10555,kappa,0.4179783950621059,0.3849775834110079
zero,2,MLE_theta10,sub-10559,kappa,0.44428441187408696,0.471522557968215
zero,2,MLE_theta10,sub-10572,kappa,0.13674182156274997,0.1770202005577998
zero,2,MLE_theta10,sub-10581,kappa,0.30578557140531387,0.2965647192018626
zero,2,MLE_theta10,sub-10584,kappa,0.1516871514569692,0.2016569981595906
zero,2,MLE_theta10,sub-10585,kappa,0.22187884995381282,0.2771775080054537
zero,2,MLE_theta10,sub-10589,kappa,0.44857614535519325,0.4473909898728083
zero,2,MLE_theta10,sub-10590,kappa,0.4937235546587473,0.716499203696203
zero,2,MLE_theta10,sub-10596,kappa,0.2926032763488202,0.2207096774354931
zero,2,MLE_theta10,sub-10603,kappa,0.48870369234436845,0.6472859287243645
zero,2,MLE_theta10,sub-10606,kappa,0.47463316970574704,0.6702077351161909
zero,2,MLE_theta10,sub-10608,kappa,0.28743917363229005,0.1853784928892306
zero,2,MLE_theta10,sub-10617,kappa,0.24221928501645054,0.690969687411231
zero,2,MLE_theta10,sub-10636,kappa,0.3533973054803975,0.2261696353122586
zero,2,MLE_theta10,sub-10638,kappa,0.20319792937014353,0.1280000111670669
zero,2,MLE_theta10,sub-10640,kappa,1.5255458739773924,1.8173925068820445
zero,2,MLE_theta10,sub-10641,kappa,0.37719197883775424,0.6730940252278546
zero,2,MLE_theta10,sub-10642,kappa,0.18454953136790697,0.2082872741308364
zero,2,MLE_theta10,sub-10644,kappa,0.19566087823462058,0.1186158163322106
zero,2,MLE_theta10,sub-10647,kappa,0.468266140515135,0.5678853088971204
zero,2,MLE_theta10,sub-10649,kappa,0.5346044084130462,0.2674458927136214
zero,2,MLE_theta10,sub-10652,kappa,0.14881925661023673,0.3504988267585592
zero,2,MLE_theta10,sub-10656,kappa,0.1220780388281672,0.2234738871599247
zero,2,MLE_theta10,sub-10661,kappa,0.5385970081871101,0.6582752961791974
zero,2,MLE_theta10,sub-10663,kappa,0.45985981943907767,0.8482010899633278
zero,2,MLE_theta10,sub-10668,kappa,0.11852474610720642,0.0172327045099334
zero,2,MLE_theta10,sub-10673,kappa,0.654703359985441,0.7233332183809739
zero,2,MLE_theta10,sub-10674,kappa,0.3220001256764151,0.7943785814626243
zero,2,MLE_theta10,sub-10677,kappa,0.2271628425786384,0.3837620708624695
zero,2,MLE_theta10,sub-10685,kappa,0.5999907531690151,0.5378270890884714
zero,2,MLE_theta10,sub-10690,kappa,0.38805620560902054,0.1403223862816301
zero,2,MLE_theta10,sub-10691,kappa,0.15152259808008267,0.0956605275090263
zero,2,MLE_theta10,sub-10700,kappa,1.0293233438899827,1.18438464176731
zero,2,MLE_theta10,sub-10701,kappa,0.45943941765962304,0.4798080992188049
zero,2,MLE_theta10,sub-10713,kappa,0.5075400936758945,0.679860272648561
zero,2,MLE_theta10,sub-10716,kappa,0.9955925002349116,0.77119718500582
zero,2,MLE_theta10,sub-10718,kappa,0.24863169594319937,0.1139517553752896
zero,2,MLE_theta10,sub-10720,kappa,0.33174696294365846,0.0254050860881237
zero,2,MLE_theta10,sub-10723,kappa,0.2447872823101718,0.4463837405697001
zero,2,MLE_theta10,sub-10741,kappa,0.22902781948240702,0.4985112056828468
zero,2,MLE_theta10,sub-10748,kappa,0.2071673214996176,0.0170346694191931
zero,2,MLE_theta10,sub-10767,kappa,0.20567993902926454,0.4464890455711789
zero,2,MLE_theta10,sub-10770,kappa,0.5851119629167265,0.905117226430358
zero,2,MLE_theta10,sub-10781,kappa,2.936739936688932,4.596298197708668
zero,2,MLE_theta10,sub-10783,kappa,0.17858290293391318,0.3672958429456612
zero,2,MLE_theta10,sub-10785,kappa,0.4422185140637634,0.9659490521931942
zero,2,MLE_theta10,sub-10794,kappa,0.3724666933629239,0.3453906146407603
zero,2,MLE_theta10,sub-10800,kappa,0.4952362787673805,0.3805885863905011
zero,2,MLE_theta10,sub-10801,kappa,0.5092167127982182,0.5810330144414072
zero,2,MLE_theta10,sub-10802,kappa,0.22903138667906686,0.0487978482920621
zero,2,MLE_theta10,sub-10803,kappa,0.7983057863574365,0.8044620625778556
zero,2,MLE_theta10,sub-10804,kappa,0.24749240276738219,0.307028421912934
zero,2,MLE_theta10,sub-10806,kappa,0.2724654624584627,0.2132833741108122
zero,2,MLE_theta10,sub-10807,kappa,0.29515988414859556,0.5688456095900145
zero,2,MLE_theta10,sub-10809,kappa,0.2894558755916467,0.2325500897890145
zero,2,MLE_theta10,sub-10810,kappa,0.1775658537487466,0.2223614254122544
zero,2,MLE_theta10,sub-10812,kappa,0.3217946962144032,0.3777907347273269
zero,2,MLE_theta10,sub-10817,kappa,0.847259227291755,0.9104216216913164
zero,2,MLE_theta10,sub-10827,kappa,0.24440344654823426,0.1916106428059343
zero,2,MLE_theta10,sub-10831,kappa,0.19244994308880325,0.5561877974544327
zero,2,MLE_theta10,sub-10834,kappa,0.20337685862146565,0.0357056527952012
zero,2,MLE_theta10,sub-10836,kappa,0.4717238787803364,0.6706883533531708
zero,2,MLE_theta10,sub-10838,kappa,0.6505862869687843,0.4898514169883568
zero,2,MLE_theta10,sub-10843,kappa,0.3902787059462074,0.4761194658054937
zero,2,MLE_theta10,sub-10850,kappa,0.49332124285404116,0.5820892262303563
zero,2,MLE_theta10,sub-10854,kappa,0.5127559125658718,0.1923317195649529
zero,2,MLE_theta10,sub-10857,kappa,0.5297465137418979,0.6531804747827078
zero,2,MLE_theta10,sub-10858,kappa,0.30078739292879964,0.1307945669243697
zero,2,MLE_theta10,sub-10860,kappa,0.27518869159532977,0.395051296827016
zero,2,MLE_theta10,sub-10862,kappa,0.6863269412826363,1.083892809052769
zero,2,MLE_theta10,sub-10863,kappa,0.23112743988498388,0.6650230956438227
zero,2,MLE_theta10,sub-10866,kappa,0.24908568614159535,0.3649620459251564
zero,2,MLE_theta10,sub-10875,kappa,0.11097690405195072,0.1896638969556648
zero,2,MLE_theta10,sub-10881,kappa,0.34881345892377175,1.2837888127563386
zero,2,MLE_theta10,sub-10886,kappa,0.12113048996999408,0.1043166112408765
zero,2,MLE_theta10,sub-10887,kappa,0.45754861520723905,0.5810687172733776
zero,2,MLE_theta10,sub-10896,kappa,0.3882969201307804,0.0779231974870464
zero,2,MLE_theta10,sub-10897,kappa,0.2724429683034805,0.3200395118025124
zero,2,MLE_theta10,sub-10898,kappa,0.6137231612672808,0.9766373817009398
zero,2,MLE_theta10,sub-10908,kappa,0.33478544294237983,0.4667491932806934
zero,2,MLE_theta10,sub-10918,kappa,0.32167153034480067,0.366493190578442
zero,2,MLE_theta10,sub-10924,kappa,0.07932472650007784,0.1011352206865567
zero,2,MLE_theta10,sub-10926,kappa,0.27172204117210175,1.0864600135165752
zero,2,MLE_theta10,sub-10928,kappa,0.1926291807059804,0.0678855876953311
zero,2,MLE_theta10,sub-10929,kappa,0.5522910947022829,0.8640905838907487
zero,2,MLE_theta10,sub-10930,kappa,0.3189780139823306,0.4533929085462581
zero,2,MLE_theta10,sub-10938,kappa,0.250736873852599,0.3902732294044059
zero,2,MLE_theta10,sub-10940,kappa,0.10975044950925936,0.0487697269834037
zero,2,MLE_theta10,sub-10950,kappa,0.23901726764766187,0.4794767642898098
zero,2,MLE_theta10,sub-10951,kappa,0.20573685999952837,0.1898625132488694
zero,2,MLE_theta10,sub-10952,kappa,0.23205004284805,0.0986573028337751
zero,2,MLE_theta10,sub-10953,kappa,0.3364680397018762,0.5636073990845318
zero,2,MLE_theta10,sub-10954,kappa,0.2012625272954504,0.2124465460598523
zero,2,MLE_theta10,sub-10956,kappa,0.1946678113135681,0.1429787345830975
zero,2,MLE_theta10,sub-10958,kappa,0.1547331904116893,0.023152814570442
zero,2,MLE_theta10,sub-10969,kappa,0.23846213745831488,0.2466100013953572
zero,2,MLE_theta10,sub-10974,kappa,0.8201409751572687,2.9322085077101856
zero,2,MLE_theta10,sub-10977,kappa,0.2753368746449301,0.1691585076612353
zero,2,MLE_theta10,sub-10983,kappa,0.08549825204097435,0.1043686667163036
zero,2,MLE_theta10,sub-10984,kappa,0.4214078777648553,0.2114645299645715
zero,2,MLE_theta10,sub-11005,kappa,0.3217625040158014,0.2776075824644153
zero,2,MLE_theta10,sub-11031,kappa,0.34079634190942687,0.1379004401406972
zero,2,hierarchical,sub-10317,theta,0.762448347276143,1.0737081642803201
zero,2,hierarchical,sub-10369,theta,0.32145669167840896,0.8893111914514863
zero,2,hierarchical,sub-10402,theta,1.817839957091941,1.4265607047896287
zero,2,hierarchical,sub-10418,theta,1.8785012376745662,2.1813927179156125
zero,2,hierarchical,sub-10462,theta,2.0367416690632036,2.1478658099196752
zero,2,hierarchical,sub-10478,theta,1.0483150057536235,1.5046051351260377
zero,2,hierarchical,sub-10486,theta,1.7690747727754206,1.5375285751710013
zero,2,hierarchical,sub-10529,theta,1.5131428326142387,1.8550819062565886
zero,2,hierarchical,sub-10541,theta,0.7763310927099634,0.767622979339375
zero,2,hierarchical,sub-10555,theta,0.6137996970830913,1.2772152168063937
zero,2,hierarchical,sub-10559,theta,1.4753771969771936,1.0957197295155612
zero,2,hierarchical,sub-10572,theta,2.116320743269874,2.3450770771247877
zero,2,hierarchical,sub-10581,theta,1.2634105208441904,1.0658799495845037
zero,2,hierarchical,sub-10584,theta,2.304543624938541,1.9304029101958435
zero,2,hierarchical,sub-10585,theta,1.564291387847876,1.7482581919691749
zero,2,hierarchical,sub-10589,theta,0.3821656616010331,0.8682449838628562
zero,2,hierarchical,sub-10590,theta,1.209071977897815,1.8344839810346498
zero,2,hierarchical,sub-10596,theta,1.1724878137112675,1.12239294396665
zero,2,hierarchical,sub-10603,theta,0.886452810386873,1.1468194281225226
zero,2,hierarchical,sub-10606,theta,1.717060380693613,1.39643438615875
zero,2,hierarchical,sub-10608,theta,1.2436897529784008,1.1425411270845238
zero,2,hierarchical,sub-10617,theta,1.2204103663951915,1.9062723650826874
zero,2,hierarchical,sub-10636,theta,0.9640374353606795,1.4549246305091237
zero,2,hierarchical,sub-10638,theta,2.989895578149658,2.6616069252926255
zero,2,hierarchical,sub-10640,theta,0.4585057603767028,0.6099500738050138
zero,2,hierarchical,sub-10641,theta,0.5387847010089302,0.9879524630483
zero,2,hierarchical,sub-10642,theta,2.0357965408181573,1.9448117141565373
zero,2,hierarchical,sub-10644,theta,3.104707524939739,2.6685695032572503
zero,2,hierarchical,sub-10647,theta,1.0836529340285608,1.645489090571875
zero,2,hierarchical,sub-10649,theta,1.8837667818146022,2.41020927316745
zero,2,hierarchical,sub-10652,theta,1.2010094365365576,1.797671515911625
zero,2,hierarchical,sub-10656,theta,1.5842136287963828,0.8280603208998425
zero,2,hierarchical,sub-10661,theta,0.9595856703991636,0.71532905686366
zero,2,hierarchical,sub-10663,theta,0.9334013185549822,0.7985802953365987
zero,2,hierarchical,sub-10668,theta,0.9050187193697825,1.4343310277906522
zero,2,hierarchical,sub-10673,theta,1.038349806357731,1.510829366977975
zero,2,hierarchical,sub-10674,theta,0.6393180128242857,0.5122196074029025
zero,2,hierarchical,sub-10677,theta,0.6846252014301439,1.0424862789668163
zero,2,hierarchical,sub-10685,theta,2.142846512528841,2.0202026202648127
zero,2,hierarchical,sub-10690,theta,1.7660280129067387,2.0529311865965503
zero,2,hierarchical,sub-10691,theta,2.4140755620503755,1.5630983866433998
zero,2,hierarchical,sub-10700,theta,1.5779756524965307,1.3639948783054874
zero,2,hierarchical,sub-10701,theta,0.6459280945594281,0.7677217798218837
zero,2,hierarchical,sub-10713,theta,2.0154811452680983,1.816504678278475
zero,2,hierarchical,sub-10716,theta,0.5290497565727698,1.099241412514875
zero,2,hierarchical,sub-10718,theta,1.7478957177116028,2.3037601621673627
zero,2,hierarchical,sub-10720,theta,0.22031118808644518,1.2629956554535338
zero,2,hierarchical,sub-10723,theta,1.1913448311024442,1.401647496694125
zero,2,hierarchical,sub-10741,theta,1.5220210106975416,1.894052050134625
zero,2,hierarchical,sub-10748,theta,0.8794657744577258,1.5130094005338137
zero,2,hierarchical,sub-10767,theta,1.2087636699581363,0.9420985713910437
zero,2,hierarchical,sub-10770,theta,0.70046633419326,0.9177833667544801
zero,2,hierarchical,sub-10781,theta,0.4368371321610917,0.5474342949184725
zero,2,hierarchical,sub-10783,theta,0.962787498348995,1.1052265344516339
zero,2,hierarchical,sub-10785,theta,1.129849419846962,0.9816485054371212
zero,2,hierarchical,sub-10794,theta,0.8492032436460561,1.1090826581696562
zero,2,hierarchical,sub-10800,theta,0.8229956181993628,0.9632366076180425
zero,2,hierarchical,sub-10801,theta,1.0415043914056321,0.8268104412317725
zero,2,hierarchical,sub-10802,theta,0.3462387944238904,1.268151072012895
zero,2,hierarchical,sub-10803,theta,1.606210753159119,1.2182915477232636
zero,2,hierarchical,sub-10804,theta,0.4835929142881032,0.7540847233851912
zero,2,hierarchical,sub-10806,theta,2.8672112479739242,2.4202704749070127
zero,2,hierarchical,sub-10807,theta,1.944184577298725,1.4314076775878575
zero,2,hierarchical,sub-10809,theta,1.9115389561353793,2.2595009632956247
zero,2,hierarchical,sub-10810,theta,1.2562014642207517,1.3838389333408314
zero,2,hierarchical,sub-10812,theta,1.8866200651991343,2.0519861494187626
zero,2,hierarchical,sub-10817,theta,0.436824340636607,0.3803370666398024
zero,2,hierarchical,sub-10827,theta,0.6798566242599196,1.3539627844816875
zero,2,hierarchical,sub-10831,theta,1.970264278135661,1.400444050224425
zero,2,hierarchical,sub-10834,theta,2.182511795165125,1.7377530335980873
zero,2,hierarchical,sub-10836,theta,1.8761085126319688,1.5298466841713663
zero,2,hierarchical,sub-10838,theta,1.0353629421067827,1.3326761428108203
zero,2,hierarchical,sub-10843,theta,1.5057764692232327,1.3380012052589185
zero,2,hierarchical,sub-10850,theta,0.3724363165254184,0.6614364016374025
zero,2,hierarchical,sub-10854,theta,0.3756354185779391,1.1764640156915074
zero,2,hierarchical,sub-10857,theta,0.5839240621638304,0.5002241236917188
zero,2,hierarchical,sub-10858,theta,1.876528849903568,2.1904710039419495
zero,2,hierarchical,sub-10860,theta,1.5157903136371533,1.070892697359434
zero,2,hierarchical,sub-10862,theta,1.2612009659343817,1.7383536530503747
zero,2,hierarchical,sub-10863,theta,1.8525119116755713,1.1454016236917375
zero,2,hierarchical,sub-10866,theta,1.4996585356746466,1.8318252730775748
zero,2,hierarchical,sub-10875,theta,1.990754143079589,0.9771148182411387
zero,2,hierarchical,sub-10881,theta,2.4261337621091736,1.9528964562560125
zero,2,hierarchical,sub-10886,theta,0.673842075160956,1.7064139161686813
zero,2,hierarchical,sub-10887,theta,0.35705630814898554,0.8016951686423625
zero,2,hierarchical,sub-10896,theta,1.1075286567248577,1.8804462809942752
zero,2,hierarchical,sub-10897,theta,1.453266227394459,1.3685441155623412
zero,2,hierarchical,sub-10898,theta,0.4458824843339285,0.7280698183316363
zero,2,hierarchical,sub-10908,theta,1.6597404094119563,1.9479093344880625
zero,2,hierarchical,sub-10918,theta,0.8921125287480882,1.0375871078677952
zero,2,hierarchical,sub-10924,theta,0.9291169974542688,1.1902006888965375
zero,2,hierarchical,sub-10926,theta,1.0116512796418466,1.0299325160657313
zero,2,hierarchical,sub-10928,theta,3.3307581786350253,2.1098993287044125
zero,2,hierarchical,sub-10929,theta,1.2441754256830269,0.9889780559712125
zero,2,hierarchical,sub-10930,theta,1.869989107342181,1.110920691214095
zero,2,hierarchical,sub-10938,theta,1.3518848494955225,1.5548844855479875
zero,2,hierarchical,sub-10940,theta,1.5410252419229427,0.991022758673535
zero,2,hierarchical,sub-10950,theta,1.1002202069102474,0.7379954353576889
zero,2,hierarchical,sub-10951,theta,0.9802042259619215,1.01862249057448
zero,2,hierarchical,sub-10952,theta,0.2937669893586333,1.1467077508756602
zero,2,hierarchical,sub-10953,theta,1.7713413554940045,1.4513283179655876
zero,2,hierarchical,sub-10954,theta,0.7285157544976072,1.2866400666649689
zero,2,hierarchical,sub-10956,theta,0.45279629976973756,1.0302425238639388
zero,2,hierarchical,sub-10958,theta,2.7388449862353417,1.4662259730147689
zero,2,hierarchical,sub-10969,theta,1.5259682497831772,1.0708054798107336
zero,2,hierarchical,sub-10974,theta,2.17633807070243,1.6912247555175377
zero,2,hierarchical,sub-10977,theta,0.36976531968484055,1.174504121066914
zero,2,hierarchical,sub-10983,theta,2.819790023796121,0.8122472220728237
zero,2,hierarchical,sub-10984,theta,1.8048524525046878,1.8424443569445876
zero,2,hierarchical,sub-11005,theta,2.22571837129049,1.694479015514175
zero,2,hierarchical,sub-11031,theta,0.26564522818210506,1.3050666265390387
zero,2,MLE_theta10,sub-10317,theta,0.762448347276143,0.0
zero,2,MLE_theta10,sub-10369,theta,0.32145669167840896,0.3080754252524206
zero,2,MLE_theta10,sub-10402,theta,1.817839957091941,1.5272145885662485
zero,2,MLE_theta10,sub-10418,theta,1.8785012376745662,1.9751469811292723
zero,2,MLE_theta10,sub-10462,theta,2.0367416690632036,6.583335145504631
zero,2,MLE_theta10,sub-10478,theta,1.0483150057536235,10.0
zero,2,MLE_theta10,sub-10486,theta,1.7690747727754206,2.0021574642517077
zero,2,MLE_theta10,sub-10529,theta,1.5131428326142387,2.537807994935279
zero,2,MLE_theta10,sub-10541,theta,0.7763310927099634,0.6041213349827722
zero,2,MLE_theta10,sub-10555,theta,0.6137996970830913,1.3110351201107868
zero,2,MLE_theta10,sub-10559,theta,1.4753771969771936,0.8768730648005056
zero,2,MLE_theta10,sub-10572,theta,2.116320743269874,3.46621979977813
zero,2,MLE_theta10,sub-10581,theta,1.2634105208441904,0.5455941337797059
zero,2,MLE_theta10,sub-10584,theta,2.304543624938541,2.8959497387254056
zero,2,MLE_theta10,sub-10585,theta,1.564291387847876,1.4545691529631024
zero,2,MLE_theta10,sub-10589,theta,0.3821656616010331,0.9582181195214337
zero,2,MLE_theta10,sub-10590,theta,1.209071977897815,2.488304843221684
zero,2,MLE_theta10,sub-10596,theta,1.1724878137112675,1.2244086665577107
zero,2,MLE_theta10,sub-10603,theta,0.886452810386873,0.8232814742654072
zero,2,MLE_theta10,sub-10606,theta,1.717060380693613,1.611794576658717
zero,2,MLE_theta10,sub-10608,theta,1.2436897529784008,1.1604289609143457
zero,2,MLE_theta10,sub-10617,theta,1.2204103663951915,1.6710389641425014
zero,2,MLE_theta10,sub-10636,theta,0.9640374353606795,1.901326980024801
zero,2,MLE_theta10,sub-10638,theta,2.989895578149658,10.0
zero,2,MLE_theta10,sub-10640,theta,0.4585057603767028,0.5708052140504524
zero,2,MLE_theta10,sub-10641,theta,0.5387847010089302,0.4369425017101395
zero,2,MLE_theta10,sub-10642,theta,2.0357965408181573,3.215042825989967
zero,2,MLE_theta10,sub-10644,theta,3.104707524939739,8.64134891173406
zero,2,MLE_theta10,sub-10647,theta,1.0836529340285608,1.807639889104476
zero,2,MLE_theta10,sub-10649,theta,1.8837667818146022,7.155138538373199
zero,2,MLE_theta10,sub-10652,theta,1.2010094365365576,1.5700739681865532
zero,2,MLE_theta10,sub-10656,theta,1.5842136287963828,0.233754885478394
zero,2,MLE_theta10,sub-10661,theta,0.9595856703991636,0.4259758450337626
zero,2,MLE_theta10,sub-10663,theta,0.9334013185549822,0.5392378655884901
zero,2,MLE_theta10,sub-10668,theta,0.9050187193697825,10.0
zero,2,MLE_theta10,sub-10673,theta,1.038349806357731,1.224644690475627
zero,2,MLE_theta10,sub-10674,theta,0.6393180128242857,0.2952402695688021
zero,2,MLE_theta10,sub-10677,theta,0.6846252014301439,0.663968849688474
zero,2,MLE_theta10,sub-10685,theta,2.142846512528841,2.4877733394609995
zero,2,MLE_theta10,sub-10690,theta,1.7660280129067387,6.858828215802934
zero,2,MLE_theta10,sub-10691,theta,2.4140755620503755,2.9878315223253167
zero,2,MLE_theta10,sub-10700,theta,1.5779756524965307,2.042511516751418
zero,2,MLE_theta10,sub-10701,theta,0.6459280945594281,0.4612841425962425
zero,2,MLE_theta10,sub-10713,theta,2.0154811452680983,1.665274231076418
zero,2,MLE_theta10,sub-10716,theta,0.5290497565727698,0.7392128324826267
zero,2,MLE_theta10,sub-10718,theta,1.7478957177116028,8.044394024908712
zero,2,MLE_theta10,sub-10720,theta,0.22031118808644518,2.5052314373730704
zero,2,MLE_theta10,sub-10723,theta,1.1913448311024442,1.6323193707207648
zero,2,MLE_theta10,sub-10741,theta,1.5220210106975416,2.093719417559845
zero,2,MLE_theta10,sub-10748,theta,0.8794657744577258,10.0
zero,2,MLE_theta10,sub-10767,theta,1.2087636699581363,0.6531709988614347
zero,2,MLE_theta10,sub-10770,theta,0.70046633419326,0.7337825588346062
zero,2,MLE_theta10,sub-10781,theta,0.4368371321610917,0.5723700700984576
zero,2,MLE_theta10,sub-10783,theta,0.962787498348995,0.7960966080804972
zero,2,MLE_theta10,sub-10785,theta,1.129849419846962,0.731409823784456
zero,2,MLE_theta10,sub-10794,theta,0.8492032436460561,0.792384056353217
zero,2,MLE_theta10,sub-10800,theta,0.8229956181993628,0.5856608077178883
zero,2,MLE_theta10,sub-10801,theta,1.0415043914056321,0.6491507231675615
zero,2,MLE_theta10,sub-10802,theta,0.3462387944238904,0.2847989567257711
zero,2,MLE_theta10,sub-10803,theta,1.606210753159119,1.6819653986418224
zero,2,MLE_theta10,sub-10804,theta,0.4835929142881032,0.0
zero,2,MLE_theta10,sub-10806,theta,2.8672112479739242,10.0
zero,2,MLE_theta10,sub-10807,theta,1.944184577298725,1.2275790826923794
zero,2,MLE_theta10,sub-10809,theta,1.9115389561353793,3.355666504353701
zero,2,MLE_theta10,sub-10810,theta,1.2562014642207517,0.7036358646590282
zero,2,MLE_theta10,sub-10812,theta,1.8866200651991343,2.679566873285936
zero,2,MLE_theta10,sub-10817,theta,0.436824340636607,0.2748303541661014
zero,2,MLE_theta10,sub-10827,theta,0.6798566242599196,1.9977168133653105
zero,2,MLE_theta10,sub-10831,theta,1.970264278135661,1.1240645808832022
zero,2,MLE_theta10,sub-10834,theta,2.182511795165125,10.0
zero,2,MLE_theta10,sub-10836,theta,1.8761085126319688,1.3260925533368475
zero,2,MLE_theta10,sub-10838,theta,1.0353629421067827,1.3820840152141884
zero,2,MLE_theta10,sub-10843,theta,1.5057764692232327,0.9458968467686778
zero,2,MLE_theta10,sub-10850,theta,0.3724363165254184,0.3366823331965795
zero,2,MLE_theta10,sub-10854,theta,0.3756354185779391,0.6535823798182999
zero,2,MLE_theta10,sub-10857,theta,0.5839240621638304,0.2710655844960298
zero,2,MLE_theta10,sub-10858,theta,1.876528849903568,3.613862622989226
zero,2,MLE_theta10,sub-10860,theta,1.5157903136371533,0.8320192039469768
zero,2,MLE_theta10,sub-10862,theta,1.2612009659343817,1.16656711593006
zero,2,MLE_theta10,sub-10863,theta,1.8525119116755713,0.8000435478520367
zero,2,MLE_theta10,sub-10866,theta,1.4996585356746466,1.5368915993691692
zero,2,MLE_theta10,sub-10875,theta,1.990754143079589,0.3490856797925367
zero,2,MLE_theta10,sub-10881,theta,2.4261337621091736,1.667726369652643
zero,2,MLE_theta10,sub-10886,theta,0.673842075160956,5.639459694856098
zero,2,MLE_theta10,sub-10887,theta,0.35705630814898554,0.4725749537152089
zero,2,MLE_theta10,sub-10896,theta,1.1075286567248577,10.0
zero,2,MLE_theta10,sub-10897,theta,1.453266227394459,1.7241572514766572
zero,2,MLE_theta10,sub-10898,theta,0.4458824843339285,0.5081205939612766
zero,2,MLE_theta10,sub-10908,theta,1.6597404094119563,2.231692793943056
zero,2,MLE_theta10,sub-10918,theta,0.8921125287480882,0.916936586720443
zero,2,MLE_theta10,sub-10924,theta,0.9291169974542688,0.7536367710027191
zero,2,MLE_theta10,sub-10926,theta,1.0116512796418466,0.6862397997152789
zero,2,MLE_theta10,sub-10928,theta,3.3307581786350253,10.0
zero,2,MLE_theta10,sub-10929,theta,1.2441754256830269,0.5742314486433991
zero,2,MLE_theta10,sub-10930,theta,1.869989107342181,0.9000667428914614
zero,2,MLE_theta10,sub-10938,theta,1.3518848494955225,1.0840419741422642
zero,2,MLE_theta10,sub-10940,theta,1.5410252419229427,0.0
zero,2,MLE_theta10,sub-10950,theta,1.1002202069102474,0.4124857893745235
zero,2,MLE_theta10,sub-10951,theta,0.9802042259619215,0.9065248246625016
zero,2,MLE_theta10,sub-10952,theta,0.2937669893586333,0.0
zero,2,MLE_theta10,sub-10953,theta,1.7713413554940045,1.1031301053478373
zero,2,MLE_theta10,sub-10954,theta,0.7285157544976072,0.5896846572366408
zero,2,MLE_theta10,sub-10956,theta,0.45279629976973756,0.5370210178038096
zero,2,MLE_theta10,sub-10958,theta,2.7388449862353417,8.638797029421589
zero,2,MLE_theta10,sub-10969,theta,1.5259682497831772,0.8494335918618791
zero,2,MLE_theta10,sub-10974,theta,2.17633807070243,1.223617069948962
zero,2,MLE_theta10,sub-10977,theta,0.36976531968484055,0.0874100867313739
zero,2,MLE_theta10,sub-10983,theta,2.819790023796121,0.4921521411298337
zero,2,MLE_theta10,sub-10984,theta,1.8048524525046878,2.480404573667364
zero,2,MLE_theta10,sub-11005,theta,2.22571837129049,2.172050515185503
zero,2,MLE_theta10,sub-11031,theta,0.26564522818210506,1.98713433503337
zero,2,hierarchical,sub-10317,friend_value_probability_effect,0.15061095793787754,0.12602148484877954
zero,2,hierarchical,sub-10369,friend_value_probability_effect,0.06698783993083533,0.15942581662911307
zero,2,hierarchical,sub-10402,friend_value_probability_effect,0.3242641668902029,0.18938528049034925
zero,2,hierarchical,sub-10418,friend_value_probability_effect,0.40499237029169993,0.32354517293329116
zero,2,hierarchical,sub-10462,friend_value_probability_effect,0.32204018329296796,0.4242544111053615
zero,2,hierarchical,sub-10478,friend_value_probability_effect,0.2764368303553395,0.27533629041324015
zero,2,hierarchical,sub-10486,friend_value_probability_effect,0.18360484329882903,0.22686555942769734
zero,2,hierarchical,sub-10529,friend_value_probability_effect,0.34378914240261516,0.1909403789348546
zero,2,hierarchical,sub-10541,friend_value_probability_effect,0.2154546125863861,0.258161532969252
zero,2,hierarchical,sub-10555,friend_value_probability_effect,0.14282266239325078,0.22120618002926187
zero,2,hierarchical,sub-10559,friend_value_probability_effect,0.3427017876026974,0.18783998542834013
zero,2,hierarchical,sub-10572,friend_value_probability_effect,0.16085325866024894,0.2655922645576213
zero,2,hierarchical,sub-10581,friend_value_probability_effect,0.2141815731251716,0.15647039204127378
zero,2,hierarchical,sub-10584,friend_value_probability_effect,0.19164761981520784,0.2461695118541851
zero,2,hierarchical,sub-10585,friend_value_probability_effect,0.19248615156752533,0.18278863949239116
zero,2,hierarchical,sub-10589,friend_value_probability_effect,0.09356488256974119,0.23269507078311977
zero,2,hierarchical,sub-10590,friend_value_probability_effect,0.3197213174120287,0.5098002276422104
zero,2,hierarchical,sub-10596,friend_value_probability_effect,0.19155780077472553,0.14821362505111754
zero,2,hierarchical,sub-10603,friend_value_probability_effect,0.23904443554817262,0.2802139508868162
zero,2,hierarchical,sub-10606,friend_value_probability_effect,0.4030872822920044,0.37735471057966247
zero,2,hierarchical,sub-10608,friend_value_probability_effect,0.19904220093189784,0.14999548531127171
zero,2,hierarchical,sub-10617,friend_value_probability_effect,0.1658753679477288,0.3835404433621269
zero,2,hierarchical,sub-10636,friend_value_probability_effect,0.19049781573381014,0.1867322267945404
zero,2,hierarchical,sub-10638,friend_value_probability_effect,0.30556669288547333,0.4348673830591789
zero,2,hierarchical,sub-10640,friend_value_probability_effect,0.2890253653308536,0.3292547969691998
zero,2,hierarchical,sub-10641,friend_value_probability_effect,0.11334486949041599,0.14422916591367207
zero,2,hierarchical,sub-10642,friend_value_probability_effect,0.20562799363087014,0.24284898195393584
zero,2,hierarchical,sub-10644,friend_value_probability_effect,0.3048032998168847,0.33266102781322354
zero,2,hierarchical,sub-10647,friend_value_probability_effect,0.27705619858545083,0.36421590845205387
zero,2,hierarchical,sub-10649,friend_value_probability_effect,0.46474413998178254,0.41702222038119846
zero,2,hierarchical,sub-10652,friend_value_probability_effect,0.10135269787065256,0.25329330833208685
zero,2,hierarchical,sub-10656,friend_value_probability_effect,0.1093286936713234,0.08680099195405823
zero,2,hierarchical,sub-10661,friend_value_probability_effect,0.28188179415470316,0.22165204709853964
zero,2,hierarchical,sub-10663,friend_value_probability_effect,0.23721539008869927,0.15526413791771762
zero,2,hierarchical,sub-10668,friend_value_probability_effect,0.06106909563953748,0.14133614042656922
zero,2,hierarchical,sub-10673,friend_value_probability_effect,0.359776764327309,0.3639633881212006
zero,2,hierarchical,sub-10674,friend_value_probability_effect,0.11577695075640003,0.10062901400191997
zero,2,hierarchical,sub-10677,friend_value_probability_effect,0.08811539074210317,0.14404864152726174
zero,2,hierarchical,sub-10685,friend_value_probability_effect,0.5316324840172479,0.43557841173135897
zero,2,hierarchical,sub-10690,friend_value_probability_effect,0.35050428689342694,0.3227097244693523
zero,2,hierarchical,sub-10691,friend_value_probability_effect,0.1995434864564517,0.1842983907207369
zero,2,hierarchical,sub-10700,friend_value_probability_effect,0.6405431200386253,0.5361983198439894
zero,2,hierarchical,sub-10701,friend_value_probability_effect,0.16458180595821176,0.13897901655172173
zero,2,hierarchical,sub-10713,friend_value_probability_effect,0.4652255394296641,0.44963396793601307
zero,2,hierarchical,sub-10716,friend_value_probability_effect,0.26152856738692054,0.27648595571261786
zero,2,hierarchical,sub-10718,friend_value_probability_effect,0.23632865128999325,0.3085121598110918
zero,2,hierarchical,sub-10720,friend_value_probability_effect,0.04023385749219647,0.10082726037547278
zero,2,hierarchical,sub-10723,friend_value_probability_effect,0.16375968795826734,0.2790389687330531
zero,2,hierarchical,sub-10741,friend_value_probability_effect,0.19341455451105155,0.3734186701709722
zero,2,hierarchical,sub-10748,friend_value_probability_effect,0.10330856887957832,0.1164558996697194
zero,2,hierarchical,sub-10767,friend_value_probability_effect,0.1401885434943724,0.13071504829406894
zero,2,hierarchical,sub-10770,friend_value_probability_effect,0.22399382407899884,0.2809786232478989
zero,2,hierarchical,sub-10781,friend_value_probability_effect,0.32476437855120577,0.4679541447092989
zero,2,hierarchical,sub-10783,friend_value_probability_effect,0.09758235825385098,0.19589012278994175
zero,2,hierarchical,sub-10785,friend_value_probability_effect,0.27292981253733234,0.2968793455454444
zero,2,hierarchical,sub-10794,friend_value_probability_effect,0.17708096264883336,0.15860129416695215
zero,2,hierarchical,sub-10800,friend_value_probability_effect,0.2252104899423442,0.12873393660410049
zero,2,hierarchical,sub-10801,friend_value_probability_effect,0.28860951843733373,0.24599109493290353
zero,2,hierarchical,sub-10802,friend_value_probability_effect,0.04466290281130941,0.09830605618094243
zero,2,hierarchical,sub-10803,friend_value_probability_effect,0.5575071455068537,0.3289445755684097
zero,2,hierarchical,sub-10804,friend_value_probability_effect,0.06753186203402534,0.09085197782405785
zero,2,hierarchical,sub-10806,friend_value_probability_effect,0.370313707836028,0.4019627618085413
zero,2,hierarchical,sub-10807,friend_value_probability_effect,0.30020413306090055,0.2736317000466133
zero,2,hierarchical,sub-10809,friend_value_probability_effect,0.2913407854819876,0.2833381871924261
zero,2,hierarchical,sub-10810,friend_value_probability_effect,0.1260225442422877,0.1444567731626287
zero,2,hierarchical,sub-10812,friend_value_probability_effect,0.315463174346852,0.3786314978496746
zero,2,hierarchical,sub-10817,friend_value_probability_effect,0.18571786380880198,0.12787244916225618
zero,2,hierarchical,sub-10827,friend_value_probability_effect,0.09403888345522902,0.16396046988125182
zero,2,hierarchical,sub-10831,friend_value_probability_effect,0.20760721335872906,0.22152430496952752
zero,2,hierarchical,sub-10834,friend_value_probability_effect,0.2385657921056242,0.17025280700649023
zero,2,hierarchical,sub-10836,friend_value_probability_effect,0.42439692326028516,0.27481122510389194
zero,2,hierarchical,sub-10838,friend_value_probability_effect,0.35694751315869094,0.2338348405182573
zero,2,hierarchical,sub-10843,friend_value_probability_effect,0.31164470896925683,0.1562274077253297
zero,2,hierarchical,sub-10850,friend_value_probability_effect,0.09926830147571572,0.14433031618959935
zero,2,hierarchical,sub-10854,friend_value_probability_effect,0.10367559954075163,0.1341953448124654
zero,2,hierarchical,sub-10857,friend_value_probability_effect,0.16951125118571542,0.13001812801294962
zero,2,hierarchical,sub-10858,friend_value_probability_effect,0.2967062792140547,0.25047939382520545
zero,2,hierarchical,sub-10860,friend_value_probability_effect,0.22887032530666357,0.12887932453967058
zero,2,hierarchical,sub-10862,friend_value_probability_effect,0.4353651936285098,0.4426602765990669
zero,2,hierarchical,sub-10863,friend_value_probability_effect,0.23258580924061822,0.23405505599324886
zero,2,hierarchical,sub-10866,friend_value_probability_effect,0.2065388262479883,0.261501229511594
zero,2,hierarchical,sub-10875,friend_value_probability_effect,0.12420474793695091,0.09724741046122684
zero,2,hierarchical,sub-10881,friend_value_probability_effect,0.3987377220858538,0.5344191370371787
zero,2,hierarchical,sub-10886,friend_value_probability_effect,0.04647382197980143,0.15949108038582954
zero,2,hierarchical,sub-10887,friend_value_probability_effect,0.08876640326664992,0.1299828771634443
zero,2,hierarchical,sub-10896,friend_value_probability_effect,0.23755102647382237,0.2750392979988441
zero,2,hierarchical,sub-10897,friend_value_probability_effect,0.21833499656152738,0.2171435720012382
zero,2,hierarchical,sub-10898,friend_value_probability_effect,0.14562009505066137,0.20703791212680062
zero,2,hierarchical,sub-10908,friend_value_probability_effect,0.29502398774670274,0.34212043682259025
zero,2,hierarchical,sub-10918,friend_value_probability_effect,0.1612966362893648,0.1836775633210746
zero,2,hierarchical,sub-10924,friend_value_probability_effect,0.04200679931389922,0.10511056012799386
zero,2,hierarchical,sub-10926,friend_value_probability_effect,0.1547785419443234,0.28501811419934425
zero,2,hierarchical,sub-10928,friend_value_probability_effect,0.3165176413479469,0.22642065313861348
zero,2,hierarchical,sub-10929,friend_value_probability_effect,0.36071591400771524,0.27016030736335905
zero,2,hierarchical,sub-10930,friend_value_probability_effect,0.3110212961997615,0.24053407206353788
zero,2,hierarchical,sub-10938,friend_value_probability_effect,0.18887446278380923,0.20341597455292543
zero,2,hierarchical,sub-10940,friend_value_probability_effect,0.09583126839964086,0.07572635148994826
zero,2,hierarchical,sub-10950,friend_value_probability_effect,0.14818987480586626,0.11489748624092883
zero,2,hierarchical,sub-10951,friend_value_probability_effect,0.11423425388947561,0.14838062752483466
zero,2,hierarchical,sub-10952,friend_value_probability_effect,0.038315435324005984,0.1144556035151045
zero,2,hierarchical,sub-10953,friend_value_probability_effect,0.31200479958388416,0.26986175941557744
zero,2,hierarchical,sub-10954,friend_value_probability_effect,0.0832051082426933,0.12434741686836262
zero,2,hierarchical,sub-10956,friend_value_probability_effect,0.04992047358177175,0.10023074456634486
zero,2,hierarchical,sub-10958,friend_value_probability_effect,0.22684798704522804,0.12986598598430674
zero,2,hierarchical,sub-10969,friend_value_probability_effect,0.20140794593373673,0.13107424971661435
zero,2,hierarchical,sub-10974,friend_value_probability_effect,0.6304414487680486,0.7115749312036579
zero,2,hierarchical,sub-10977,friend_value_probability_effect,0.05707370294959328,0.12146961759619819
zero,2,hierarchical,sub-10983,friend_value_probability_effect,0.1345042940369033,0.08241722964939166
zero,2,hierarchical,sub-10984,friend_value_probability_effect,0.38011650366580374,0.22990779507817447
zero,2,hierarchical,sub-11005,friend_value_probability_effect,0.35547886809452794,0.22183178384392527
zero,2,hierarchical,sub-11031,friend_value_probability_effect,0.049923998207873785,0.12697574968056627
zero,2,MLE_theta10,sub-10317,friend_value_probability_effect,0.15061095793787754,0.0
zero,2,MLE_theta10,sub-10369,friend_value_probability_effect,0.06698783993083533,0.08177231452756838
zero,2,MLE_theta10,sub-10402,friend_value_probability_effect,0.3242641668902029,0.22352329826986675
zero,2,MLE_theta10,sub-10418,friend_value_probability_effect,0.40499237029169993,0.4231794180567923
zero,2,MLE_theta10,sub-10462,friend_value_probability_effect,0.32204018329296796,0.5956905037879998
zero,2,MLE_theta10,sub-10478,friend_value_probability_effect,0.2764368303553395,0.5024776030602985
zero,2,MLE_theta10,sub-10486,friend_value_probability_effect,0.18360484329882903,0.32165237400291585
zero,2,MLE_theta10,sub-10529,friend_value_probability_effect,0.34378914240261516,0.16654246846206328
zero,2,MLE_theta10,sub-10541,friend_value_probability_effect,0.2154546125863861,0.2818508287005615
zero,2,MLE_theta10,sub-10555,friend_value_probability_effect,0.14282266239325078,0.2741535111036253
zero,2,MLE_theta10,sub-10559,friend_value_probability_effect,0.3427017876026974,0.2287421756560769
zero,2,MLE_theta10,sub-10572,friend_value_probability_effect,0.16085325866024894,0.3051071507381791
zero,2,MLE_theta10,sub-10581,friend_value_probability_effect,0.2141815731251716,0.09102900313473024
zero,2,MLE_theta10,sub-10584,friend_value_probability_effect,0.19164761981520784,0.2967030718725933
zero,2,MLE_theta10,sub-10585,friend_value_probability_effect,0.19248615156752533,0.22205697465537846
zero,2,MLE_theta10,sub-10589,friend_value_probability_effect,0.09356488256974119,0.23700152465671587
zero,2,MLE_theta10,sub-10590,friend_value_probability_effect,0.3197213174120287,0.6125960273554826
zero,2,MLE_theta10,sub-10596,friend_value_probability_effect,0.19155780077472553,0.1520410028318538
zero,2,MLE_theta10,sub-10603,friend_value_probability_effect,0.23904443554817262,0.28830519690477097
zero,2,MLE_theta10,sub-10606,friend_value_probability_effect,0.4030872822920044,0.4984360863172946
zero,2,MLE_theta10,sub-10608,friend_value_probability_effect,0.19904220093189784,0.121683191401314
zero,2,MLE_theta10,sub-10617,friend_value_probability_effect,0.1658753679477288,0.5183289612225919
zero,2,MLE_theta10,sub-10636,friend_value_probability_effect,0.19049781573381014,0.23324733670653328
zero,2,MLE_theta10,sub-10638,friend_value_probability_effect,0.30556669288547333,0.43945604945561006
zero,2,MLE_theta10,sub-10640,friend_value_probability_effect,0.2890253653308536,0.4290757767368749
zero,2,MLE_theta10,sub-10641,friend_value_probability_effect,0.11334486949041599,0.15421183488994183
zero,2,MLE_theta10,sub-10642,friend_value_probability_effect,0.20562799363087014,0.3277189665092181
zero,2,MLE_theta10,sub-10644,friend_value_probability_effect,0.3048032998168847,0.40066587261263953
zero,2,MLE_theta10,sub-10647,friend_value_probability_effect,0.27705619858545083,0.4736134784772561
zero,2,MLE_theta10,sub-10649,friend_value_probability_effect,0.46474413998178254,0.5246118922539956
zero,2,MLE_theta10,sub-10652,friend_value_probability_effect,0.10135269787065256,0.2935220962806982
zero,2,MLE_theta10,sub-10656,friend_value_probability_effect,0.1093286936713234,0.029332935494934532
zero,2,MLE_theta10,sub-10661,friend_value_probability_effect,0.28188179415470316,0.14723187082490646
zero,2,MLE_theta10,sub-10663,friend_value_probability_effect,0.23721539008869927,0.2353590668489878
zero,2,MLE_theta10,sub-10668,friend_value_probability_effect,0.06106909563953748,0.09659962270817994
zero,2,MLE_theta10,sub-10673,friend_value_probability_effect,0.359776764327309,0.44429485438424615
zero,2,MLE_theta10,sub-10674,friend_value_probability_effect,0.11577695075640003,0.11405100204631606
zero,2,MLE_theta10,sub-10677,friend_value_probability_effect,0.08811539074210317,0.14253932458332197
zero,2,MLE_theta10,sub-10685,friend_value_probability_effect,0.5316324840172479,0.5297314493260165
zero,2,MLE_theta10,sub-10690,friend_value_probability_effect,0.35050428689342694,0.39321527074263607
zero,2,MLE_theta10,sub-10691,friend_value_probability_effect,0.1995434864564517,0.15791884207143722
zero,2,MLE_theta10,sub-10700,friend_value_probability_effect,0.6405431200386253,0.729233834407773
zero,2,MLE_theta10,sub-10701,friend_value_probability_effect,0.16458180595821176,0.12105421667476376
zero,2,MLE_theta10,sub-10713,friend_value_probability_effect,0.4652255394296641,0.5119468157279761
zero,2,MLE_theta10,sub-10716,friend_value_probability_effect,0.26152856738692054,0.3030221887926483
zero,2,MLE_theta10,sub-10718,friend_value_probability_effect,0.23632865128999325,0.3791895666249425
zero,2,MLE_theta10,sub-10720,friend_value_probability_effect,0.04023385749219647,0.036256586983215086
zero,2,MLE_theta10,sub-10723,friend_value_probability_effect,0.16375968795826734,0.37093801605490195
zero,2,MLE_theta10,sub-10741,friend_value_probability_effect,0.19341455451105155,0.46890433607541476
zero,2,MLE_theta10,sub-10748,friend_value_probability_effect,0.10330856887957832,0.09552712620269493
zero,2,MLE_theta10,sub-10767,friend_value_probability_effect,0.1401885434943724,0.16201228107587298
zero,2,MLE_theta10,sub-10770,friend_value_probability_effect,0.22399382407899884,0.3448992621009186
zero,2,MLE_theta10,sub-10781,friend_value_probability_effect,0.32476437855120577,0.6472899210876348
zero,2,MLE_theta10,sub-10783,friend_value_probability_effect,0.09758235825385098,0.16390596555957382
zero,2,MLE_theta10,sub-10785,friend_value_probability_effect,0.27292981253733234,0.3627885070959374
zero,2,MLE_theta10,sub-10794,friend_value_probability_effect,0.17708096264883336,0.1537226112485407
zero,2,MLE_theta10,sub-10800,friend_value_probability_effect,0.2252104899423442,0.12448556330399552
zero,2,MLE_theta10,sub-10801,friend_value_probability_effect,0.28860951843733373,0.20591329393896313
zero,2,MLE_theta10,sub-10802,friend_value_probability_effect,0.04466290281130941,0.007923335725883156
zero,2,MLE_theta10,sub-10803,friend_value_probability_effect,0.5575071455068537,0.5715924013031638
zero,2,MLE_theta10,sub-10804,friend_value_probability_effect,0.06753186203402534,0.0
zero,2,MLE_theta10,sub-10806,friend_value_probability_effect,0.370313707836028,0.5214065637735764
zero,2,MLE_theta10,sub-10807,friend_value_probability_effect,0.30020413306090055,0.36595325227126163
zero,2,MLE_theta10,sub-10809,friend_value_probability_effect,0.2913407854819876,0.36481702030467633
zero,2,MLE_theta10,sub-10810,friend_value_probability_effect,0.1260225442422877,0.08867982528740206
zero,2,MLE_theta10,sub-10812,friend_value_probability_effect,0.315463174346852,0.44418612978284366
zero,2,MLE_theta10,sub-10817,friend_value_probability_effect,0.18571786380880198,0.1152067194860449
zero,2,MLE_theta10,sub-10827,friend_value_probability_effect,0.09403888345522902,0.20932787601015826
zero,2,MLE_theta10,sub-10831,friend_value_probability_effect,0.20760721335872906,0.3338938254437531
zero,2,MLE_theta10,sub-10834,friend_value_probability_effect,0.2385657921056242,0.18979405160332755
zero,2,MLE_theta10,sub-10836,friend_value_probability_effect,0.42439692326028516,0.4427546188676404
zero,2,MLE_theta10,sub-10838,friend_value_probability_effect,0.35694751315869094,0.35383329604444336
zero,2,MLE_theta10,sub-10843,friend_value_probability_effect,0.31164470896925683,0.2481664948143232
zero,2,MLE_theta10,sub-10850,friend_value_probability_effect,0.09926830147571572,0.10309345063371567
zero,2,MLE_theta10,sub-10854,friend_value_probability_effect,0.10367559954075163,0.07135101229694776
zero,2,MLE_theta10,sub-10857,friend_value_probability_effect,0.16951125118571542,0.08980751988670545
zero,2,MLE_theta10,sub-10858,friend_value_probability_effect,0.2967062792140547,0.24661724302748053
zero,2,MLE_theta10,sub-10860,friend_value_probability_effect,0.22887032530666357,0.18365867892626964
zero,2,MLE_theta10,sub-10862,friend_value_probability_effect,0.4353651936285098,0.5757274806854209
zero,2,MLE_theta10,sub-10863,friend_value_probability_effect,0.23258580924061822,0.28731903176335183
zero,2,MLE_theta10,sub-10866,friend_value_probability_effect,0.2065388262479883,0.298852113520604
zero,2,MLE_theta10,sub-10875,friend_value_probability_effect,0.12420474793695091,0.03744234994001635
zero,2,MLE_theta10,sub-10881,friend_value_probability_effect,0.3987377220858538,0.7232900428649547
zero,2,MLE_theta10,sub-10886,friend_value_probability_effect,0.04647382197980143,0.2884632519653691
zero,2,MLE_theta10,sub-10887,friend_value_probability_effect,0.08876640326664992,0.14765058188959598
zero,2,MLE_theta10,sub-10896,friend_value_probability_effect,0.23755102647382237,0.3416892652340825
zero,2,MLE_theta10,sub-10897,friend_value_probability_effect,0.21833499656152738,0.2925507690296729
zero,2,MLE_theta10,sub-10898,friend_value_probability_effect,0.14562009505066137,0.24604645844172582
zero,2,MLE_theta10,sub-10908,friend_value_probability_effect,0.29502398774670274,0.46398350465274557
zero,2,MLE_theta10,sub-10918,friend_value_probability_effect,0.1612966362893648,0.18793456907700906
zero,2,MLE_theta10,sub-10924,friend_value_probability_effect,0.04200679931389922,0.04342515555448807
zero,2,MLE_theta10,sub-10926,friend_value_probability_effect,0.1547785419443234,0.3734698184312523
zero,2,MLE_theta10,sub-10928,friend_value_probability_effect,0.3165176413479469,0.31291702949756195
zero,2,MLE_theta10,sub-10929,friend_value_probability_effect,0.36071591400771524,0.2561092643969324
zero,2,MLE_theta10,sub-10930,friend_value_probability_effect,0.3110212961997615,0.22606778572807104
zero,2,MLE_theta10,sub-10938,friend_value_probability_effect,0.18887446278380923,0.23399724877257155
zero,2,MLE_theta10,sub-10940,friend_value_probability_effect,0.09583126839964086,0.0
zero,2,MLE_theta10,sub-10950,friend_value_probability_effect,0.14818987480586626,0.10765587756914824
zero,2,MLE_theta10,sub-10951,friend_value_probability_effect,0.11423425388947561,0.09766848121666709
zero,2,MLE_theta10,sub-10952,friend_value_probability_effect,0.038315435324005984,0.0
zero,2,MLE_theta10,sub-10953,friend_value_probability_effect,0.31200479958388416,0.3324476478731522
zero,2,MLE_theta10,sub-10954,friend_value_probability_effect,0.0832051082426933,0.07099219184649568
zero,2,MLE_theta10,sub-10956,friend_value_probability_effect,0.04992047358177175,0.043658918747278445
zero,2,MLE_theta10,sub-10958,friend_value_probability_effect,0.22684798704522804,0.11151899538282035
zero,2,MLE_theta10,sub-10969,friend_value_probability_effect,0.20140794593373673,0.11851217038140364
zero,2,MLE_theta10,sub-10974,friend_value_probability_effect,0.6304414487680486,0.8927094351352355
zero,2,MLE_theta10,sub-10977,friend_value_probability_effect,0.05707370294959328,0.008330114227971027
zero,2,MLE_theta10,sub-10983,friend_value_probability_effect,0.1345042940369033,0.029247369201725125
zero,2,MLE_theta10,sub-10984,friend_value_probability_effect,0.38011650366580374,0.27405389062801583
zero,2,MLE_theta10,sub-11005,friend_value_probability_effect,0.35547886809452794,0.3104760966190516
zero,2,MLE_theta10,sub-11031,friend_value_probability_effect,0.049923998207873785,0.1528895514234302
