parameter,Mean,MCSE,StdDev,MAD,5%,50%,95%,ESS_bulk,ESS_tail,ESS_bulk/s,R_hat,run,n_subjects,chains,draws_per_chain,warmup_per_chain,adapt_delta,divergences,max_depth_hits,min_bfmi,passed
mu[1],-2.82481,0.00518878,0.258794,0.252162,-3.27585,-2.80823,-2.42823,2532.16,5199.83,0.260931,1.00036,N111_H5_zero_full,111,4,4000,3000,0.99,0,0,0.6515970172383011,True
mu[2],-0.740792,0.00191798,0.138388,0.137677,-0.975254,-0.737776,-0.516373,5221.62,8304.26,0.538071,1.00069,N111_H5_zero_full,111,4,4000,3000,0.99,0,0,0.6515970172383011,True
mu[3],2.57755,0.00623761,0.433474,0.432426,1.89204,2.56274,3.3182,4863.47,7936.11,0.501165,1.00025,N111_H5_zero_full,111,4,4000,3000,0.99,0,0,0.6515970172383011,True
mu[4],1.85667,0.00184078,0.144125,0.142967,1.62214,1.85534,2.0957,6152.14,9794.49,0.633958,1.00022,N111_H5_zero_full,111,4,4000,3000,0.99,0,0,0.6515970172383011,True
tau[1],1.23733,0.00330248,0.225726,0.215285,0.871971,1.23225,1.6151,4686.02,5017.91,0.48288,1.00031,N111_H5_zero_full,111,4,4000,3000,0.99,0,0,0.6515970172383011,True
tau[2],1.28141,0.0016213,0.107011,0.106732,1.11504,1.27593,1.46488,4329.15,8549.28,0.446105,1.0008,N111_H5_zero_full,111,4,4000,3000,0.99,0,0,0.6515970172383011,True
tau[3],3.51917,0.00416667,0.368481,0.368878,2.93716,3.5066,4.15207,7802.35,10944.7,0.804007,1.00049,N111_H5_zero_full,111,4,4000,3000,0.99,0,0,0.6515970172383011,True
tau[4],1.33254,0.00151308,0.127243,0.124852,1.13485,1.32659,1.5514,7023.24,9319.28,0.723722,1.00078,N111_H5_zero_full,111,4,4000,3000,0.99,0,0,0.6515970172383011,True
"natural[1,1]",0.0850104,0.00069799,0.069944,0.0575476,0.0102635,0.0661995,0.222429,8564.32,11406.9,0.882525,1.00052,N111_H5_zero_full,111,4,4000,3000,0.99,0,0,0.6515970172383011,True
"natural[1,2]",1.05403,0.00290891,0.404207,0.39625,0.456548,1.01987,1.7741,18399.9,12164.5,1.89605,1.00002,N111_H5_zero_full,111,4,4000,3000,0.99,0,0,0.6515970172383011,True
"natural[1,3]",4.03931,0.0135516,1.72413,1.69619,1.70294,3.78489,7.25517,18742.6,12407.0,1.93136,1.00036,N111_H5_zero_full,111,4,4000,3000,0.99,0,0,0.6515970172383011,True
"natural[1,4]",1.20755,0.00448609,0.677656,0.665566,0.133575,1.18838,2.34579,23218.5,12756.1,2.3926,1.00031,N111_H5_zero_full,111,4,4000,3000,0.99,0,0,0.6515970172383011,True
"natural[2,1]",0.148622,0.0011168,0.125248,0.0942759,0.018577,0.112746,0.406941,11905.8,10015.3,1.22686,1.00006,N111_H5_zero_full,111,4,4000,3000,0.99,0,0,0.6515970172383011,True
"natural[2,2]",0.372208,0.00214023,0.26557,0.233935,0.0684556,0.304574,0.898326,13540.8,11735.3,1.39534,1.00003,N111_H5_zero_full,111,4,4000,3000,0.99,0,0,0.6515970172383011,True
"natural[2,3]",3.6175,0.0227381,2.32418,2.09655,0.943228,3.04711,8.17582,13746.1,9739.78,1.41649,1.0002,N111_H5_zero_full,111,4,4000,3000,0.99,0,0,0.6515970172383011,True
"natural[2,4]",1.67568,0.00429649,0.643347,0.6396,0.659752,1.65367,2.77626,22767.1,12883.7,2.34608,1.00049,N111_H5_zero_full,111,4,4000,3000,0.99,0,0,0.6515970172383011,True
"natural[3,1]",0.07077,0.000658809,0.0644626,0.0414468,0.0103979,0.0558072,0.176909,8586.51,9597.78,0.884812,1.00036,N111_H5_zero_full,111,4,4000,3000,0.99,0,0,0.6515970172383011,True
"natural[3,2]",0.702254,0.00358854,0.320864,0.319122,0.163646,0.697152,1.24046,7490.97,4723.62,0.771921,1.0004,N111_H5_zero_full,111,4,4000,3000,0.99,0,0,0.6515970172383011,True
"natural[3,3]",0.757656,0.0170814,1.08913,0.323633,0.0908674,0.526717,1.95343,10138.2,4562.12,1.04471,1.00092,N111_H5_zero_full,111,4,4000,3000,0.99,0,0,0.6515970172383011,True
"natural[3,4]",3.55474,0.00496982,0.705585,0.698133,2.44946,3.51731,4.75706,20699.8,11573.3,2.13304,1.00051,N111_H5_zero_full,111,4,4000,3000,0.99,0,0,0.6515970172383011,True
"natural[4,1]",0.0267923,0.000236578,0.0225268,0.0161928,0.00397951,0.0210037,0.0688372,7690.33,9784.73,0.792464,1.00036,N111_H5_zero_full,111,4,4000,3000,0.99,0,0,0.6515970172383011,True
"natural[4,2]",0.766276,0.00205735,0.276446,0.280929,0.343691,0.750175,1.25065,17256.0,12294.4,1.77818,1.00085,N111_H5_zero_full,111,4,4000,3000,0.99,0,0,0.6515970172383011,True
"natural[4,3]",4.7506,0.0156858,1.89389,1.81971,2.15284,4.49175,8.27872,17992.2,11390.0,1.85404,1.00027,N111_H5_zero_full,111,4,4000,3000,0.99,0,0,0.6515970172383011,True
"natural[4,4]",2.66344,0.00375051,0.610917,0.607496,1.71687,2.63547,3.71637,27225.5,12892.4,2.8055,1.00034,N111_H5_zero_full,111,4,4000,3000,0.99,0,0,0.6515970172383011,True
"natural[5,1]",0.0407764,0.000579691,0.0511985,0.0224813,0.00492295,0.0271543,0.116773,10493.3,8345.25,1.0813,1.00065,N111_H5_zero_full,111,4,4000,3000,0.99,0,0,0.6515970172383011,True
"natural[5,2]",1.18468,0.00470786,0.518091,0.519593,0.378178,1.15289,2.08464,11010.2,7160.79,1.13456,1.00024,N111_H5_zero_full,111,4,4000,3000,0.99,0,0,0.6515970172383011,True
"natural[5,3]",0.576163,0.00786231,0.592066,0.257541,0.0894228,0.485737,1.21265,13130.2,8718.12,1.35302,1.00017,N111_H5_zero_full,111,4,4000,3000,0.99,0,0,0.6515970172383011,True
"natural[5,4]",1.29081,0.00465394,0.651279,0.65351,0.236849,1.28297,2.38785,19452.6,11095.7,2.00453,1.00011,N111_H5_zero_full,111,4,4000,3000,0.99,0,0,0.6515970172383011,True
"natural[6,1]",0.0867005,0.000644369,0.066308,0.0531764,0.0137064,0.0707972,0.215281,8199.48,8948.09,0.84493,1.00031,N111_H5_zero_full,111,4,4000,3000,0.99,0,0,0.6515970172383011,True
"natural[6,2]",0.390659,0.00156223,0.2022,0.188699,0.134068,0.352168,0.778215,15279.3,11855.7,1.57448,1.00001,N111_H5_zero_full,111,4,4000,3000,0.99,0,0,0.6515970172383011,True
"natural[6,3]",4.71172,0.0179032,2.06759,1.98444,1.98035,4.36413,8.61638,16241.1,10548.2,1.67359,1.00023,N111_H5_zero_full,111,4,4000,3000,0.99,0,0,0.6515970172383011,True
"natural[6,4]",1.42176,0.00312225,0.461051,0.455671,0.70823,1.40181,2.20602,22246.9,12981.8,2.29247,0.999899,N111_H5_zero_full,111,4,4000,3000,0.99,0,0,0.6515970172383011,True
"natural[7,1]",0.0924351,0.00113698,0.0928009,0.0578511,0.00940897,0.0635786,0.27241,5138.05,7548.44,0.529459,1.00029,N111_H5_zero_full,111,4,4000,3000,0.99,0,0,0.6515970172383011,True
"natural[7,2]",0.171076,0.000610929,0.0948588,0.0865946,0.0502286,0.153804,0.351525,22047.3,9716.35,2.2719,1.00048,N111_H5_zero_full,111,4,4000,3000,0.99,0,0,0.6515970172383011,True
"natural[7,3]",7.27276,0.0166017,2.48505,2.49856,3.49008,7.09883,11.6223,23663.8,12721.7,2.43848,1.00065,N111_H5_zero_full,111,4,4000,3000,0.99,0,0,0.6515970172383011,True
"natural[7,4]",3.41387,0.00602409,0.960031,0.950382,1.94291,3.34795,5.08206,27646.8,12324.6,2.84891,1.00055,N111_H5_zero_full,111,4,4000,3000,0.99,0,0,0.6515970172383011,True
"natural[8,1]",0.081894,0.000892097,0.0852369,0.0474864,0.0093401,0.0553178,0.249995,8590.53,8863.54,0.885226,1.00002,N111_H5_zero_full,111,4,4000,3000,0.99,0,0,0.6515970172383011,True
"natural[8,2]",0.307076,0.00224014,0.227483,0.224152,0.0426701,0.254878,0.753685,8655.7,10228.3,0.891942,1.00012,N111_H5_zero_full,111,4,4000,3000,0.99,0,0,0.6515970172383011,True
"natural[8,3]",2.80308,0.0307349,2.41088,1.45128,0.565333,1.89397,7.9643,8944.44,7542.12,0.921696,1.00029,N111_H5_zero_full,111,4,4000,3000,0.99,0,0,0.6515970172383011,True
"natural[8,4]",2.78136,0.0040705,0.640698,0.629203,1.79047,2.74604,3.88694,25880.3,12601.4,2.66688,1.00059,N111_H5_zero_full,111,4,4000,3000,0.99,0,0,0.6515970172383011,True
"natural[9,1]",0.144593,0.00154194,0.130574,0.0937477,0.0159677,0.105501,0.413668,5927.32,8200.69,0.610791,1.00034,N111_H5_zero_full,111,4,4000,3000,0.99,0,0,0.6515970172383011,True
"natural[9,2]",0.115303,0.000767812,0.10128,0.0707521,0.0167558,0.0821563,0.322139,15617.9,12864.8,1.60937,0.999908,N111_H5_zero_full,111,4,4000,3000,0.99,0,0,0.6515970172383011,True
"natural[9,3]",3.97884,0.0281194,3.04056,3.01253,0.398497,3.25491,9.8855,14060.0,11670.7,1.44884,1.00002,N111_H5_zero_full,111,4,4000,3000,0.99,0,0,0.6515970172383011,True
"natural[9,4]",2.05483,0.00347904,0.506896,0.49853,1.2693,2.02894,2.92739,22254.0,11148.4,2.2932,1.0,N111_H5_zero_full,111,4,4000,3000,0.99,0,0,0.6515970172383011,True
"natural[10,1]",0.376587,0.00221191,0.181824,0.191589,0.0841549,0.370415,0.688648,6354.01,6509.45,0.654761,0.999984,N111_H5_zero_full,111,4,4000,3000,0.99,0,0,0.6515970172383011,True
"natural[10,2]",0.42624,0.00352722,0.293206,0.297068,0.057532,0.374047,0.979116,5795.22,9344.44,0.597179,1.00006,N111_H5_zero_full,111,4,4000,3000,0.99,0,0,0.6515970172383011,True
"natural[10,3]",2.57276,0.0284326,2.27542,1.53896,0.308647,1.81972,7.40367,9116.92,8158.59,0.939469,1.0,N111_H5_zero_full,111,4,4000,3000,0.99,0,0,0.6515970172383011,True
"natural[10,4]",1.32594,0.00439251,0.597908,0.601487,0.377736,1.30397,2.34363,18868.1,12868.2,1.9443,1.00024,N111_H5_zero_full,111,4,4000,3000,0.99,0,0,0.6515970172383011,True
"natural[11,1]",0.0523319,0.000217302,0.024628,0.0248563,0.0149975,0.0506936,0.0953497,11465.9,8049.61,1.18153,1.0004,N111_H5_zero_full,111,4,4000,3000,0.99,0,0,0.6515970172383011,True
"natural[11,2]",2.66697,0.00510044,0.668187,0.645041,1.71166,2.59111,3.87137,16944.7,15428.2,1.74609,1.00005,N111_H5_zero_full,111,4,4000,3000,0.99,0,0,0.6515970172383011,True
"natural[11,3]",0.221694,0.001374,0.141262,0.170693,0.0112121,0.219373,0.454774,10160.7,10149.5,1.04703,1.00007,N111_H5_zero_full,111,4,4000,3000,0.99,0,0,0.6515970172383011,True
"natural[11,4]",0.602081,0.00372017,0.612514,0.605114,-0.397616,0.595054,1.61312,27220.6,12095.4,2.805,1.00024,N111_H5_zero_full,111,4,4000,3000,0.99,0,0,0.6515970172383011,True
"natural[12,1]",0.023893,0.000200467,0.0199046,0.0147629,0.00349569,0.0185052,0.0618938,8941.8,10193.1,0.921424,1.00014,N111_H5_zero_full,111,4,4000,3000,0.99,0,0,0.6515970172383011,True
"natural[12,2]",1.36282,0.00226257,0.323034,0.315482,0.852742,1.35028,1.92491,20190.3,12791.1,2.08054,1.0002,N111_H5_zero_full,111,4,4000,3000,0.99,0,0,0.6515970172383011,True
"natural[12,3]",0.154942,0.000823892,0.111277,0.117346,0.0104047,0.137815,0.360569,14920.0,9895.17,1.53746,1.00019,N111_H5_zero_full,111,4,4000,3000,0.99,0,0,0.6515970172383011,True
"natural[12,4]",2.22876,0.0030626,0.502845,0.505771,1.42727,2.2147,3.06928,27260.6,12236.5,2.80911,1.00068,N111_H5_zero_full,111,4,4000,3000,0.99,0,0,0.6515970172383011,True
"natural[13,1]",0.0503742,0.000347,0.0364692,0.0309738,0.00847821,0.0421244,0.118548,9886.1,11174.2,1.01873,1.00026,N111_H5_zero_full,111,4,4000,3000,0.99,0,0,0.6515970172383011,True
"natural[13,2]",0.787032,0.00285346,0.324588,0.330615,0.27585,0.774982,1.33857,11635.7,7309.4,1.19903,1.00006,N111_H5_zero_full,111,4,4000,3000,0.99,0,0,0.6515970172383011,True
"natural[13,3]",1.64515,0.0129888,1.00874,0.556891,0.741718,1.3607,3.53463,11133.7,6454.01,1.14729,1.0006,N111_H5_zero_full,111,4,4000,3000,0.99,0,0,0.6515970172383011,True
"natural[13,4]",0.777289,0.00386527,0.499529,0.496929,-0.0281333,0.766184,1.61335,16614.9,12903.9,1.71211,1.00012,N111_H5_zero_full,111,4,4000,3000,0.99,0,0,0.6515970172383011,True
"natural[14,1]",0.0511805,0.000346826,0.0346625,0.0291869,0.00992258,0.0443096,0.115146,8268.79,8959.91,0.852072,1.00036,N111_H5_zero_full,111,4,4000,3000,0.99,0,0,0.6515970172383011,True
"natural[14,2]",1.0542,0.00183012,0.262541,0.26128,0.639473,1.04348,1.50242,20368.8,14031.7,2.09894,1.00032,N111_H5_zero_full,111,4,4000,3000,0.99,0,0,0.6515970172383011,True
"natural[14,3]",0.0606063,0.000425737,0.0616643,0.0436501,0.00302685,0.0412782,0.182746,20027.0,11958.3,2.06372,1.00004,N111_H5_zero_full,111,4,4000,3000,0.99,0,0,0.6515970172383011,True
"natural[14,4]",1.72966,0.00301086,0.471897,0.468839,0.967162,1.72033,2.52694,24616.9,11556.1,2.5367,1.00038,N111_H5_zero_full,111,4,4000,3000,0.99,0,0,0.6515970172383011,True
"natural[15,1]",0.132047,0.000969661,0.102897,0.0818922,0.0201681,0.106022,0.335285,9902.99,9470.71,1.02047,1.00022,N111_H5_zero_full,111,4,4000,3000,0.99,0,0,0.6515970172383011,True
"natural[15,2]",0.179947,0.000831676,0.112219,0.0927767,0.0512156,0.15268,0.400618,16190.1,12263.5,1.66834,1.0002,N111_H5_zero_full,111,4,4000,3000,0.99,0,0,0.6515970172383011,True
"natural[15,3]",5.02311,0.0206053,2.43094,2.41777,1.76024,4.64056,9.56577,16790.5,11818.7,1.73021,1.00015,N111_H5_zero_full,111,4,4000,3000,0.99,0,0,0.6515970172383011,True
"natural[15,4]",1.60211,0.00293159,0.449642,0.444047,0.893259,1.58194,2.36562,23782.4,13751.4,2.4507,0.999897,N111_H5_zero_full,111,4,4000,3000,0.99,0,0,0.6515970172383011,True
"natural[16,1]",0.0631223,0.000676808,0.0642009,0.0375734,0.00756522,0.0442974,0.18465,7966.61,10876.0,0.820933,1.00042,N111_H5_zero_full,111,4,4000,3000,0.99,0,0,0.6515970172383011,True
"natural[16,2]",0.350283,0.00201739,0.233638,0.219947,0.0743684,0.295026,0.805622,11121.8,10332.6,1.14606,0.999906,N111_H5_zero_full,111,4,4000,3000,0.99,0,0,0.6515970172383011,True
"natural[16,3]",3.62696,0.0247441,2.29248,1.9241,1.12219,2.98809,8.26523,11963.1,9421.37,1.23276,0.99992,N111_H5_zero_full,111,4,4000,3000,0.99,0,0,0.6515970172383011,True
"natural[16,4]",3.2244,0.00460839,0.728632,0.72525,2.11389,3.17968,4.48669,26931.1,12555.6,2.77516,1.00002,N111_H5_zero_full,111,4,4000,3000,0.99,0,0,0.6515970172383011,True
"natural[17,1]",0.096088,0.000554588,0.0542509,0.0514479,0.0228865,0.0888079,0.194191,9354.07,8305.24,0.963907,1.00013,N111_H5_zero_full,111,4,4000,3000,0.99,0,0,0.6515970172383011,True
"natural[17,2]",1.29442,0.00318315,0.396516,0.396734,0.677076,1.27261,1.97708,15046.1,10676.2,1.55045,1.00011,N111_H5_zero_full,111,4,4000,3000,0.99,0,0,0.6515970172383011,True
"natural[17,3]",1.84746,0.00892007,0.853299,0.577055,0.976373,1.63347,3.44221,14324.7,8853.68,1.47612,0.999936,N111_H5_zero_full,111,4,4000,3000,0.99,0,0,0.6515970172383011,True
"natural[17,4]",1.33092,0.00368508,0.536534,0.536062,0.469147,1.32312,2.23866,21146.8,12372.2,2.17911,1.00043,N111_H5_zero_full,111,4,4000,3000,0.99,0,0,0.6515970172383011,True
"natural[18,1]",0.0811011,0.000790217,0.0739605,0.0492804,0.0106357,0.0597503,0.228582,6508.76,9034.56,0.670707,1.00007,N111_H5_zero_full,111,4,4000,3000,0.99,0,0,0.6515970172383011,True
"natural[18,2]",0.207363,0.000636504,0.095655,0.0872074,0.08177,0.190907,0.38855,20665.1,10601.4,2.12948,1.00002,N111_H5_zero_full,111,4,4000,3000,0.99,0,0,0.6515970172383011,True
"natural[18,3]",6.37809,0.0160684,2.21931,2.17659,3.13588,6.15913,10.3673,21637.0,11722.2,2.22962,0.999919,N111_H5_zero_full,111,4,4000,3000,0.99,0,0,0.6515970172383011,True
"natural[18,4]",1.5135,0.00306202,0.467738,0.454946,0.774488,1.49732,2.31308,23830.9,12059.6,2.4557,0.999984,N111_H5_zero_full,111,4,4000,3000,0.99,0,0,0.6515970172383011,True
"natural[19,1]",0.079706,0.000489176,0.052025,0.0433441,0.0173631,0.0700786,0.17199,10976.0,10242.3,1.13104,1.00019,N111_H5_zero_full,111,4,4000,3000,0.99,0,0,0.6515970172383011,True
"natural[19,2]",0.569341,0.00248421,0.272377,0.284379,0.152726,0.550108,1.04948,10465.4,6547.18,1.07842,1.00023,N111_H5_zero_full,111,4,4000,3000,0.99,0,0,0.6515970172383011,True
"natural[19,3]",1.7757,0.0179185,1.26564,0.645181,0.710847,1.3922,4.30367,11005.2,5211.74,1.13405,0.99995,N111_H5_zero_full,111,4,4000,3000,0.99,0,0,0.6515970172383011,True
"natural[19,4]",-0.338159,0.00318055,0.439375,0.43986,-1.06956,-0.341627,0.393621,19142.0,13921.5,1.97252,1.00004,N111_H5_zero_full,111,4,4000,3000,0.99,0,0,0.6515970172383011,True
"natural[20,1]",0.0951529,0.00115997,0.0861474,0.0652205,0.00894721,0.0697665,0.266016,4315.48,7453.19,0.444697,1.00016,N111_H5_zero_full,111,4,4000,3000,0.99,0,0,0.6515970172383011,True
"natural[20,2]",0.165621,0.000509568,0.0721403,0.0676246,0.0683216,0.154675,0.300556,18317.3,10486.1,1.88754,1.00066,N111_H5_zero_full,111,4,4000,3000,0.99,0,0,0.6515970172383011,True
"natural[20,3]",8.22052,0.0166759,2.37268,2.36484,4.59136,8.07908,12.4038,21331.5,12797.2,2.19814,0.999871,N111_H5_zero_full,111,4,4000,3000,0.99,0,0,0.6515970172383011,True
"natural[20,4]",3.77606,0.00570955,0.893036,0.869389,2.4354,3.70057,5.36263,27123.5,11652.7,2.79499,1.00028,N111_H5_zero_full,111,4,4000,3000,0.99,0,0,0.6515970172383011,True
"natural[21,1]",0.0366275,0.00045047,0.0374682,0.0238144,0.00296384,0.0241225,0.113423,6457.17,11116.7,0.665391,1.0006,N111_H5_zero_full,111,4,4000,3000,0.99,0,0,0.6515970172383011,True
"natural[21,2]",4.32587,0.0127339,1.63347,1.572,2.07684,4.08839,7.34763,16475.6,12951.2,1.69776,1.00029,N111_H5_zero_full,111,4,4000,3000,0.99,0,0,0.6515970172383011,True
"natural[21,3]",2.48208,0.0130736,1.37595,1.17837,0.940248,2.14214,5.17462,12928.5,11265.5,1.33224,1.00004,N111_H5_zero_full,111,4,4000,3000,0.99,0,0,0.6515970172383011,True
"natural[21,4]",2.36387,0.00749383,1.04163,1.02695,0.741177,2.31462,4.14702,19847.7,11899.0,2.04524,1.00023,N111_H5_zero_full,111,4,4000,3000,0.99,0,0,0.6515970172383011,True
"natural[22,1]",0.123813,0.00113353,0.121525,0.0747758,0.0132435,0.0832607,0.378393,9878.22,10931.2,1.01792,1.00002,N111_H5_zero_full,111,4,4000,3000,0.99,0,0,0.6515970172383011,True
"natural[22,2]",0.313391,0.00221817,0.252299,0.219124,0.0400861,0.242124,0.817575,10717.7,10605.3,1.10442,1.00037,N111_H5_zero_full,111,4,4000,3000,0.99,0,0,0.6515970172383011,True
"natural[22,3]",2.927,0.0285192,2.52115,1.82895,0.363871,2.07118,8.23548,10688.7,9422.52,1.10144,1.00065,N111_H5_zero_full,111,4,4000,3000,0.99,0,0,0.6515970172383011,True
"natural[22,4]",1.84111,0.00427493,0.630027,0.619211,0.854837,1.81222,2.92459,22158.2,13209.8,2.28333,1.0002,N111_H5_zero_full,111,4,4000,3000,0.99,0,0,0.6515970172383011,True
"natural[23,1]",0.104769,0.00103681,0.0885988,0.0680413,0.0130609,0.0805298,0.27802,5476.36,8895.75,0.564322,1.00014,N111_H5_zero_full,111,4,4000,3000,0.99,0,0,0.6515970172383011,True
"natural[23,2]",0.149075,0.000442741,0.0659263,0.061159,0.0609062,0.139008,0.27112,21223.3,10880.1,2.187,1.0001,N111_H5_zero_full,111,4,4000,3000,0.99,0,0,0.6515970172383011,True
"natural[23,3]",7.5859,0.0156931,2.2881,2.25471,4.16694,7.41432,11.6405,22255.3,12899.4,2.29334,1.00024,N111_H5_zero_full,111,4,4000,3000,0.99,0,0,0.6515970172383011,True
"natural[23,4]",1.94581,0.0032363,0.530454,0.526691,1.13633,1.91827,2.8629,28345.5,12326.3,2.92091,0.999971,N111_H5_zero_full,111,4,4000,3000,0.99,0,0,0.6515970172383011,True
"natural[24,1]",0.0863432,0.00103556,0.0789028,0.0562884,0.00858021,0.0637728,0.240838,4344.96,7485.7,0.447734,1.00123,N111_H5_zero_full,111,4,4000,3000,0.99,0,0,0.6515970172383011,True
"natural[24,2]",0.155864,0.000473864,0.0688032,0.0634763,0.0638068,0.145014,0.285007,20342.4,10370.3,2.09622,1.00048,N111_H5_zero_full,111,4,4000,3000,0.99,0,0,0.6515970172383011,True
"natural[24,3]",8.34779,0.0167377,2.39441,2.36643,4.72347,8.15474,12.5632,21843.2,12384.6,2.25087,1.00002,N111_H5_zero_full,111,4,4000,3000,0.99,0,0,0.6515970172383011,True
"natural[24,4]",3.76287,0.00611087,0.909547,0.894064,2.38724,3.69852,5.378,25043.7,11138.4,2.58068,1.00022,N111_H5_zero_full,111,4,4000,3000,0.99,0,0,0.6515970172383011,True
"natural[25,1]",0.164,0.000849055,0.0758564,0.0742873,0.0482454,0.159441,0.295005,7112.55,6175.59,0.732926,1.0003,N111_H5_zero_full,111,4,4000,3000,0.99,0,0,0.6515970172383011,True
"natural[25,2]",1.03593,0.00234113,0.321261,0.319047,0.546279,1.01873,1.59048,18232.8,12120.3,1.87883,1.00009,N111_H5_zero_full,111,4,4000,3000,0.99,0,0,0.6515970172383011,True
"natural[25,3]",0.609291,0.00199496,0.24942,0.194629,0.278863,0.584137,1.0152,16724.6,12271.9,1.72342,1.00018,N111_H5_zero_full,111,4,4000,3000,0.99,0,0,0.6515970172383011,True
"natural[25,4]",-0.136366,0.00303111,0.471364,0.46534,-0.917153,-0.137044,0.634168,24308.9,13283.3,2.50496,1.00015,N111_H5_zero_full,111,4,4000,3000,0.99,0,0,0.6515970172383011,True
"natural[26,1]",0.0555559,0.000479293,0.0533552,0.0338939,0.00667755,0.0402159,0.154239,10745.8,10840.2,1.10732,1.00046,N111_H5_zero_full,111,4,4000,3000,0.99,0,0,0.6515970172383011,True
"natural[26,2]",1.03034,0.00329396,0.432916,0.440277,0.385186,0.995159,1.78768,16075.3,11042.4,1.65651,1.00065,N111_H5_zero_full,111,4,4000,3000,0.99,0,0,0.6515970172383011,True
"natural[26,3]",3.88567,0.01485,1.81833,1.76201,1.4771,3.61311,7.30449,18548.2,11129.9,1.91133,0.999928,N111_H5_zero_full,111,4,4000,3000,0.99,0,0,0.6515970172383011,True
"natural[26,4]",1.61979,0.0043837,0.706304,0.698612,0.503246,1.59754,2.82397,26703.7,11755.1,2.75173,0.999968,N111_H5_zero_full,111,4,4000,3000,0.99,0,0,0.6515970172383011,True
"natural[27,1]",0.023297,0.000183598,0.0179456,0.0151682,0.00327521,0.0187411,0.0595472,8601.75,10043.5,0.886383,1.00024,N111_H5_zero_full,111,4,4000,3000,0.99,0,0,0.6515970172383011,True
"natural[27,2]",3.16447,0.00616827,0.837721,0.815262,1.94068,3.0806,4.68027,18246.5,13102.3,1.88025,1.00022,N111_H5_zero_full,111,4,4000,3000,0.99,0,0,0.6515970172383011,True
"natural[27,3]",2.62008,0.0121898,1.33417,1.14455,1.08811,2.28946,5.25234,15542.8,11036.0,1.60163,1.00037,N111_H5_zero_full,111,4,4000,3000,0.99,0,0,0.6515970172383011,True
"natural[27,4]",1.11884,0.00443745,0.709472,0.710166,-0.0105992,1.10438,2.31961,25828.0,11908.9,2.66149,1.00056,N111_H5_zero_full,111,4,4000,3000,0.99,0,0,0.6515970172383011,True
"natural[28,1]",0.0790995,0.000661374,0.0566089,0.0532221,0.0108775,0.0672167,0.187123,6048.29,8398.71,0.623257,1.00034,N111_H5_zero_full,111,4,4000,3000,0.99,0,0,0.6515970172383011,True
"natural[28,2]",1.37061,0.00319642,0.398084,0.388653,0.771687,1.34183,2.07934,14902.6,10654.3,1.53567,1.00018,N111_H5_zero_full,111,4,4000,3000,0.99,0,0,0.6515970172383011,True
"natural[28,3]",3.8553,0.0131716,1.50947,1.4295,1.8564,3.61226,6.6654,15854.6,10957.0,1.63377,1.00016,N111_H5_zero_full,111,4,4000,3000,0.99,0,0,0.6515970172383011,True
"natural[28,4]",-0.695769,0.00422211,0.638064,0.625213,-1.77488,-0.67434,0.304885,23251.5,13567.7,2.39599,1.0002,N111_H5_zero_full,111,4,4000,3000,0.99,0,0,0.6515970172383011,True
"natural[29,1]",0.0139935,7.47685e-05,0.00943611,0.008608,0.00250979,0.0119436,0.0322325,14378.7,11601.1,1.48168,1.00009,N111_H5_zero_full,111,4,4000,3000,0.99,0,0,0.6515970172383011,True
"natural[29,2]",4.8934,0.0108782,1.41078,1.36498,2.86881,4.74239,7.43718,16412.4,12528.7,1.69124,1.00028,N111_H5_zero_full,111,4,4000,3000,0.99,0,0,0.6515970172383011,True
"natural[29,3]",0.296474,0.00072928,0.0814979,0.0727716,0.137443,0.309652,0.406008,14723.7,9516.47,1.51723,1.00022,N111_H5_zero_full,111,4,4000,3000,0.99,0,0,0.6515970172383011,True
"natural[29,4]",1.87595,0.00489398,0.689804,0.67827,0.797965,1.85026,3.05328,20493.3,13003.1,2.11177,1.00025,N111_H5_zero_full,111,4,4000,3000,0.99,0,0,0.6515970172383011,True
"natural[30,1]",0.0919593,0.00126003,0.0936114,0.0579632,0.00915198,0.0629473,0.279476,4169.04,7373.95,0.429606,1.00045,N111_H5_zero_full,111,4,4000,3000,0.99,0,0,0.6515970172383011,True
"natural[30,2]",0.104061,0.000362776,0.0537193,0.0482977,0.0348937,0.0947436,0.204807,20100.8,10523.8,2.07133,1.00012,N111_H5_zero_full,111,4,4000,3000,0.99,0,0,0.6515970172383011,True
"natural[30,3]",7.63924,0.0180095,2.56306,2.53742,3.72539,7.48129,12.1502,21140.8,12532.3,2.17849,1.00014,N111_H5_zero_full,111,4,4000,3000,0.99,0,0,0.6515970172383011,True
"natural[30,4]",3.76407,0.00617182,0.906317,0.90328,2.41883,3.69621,5.36104,24457.7,10955.3,2.52029,1.00026,N111_H5_zero_full,111,4,4000,3000,0.99,0,0,0.6515970172383011,True
"natural[31,1]",0.128279,0.00121814,0.126472,0.0795013,0.0124404,0.0835232,0.396886,9478.32,10374.2,0.97671,0.99996,N111_H5_zero_full,111,4,4000,3000,0.99,0,0,0.6515970172383011,True
"natural[31,2]",0.318979,0.00228747,0.238901,0.217535,0.0519494,0.253613,0.788132,9289.97,10929.4,0.957301,1.00033,N111_H5_zero_full,111,4,4000,3000,0.99,0,0,0.6515970172383011,True
"natural[31,3]",3.20775,0.0280602,2.42581,1.78713,0.779008,2.38761,8.21314,10137.1,9198.72,1.0446,1.00042,N111_H5_zero_full,111,4,4000,3000,0.99,0,0,0.6515970172383011,True
"natural[31,4]",2.4319,0.00394862,0.58495,0.58071,1.53049,2.4006,3.4295,22719.3,13320.9,2.34115,1.00009,N111_H5_zero_full,111,4,4000,3000,0.99,0,0,0.6515970172383011,True
"natural[32,1]",0.0318156,0.000225399,0.0257552,0.0204657,0.00443095,0.0248129,0.0835227,11085.0,11172.7,1.14228,1.00006,N111_H5_zero_full,111,4,4000,3000,0.99,0,0,0.6515970172383011,True
"natural[32,2]",2.50398,0.00414468,0.573687,0.556884,1.66517,2.44746,3.53108,18695.4,13644.3,1.9265,1.00001,N111_H5_zero_full,111,4,4000,3000,0.99,0,0,0.6515970172383011,True
"natural[32,3]",0.152083,0.000797738,0.0906867,0.104233,0.0125461,0.1495,0.304388,12026.6,9017.69,1.2393,1.00046,N111_H5_zero_full,111,4,4000,3000,0.99,0,0,0.6515970172383011,True
"natural[32,4]",2.11841,0.00342464,0.552694,0.544584,1.24211,2.10284,3.0627,26354.6,11951.1,2.71575,1.00024,N111_H5_zero_full,111,4,4000,3000,0.99,0,0,0.6515970172383011,True
"natural[33,1]",0.11886,0.0014833,0.106934,0.0829974,0.010419,0.0855567,0.340251,4117.92,8429.76,0.424338,1.00085,N111_H5_zero_full,111,4,4000,3000,0.99,0,0,0.6515970172383011,True
"natural[33,2]",0.17754,0.000581997,0.0772777,0.0727249,0.0733553,0.165705,0.322209,17453.6,10305.4,1.79854,1.00033,N111_H5_zero_full,111,4,4000,3000,0.99,0,0,0.6515970172383011,True
"natural[33,3]",8.03268,0.0162834,2.32982,2.30902,4.47284,7.87528,12.107,21477.7,13174.4,2.21321,1.00033,N111_H5_zero_full,111,4,4000,3000,0.99,0,0,0.6515970172383011,True
"natural[33,4]",3.20647,0.00498338,0.747969,0.735691,2.08004,3.15196,4.50693,24755.7,11301.1,2.551,1.00058,N111_H5_zero_full,111,4,4000,3000,0.99,0,0,0.6515970172383011,True
"natural[34,1]",0.0695489,0.00035599,0.0343206,0.0311055,0.0231885,0.0648407,0.132455,8129.91,7785.83,0.837761,1.00001,N111_H5_zero_full,111,4,4000,3000,0.99,0,0,0.6515970172383011,True
"natural[34,2]",2.22816,0.00440175,0.517573,0.510341,1.43954,2.19189,3.11748,13484.0,12103.8,1.38948,1.00004,N111_H5_zero_full,111,4,4000,3000,0.99,0,0,0.6515970172383011,True
"natural[34,3]",0.286087,0.00108753,0.114269,0.111542,0.0781041,0.293828,0.464533,11459.4,6949.13,1.18085,1.00014,N111_H5_zero_full,111,4,4000,3000,0.99,0,0,0.6515970172383011,True
"natural[34,4]",3.3721,0.00575292,0.721721,0.707647,2.25055,3.33757,4.61635,15881.3,11860.3,1.63652,1.00016,N111_H5_zero_full,111,4,4000,3000,0.99,0,0,0.6515970172383011,True
"natural[35,1]",0.10767,0.00079812,0.0887877,0.0673066,0.0158268,0.0841757,0.282221,11129.8,10269.5,1.14689,1.00036,N111_H5_zero_full,111,4,4000,3000,0.99,0,0,0.6515970172383011,True
"natural[35,2]",0.433601,0.00240157,0.295223,0.273523,0.0866011,0.366401,1.01594,12590.6,12136.4,1.29743,1.00049,N111_H5_zero_full,111,4,4000,3000,0.99,0,0,0.6515970172383011,True
"natural[35,3]",3.05387,0.0206658,2.08044,1.6816,0.807435,2.45717,7.32575,13306.2,10413.5,1.37116,1.00015,N111_H5_zero_full,111,4,4000,3000,0.99,0,0,0.6515970172383011,True
"natural[35,4]",0.266164,0.00362339,0.555467,0.544698,-0.644572,0.25936,1.17487,23567.3,14172.9,2.42853,0.999948,N111_H5_zero_full,111,4,4000,3000,0.99,0,0,0.6515970172383011,True
"natural[36,1]",0.0928176,0.00140919,0.110205,0.0490783,0.00948627,0.0547103,0.321143,5539.83,8219.02,0.570862,1.0002,N111_H5_zero_full,111,4,4000,3000,0.99,0,0,0.6515970172383011,True
"natural[36,2]",0.313327,0.00215104,0.213253,0.226198,0.0296395,0.284484,0.705557,7644.93,6783.84,0.787786,1.00014,N111_H5_zero_full,111,4,4000,3000,0.99,0,0,0.6515970172383011,True
"natural[36,3]",1.29323,0.0282308,1.94454,0.571006,0.0536284,0.588799,5.70673,8467.45,5629.75,0.872544,1.00012,N111_H5_zero_full,111,4,4000,3000,0.99,0,0,0.6515970172383011,True
"natural[36,4]",1.10118,0.00329447,0.421198,0.418707,0.432431,1.09294,1.81207,16192.0,13450.3,1.66853,0.999889,N111_H5_zero_full,111,4,4000,3000,0.99,0,0,0.6515970172383011,True
"natural[37,1]",0.1004,0.00128583,0.0959421,0.0678929,0.00875029,0.0694068,0.297081,4156.81,7515.87,0.428346,1.00047,N111_H5_zero_full,111,4,4000,3000,0.99,0,0,0.6515970172383011,True
"natural[37,2]",0.142813,0.000457113,0.0617253,0.0574541,0.0585521,0.133984,0.255663,17690.3,10201.9,1.82293,0.999916,N111_H5_zero_full,111,4,4000,3000,0.99,0,0,0.6515970172383011,True
"natural[37,3]",8.58271,0.0167284,2.42968,2.40428,4.86301,8.41483,12.8791,22011.8,12417.9,2.26824,1.00047,N111_H5_zero_full,111,4,4000,3000,0.99,0,0,0.6515970172383011,True
"natural[37,4]",3.80965,0.00569715,0.879189,0.864544,2.49368,3.73731,5.36804,25818.6,12293.3,2.66053,0.999966,N111_H5_zero_full,111,4,4000,3000,0.99,0,0,0.6515970172383011,True
"natural[38,1]",0.0777322,0.000516873,0.060409,0.0457407,0.0130927,0.0636805,0.18825,13143.1,10961.5,1.35435,0.999925,N111_H5_zero_full,111,4,4000,3000,0.99,0,0,0.6515970172383011,True
"natural[38,2]",0.793022,0.0026727,0.302114,0.299511,0.306584,0.78717,1.30294,12235.9,8141.08,1.26087,1.00061,N111_H5_zero_full,111,4,4000,3000,0.99,0,0,0.6515970172383011,True
"natural[38,3]",0.784631,0.00728716,0.590888,0.286988,0.279427,0.678008,1.54015,12231.1,8761.55,1.26037,1.00052,N111_H5_zero_full,111,4,4000,3000,0.99,0,0,0.6515970172383011,True
"natural[38,4]",1.26598,0.00326624,0.464822,0.46609,0.521865,1.25441,2.04315,20203.3,12433.0,2.08189,1.00075,N111_H5_zero_full,111,4,4000,3000,0.99,0,0,0.6515970172383011,True
"natural[39,1]",0.148884,0.00103145,0.0824687,0.0892797,0.0279287,0.14287,0.294041,5775.81,6585.9,0.595179,1.00088,N111_H5_zero_full,111,4,4000,3000,0.99,0,0,0.6515970172383011,True
"natural[39,2]",0.973545,0.00252493,0.313159,0.313799,0.502816,0.950476,1.53064,14551.0,11763.4,1.49943,1.00017,N111_H5_zero_full,111,4,4000,3000,0.99,0,0,0.6515970172383011,True
"natural[39,3]",2.84621,0.0106166,1.1492,0.958691,1.46203,2.61195,5.04814,16439.5,10364.9,1.69403,1.00023,N111_H5_zero_full,111,4,4000,3000,0.99,0,0,0.6515970172383011,True
"natural[39,4]",-0.919518,0.00390529,0.589384,0.583334,-1.90841,-0.908579,0.0369275,23207.0,12775.7,2.3914,1.00036,N111_H5_zero_full,111,4,4000,3000,0.99,0,0,0.6515970172383011,True
"natural[40,1]",0.100063,0.000831488,0.0893952,0.0613401,0.01346,0.0767746,0.261737,12363.4,10518.7,1.27401,1.00022,N111_H5_zero_full,111,4,4000,3000,0.99,0,0,0.6515970172383011,True
"natural[40,2]",0.598962,0.00401456,0.385253,0.413301,0.0720905,0.552004,1.30408,8012.83,8518.78,0.825696,1.00025,N111_H5_zero_full,111,4,4000,3000,0.99,0,0,0.6515970172383011,True
"natural[40,3]",1.33029,0.0209274,1.66935,0.59442,0.122346,0.748118,5.0256,10445.6,7425.85,1.07638,1.00024,N111_H5_zero_full,111,4,4000,3000,0.99,0,0,0.6515970172383011,True
"natural[40,4]",1.71285,0.00443292,0.627073,0.626546,0.729763,1.6894,2.78262,20164.1,13277.5,2.07784,1.00021,N111_H5_zero_full,111,4,4000,3000,0.99,0,0,0.6515970172383011,True
"natural[41,1]",0.0983018,0.0011153,0.0887915,0.0633787,0.0110168,0.0730804,0.271615,5205.91,7936.64,0.536452,1.00009,N111_H5_zero_full,111,4,4000,3000,0.99,0,0,0.6515970172383011,True
"natural[41,2]",0.10715,0.000339492,0.052111,0.0468361,0.038556,0.0985694,0.20506,22104.3,10295.2,2.27778,1.0005,N111_H5_zero_full,111,4,4000,3000,0.99,0,0,0.6515970172383011,True
"natural[41,3]",7.57415,0.0180822,2.4544,2.45175,3.8524,7.40174,11.9109,19582.7,11959.4,2.01794,1.00007,N111_H5_zero_full,111,4,4000,3000,0.99,0,0,0.6515970172383011,True
"natural[41,4]",2.70173,0.00414568,0.645756,0.628641,1.72244,2.65836,3.82232,26277.6,11371.0,2.70782,1.0003,N111_H5_zero_full,111,4,4000,3000,0.99,0,0,0.6515970172383011,True
"natural[42,1]",0.101226,0.000502738,0.0521028,0.0531174,0.0259189,0.0962439,0.195534,9646.83,8532.99,0.994074,1.00035,N111_H5_zero_full,111,4,4000,3000,0.99,0,0,0.6515970172383011,True
"natural[42,2]",1.14869,0.0028108,0.369172,0.365292,0.579091,1.13159,1.78511,16601.8,11630.4,1.71077,1.00021,N111_H5_zero_full,111,4,4000,3000,0.99,0,0,0.6515970172383011,True
"natural[42,3]",1.4835,0.00500439,0.567377,0.408696,0.867603,1.35856,2.51064,17373.7,11108.4,1.79031,0.999994,N111_H5_zero_full,111,4,4000,3000,0.99,0,0,0.6515970172383011,True
"natural[42,4]",-0.6516,0.00320768,0.509022,0.505921,-1.50187,-0.644574,0.166384,25383.2,13174.8,2.61566,1.00023,N111_H5_zero_full,111,4,4000,3000,0.99,0,0,0.6515970172383011,True
"natural[43,1]",0.0529453,0.000336981,0.0311387,0.0282552,0.0125649,0.048136,0.108853,7500.58,8317.34,0.772911,1.00037,N111_H5_zero_full,111,4,4000,3000,0.99,0,0,0.6515970172383011,True
"natural[43,2]",1.21403,0.00247065,0.326538,0.319673,0.702355,1.19887,1.77589,17076.1,10929.2,1.75963,1.00014,N111_H5_zero_full,111,4,4000,3000,0.99,0,0,0.6515970172383011,True
"natural[43,3]",0.139694,0.000870227,0.120521,0.119364,0.00506372,0.109843,0.372769,16347.2,11417.3,1.68452,0.999881,N111_H5_zero_full,111,4,4000,3000,0.99,0,0,0.6515970172383011,True
"natural[43,4]",-0.198603,0.00295661,0.480553,0.47665,-0.985442,-0.196672,0.587905,26649.1,12292.4,2.74611,1.00017,N111_H5_zero_full,111,4,4000,3000,0.99,0,0,0.6515970172383011,True
"natural[44,1]",0.0630379,0.000283004,0.032877,0.0318635,0.0166365,0.0593452,0.121697,11799.4,8187.04,1.21589,1.00028,N111_H5_zero_full,111,4,4000,3000,0.99,0,0,0.6515970172383011,True
"natural[44,2]",1.15135,0.00232747,0.307054,0.304983,0.670837,1.13705,1.68916,17056.0,13448.9,1.75757,0.999995,N111_H5_zero_full,111,4,4000,3000,0.99,0,0,0.6515970172383011,True
"natural[44,3]",0.187447,0.000973827,0.133091,0.143854,0.0119108,0.169719,0.427094,15588.8,10016.3,1.60638,1.00013,N111_H5_zero_full,111,4,4000,3000,0.99,0,0,0.6515970172383011,True
"natural[44,4]",0.993406,0.0027845,0.453986,0.457779,0.263127,0.988588,1.74802,26773.8,12804.3,2.75895,1.00036,N111_H5_zero_full,111,4,4000,3000,0.99,0,0,0.6515970172383011,True
"natural[45,1]",0.0366717,0.000416887,0.0381305,0.0219553,0.00453811,0.0265025,0.0991135,7896.6,10019.1,0.81372,1.00064,N111_H5_zero_full,111,4,4000,3000,0.99,0,0,0.6515970172383011,True
"natural[45,2]",0.874394,0.00252871,0.297225,0.292044,0.398164,0.866939,1.37454,13322.4,8597.63,1.37283,1.00026,N111_H5_zero_full,111,4,4000,3000,0.99,0,0,0.6515970172383011,True
"natural[45,3]",0.267012,0.00461679,0.318204,0.186828,0.0199773,0.221896,0.607739,15237.4,10423.9,1.57016,0.999963,N111_H5_zero_full,111,4,4000,3000,0.99,0,0,0.6515970172383011,True
"natural[45,4]",3.43645,0.00425944,0.662642,0.650836,2.40423,3.40498,4.59056,24064.6,12206.1,2.47978,1.00015,N111_H5_zero_full,111,4,4000,3000,0.99,0,0,0.6515970172383011,True
"natural[46,1]",0.0815333,0.00100164,0.0754171,0.0522828,0.00878341,0.0597902,0.227218,4214.08,7172.15,0.434248,1.00096,N111_H5_zero_full,111,4,4000,3000,0.99,0,0,0.6515970172383011,True
"natural[46,2]",0.116702,0.000380974,0.05563,0.0500799,0.0436437,0.107545,0.221168,20457.4,10393.4,2.10807,1.0001,N111_H5_zero_full,111,4,4000,3000,0.99,0,0,0.6515970172383011,True
"natural[46,3]",7.98359,0.0172363,2.45468,2.44111,4.2731,7.7938,12.3125,21619.1,12541.9,2.22778,1.00014,N111_H5_zero_full,111,4,4000,3000,0.99,0,0,0.6515970172383011,True
"natural[46,4]",3.80356,0.00571394,0.899885,0.876123,2.46037,3.72256,5.40967,28040.1,11550.3,2.88944,0.99988,N111_H5_zero_full,111,4,4000,3000,0.99,0,0,0.6515970172383011,True
"natural[47,1]",0.0740544,0.000383593,0.0446837,0.0374922,0.018161,0.0661649,0.154886,11744.4,8827.93,1.21022,1.00003,N111_H5_zero_full,111,4,4000,3000,0.99,0,0,0.6515970172383011,True
"natural[47,2]",1.03633,0.00316563,0.35472,0.354293,0.465617,1.03113,1.6289,12128.5,8972.96,1.24981,0.999996,N111_H5_zero_full,111,4,4000,3000,0.99,0,0,0.6515970172383011,True
"natural[47,3]",0.906087,0.00508743,0.455954,0.258849,0.471401,0.825988,1.55229,15313.1,8768.48,1.57796,1.00023,N111_H5_zero_full,111,4,4000,3000,0.99,0,0,0.6515970172383011,True
"natural[47,4]",2.54454,0.00415783,0.591072,0.595193,1.61686,2.52271,3.55566,20128.3,11844.0,2.07416,1.00021,N111_H5_zero_full,111,4,4000,3000,0.99,0,0,0.6515970172383011,True
"natural[48,1]",0.0765459,0.000713504,0.0651651,0.0461457,0.0111776,0.0602893,0.194447,8356.48,10069.8,0.861109,1.0005,N111_H5_zero_full,111,4,4000,3000,0.99,0,0,0.6515970172383011,True
"natural[48,2]",0.55272,0.00213865,0.243239,0.24361,0.164626,0.542814,0.967888,11452.6,5729.76,1.18015,1.0002,N111_H5_zero_full,111,4,4000,3000,0.99,0,0,0.6515970172383011,True
"natural[48,3]",0.440315,0.0120694,0.780405,0.247083,0.0245698,0.28088,1.13091,12583.6,5957.35,1.2967,1.00034,N111_H5_zero_full,111,4,4000,3000,0.99,0,0,0.6515970172383011,True
"natural[48,4]",0.941634,0.00311671,0.434997,0.427659,0.237223,0.93187,1.67509,19285.1,11038.6,1.98727,1.00078,N111_H5_zero_full,111,4,4000,3000,0.99,0,0,0.6515970172383011,True
"natural[49,1]",0.0578151,0.000583277,0.0556482,0.0316032,0.00917325,0.0438114,0.151437,9465.24,10498.7,0.975362,1.00047,N111_H5_zero_full,111,4,4000,3000,0.99,0,0,0.6515970172383011,True
"natural[49,2]",0.732086,0.00315165,0.318342,0.31975,0.205185,0.724543,1.26654,9287.87,5722.99,0.957085,1.0008,N111_H5_zero_full,111,4,4000,3000,0.99,0,0,0.6515970172383011,True
"natural[49,3]",1.02182,0.0144188,0.892573,0.345782,0.37414,0.817801,2.25439,11694.1,5523.62,1.20504,1.00042,N111_H5_zero_full,111,4,4000,3000,0.99,0,0,0.6515970172383011,True
"natural[49,4]",1.10269,0.00352242,0.467637,0.468318,0.352268,1.09734,1.88565,17352.2,10092.3,1.78809,1.00005,N111_H5_zero_full,111,4,4000,3000,0.99,0,0,0.6515970172383011,True
"natural[50,1]",0.293345,0.00167138,0.139084,0.141847,0.079945,0.282973,0.536808,6327.69,5779.85,0.652048,1.00037,N111_H5_zero_full,111,4,4000,3000,0.99,0,0,0.6515970172383011,True
"natural[50,2]",0.253438,0.00118895,0.136654,0.130123,0.0755001,0.23117,0.511066,11542.5,11626.2,1.18941,1.0001,N111_H5_zero_full,111,4,4000,3000,0.99,0,0,0.6515970172383011,True
"natural[50,3]",5.24463,0.0226034,2.38271,2.39185,1.98553,4.92071,9.68286,12028.1,11769.7,1.23946,1.00019,N111_H5_zero_full,111,4,4000,3000,0.99,0,0,0.6515970172383011,True
"natural[50,4]",2.65742,0.00447176,0.626077,0.606337,1.68778,2.61472,3.75741,20877.9,12665.2,2.1514,0.999959,N111_H5_zero_full,111,4,4000,3000,0.99,0,0,0.6515970172383011,True
"natural[51,1]",0.0631277,0.000351706,0.0322029,0.0335187,0.0153321,0.0607817,0.120051,7634.45,7797.33,0.786706,1.0003,N111_H5_zero_full,111,4,4000,3000,0.99,0,0,0.6515970172383011,True
"natural[51,2]",1.8563,0.00381493,0.466271,0.450883,1.14691,1.82672,2.67152,14656.3,13122.0,1.51028,0.999966,N111_H5_zero_full,111,4,4000,3000,0.99,0,0,0.6515970172383011,True
"natural[51,3]",3.28902,0.0129821,1.48637,1.3932,1.40457,3.00553,6.155,16637.9,10701.0,1.71448,1.00035,N111_H5_zero_full,111,4,4000,3000,0.99,0,0,0.6515970172383011,True
"natural[51,4]",1.92153,0.00401999,0.59346,0.584823,0.963149,1.90847,2.92299,22135.4,12564.5,2.28098,1.00019,N111_H5_zero_full,111,4,4000,3000,0.99,0,0,0.6515970172383011,True
"natural[52,1]",0.144677,0.0016237,0.133693,0.09133,0.0162269,0.103704,0.422068,5668.99,8953.59,0.584171,1.00041,N111_H5_zero_full,111,4,4000,3000,0.99,0,0,0.6515970172383011,True
"natural[52,2]",0.0991952,0.000743241,0.0906255,0.0608194,0.0134263,0.0689447,0.28549,12702.8,11851.6,1.30899,1.00022,N111_H5_zero_full,111,4,4000,3000,0.99,0,0,0.6515970172383011,True
"natural[52,3]",4.09604,0.0304721,3.2057,3.26286,0.301314,3.34212,10.2006,12964.7,12154.6,1.33597,1.00004,N111_H5_zero_full,111,4,4000,3000,0.99,0,0,0.6515970172383011,True
"natural[52,4]",1.90364,0.00330802,0.480645,0.476496,1.15183,1.8819,2.73082,21609.1,12997.3,2.22675,1.00005,N111_H5_zero_full,111,4,4000,3000,0.99,0,0,0.6515970172383011,True
"natural[53,1]",0.0180005,0.000141862,0.0128942,0.0108012,0.00332766,0.0150732,0.0425528,7394.34,10121.5,0.761963,1.00034,N111_H5_zero_full,111,4,4000,3000,0.99,0,0,0.6515970172383011,True
"natural[53,2]",1.68812,0.00365459,0.45625,0.444612,0.985364,1.66007,2.48493,15370.9,12567.8,1.58392,1.00007,N111_H5_zero_full,111,4,4000,3000,0.99,0,0,0.6515970172383011,True
"natural[53,3]",2.00295,0.00709828,0.790414,0.650974,1.07927,1.83044,3.53468,15614.6,11906.0,1.60904,0.999983,N111_H5_zero_full,111,4,4000,3000,0.99,0,0,0.6515970172383011,True
"natural[53,4]",0.547997,0.00369634,0.564616,0.557945,-0.374062,0.544118,1.47899,23389.0,12173.3,2.41016,1.00007,N111_H5_zero_full,111,4,4000,3000,0.99,0,0,0.6515970172383011,True
"natural[54,1]",0.0161198,9.26543e-05,0.0109279,0.00992832,0.00295356,0.0138726,0.0375358,12053.8,11163.2,1.24211,1.00035,N111_H5_zero_full,111,4,4000,3000,0.99,0,0,0.6515970172383011,True
"natural[54,2]",4.66322,0.00870266,1.26266,1.2383,2.80978,4.53719,6.89911,21744.2,14464.4,2.24067,1.00006,N111_H5_zero_full,111,4,4000,3000,0.99,0,0,0.6515970172383011,True
"natural[54,3]",0.465801,0.000377466,0.0491829,0.0457299,0.386807,0.465595,0.546307,17051.0,14970.8,1.75705,1.00006,N111_H5_zero_full,111,4,4000,3000,0.99,0,0,0.6515970172383011,True
"natural[54,4]",2.04152,0.00422726,0.654129,0.648469,0.997922,2.01843,3.13573,24586.1,13278.7,2.53352,1.00043,N111_H5_zero_full,111,4,4000,3000,0.99,0,0,0.6515970172383011,True
"natural[55,1]",0.0135061,9.9659e-05,0.00972809,0.00870153,0.00207165,0.0112486,0.032735,9112.92,11250.1,0.939058,1.00025,N111_H5_zero_full,111,4,4000,3000,0.99,0,0,0.6515970172383011,True
"natural[55,2]",2.4959,0.0032169,0.465888,0.461323,1.7706,2.47106,3.29449,21042.0,13868.5,2.16831,1.00005,N111_H5_zero_full,111,4,4000,3000,0.99,0,0,0.6515970172383011,True
"natural[55,3]",0.114828,0.000620248,0.0805505,0.0890479,0.0067087,0.104434,0.261258,13952.5,8628.01,1.43776,1.00013,N111_H5_zero_full,111,4,4000,3000,0.99,0,0,0.6515970172383011,True
"natural[55,4]",3.77079,0.0041917,0.675574,0.677299,2.71842,3.73677,4.93213,26509.4,12120.2,2.73171,1.00012,N111_H5_zero_full,111,4,4000,3000,0.99,0,0,0.6515970172383011,True
"natural[56,1]",0.038399,0.000214707,0.0229321,0.0228863,0.00737797,0.0351023,0.0802189,9925.51,8453.11,1.02279,1.00032,N111_H5_zero_full,111,4,4000,3000,0.99,0,0,0.6515970172383011,True
"natural[56,2]",1.68286,0.00301798,0.394773,0.394194,1.06784,1.66619,2.36058,16678.5,11325.3,1.71866,1.00009,N111_H5_zero_full,111,4,4000,3000,0.99,0,0,0.6515970172383011,True
"natural[56,3]",0.420012,0.00118673,0.140899,0.132043,0.18249,0.421896,0.649584,14106.7,9037.47,1.45365,1.00002,N111_H5_zero_full,111,4,4000,3000,0.99,0,0,0.6515970172383011,True
"natural[56,4]",3.46967,0.00428929,0.652776,0.649432,2.44717,3.43792,4.58258,23286.0,13490.8,2.39954,1.00031,N111_H5_zero_full,111,4,4000,3000,0.99,0,0,0.6515970172383011,True
"natural[57,1]",0.224256,0.00212238,0.18101,0.152253,0.025396,0.173954,0.602198,5872.32,8126.56,0.605124,0.999916,N111_H5_zero_full,111,4,4000,3000,0.99,0,0,0.6515970172383011,True
"natural[57,2]",0.0608903,0.000334206,0.0455218,0.0337081,0.013346,0.0486957,0.150817,19358.9,12630.6,1.99487,1.00003,N111_H5_zero_full,111,4,4000,3000,0.99,0,0,0.6515970172383011,True
"natural[57,3]",5.8974,0.0245914,3.11926,3.22623,1.3185,5.62236,11.4732,17232.9,11111.5,1.77579,1.00045,N111_H5_zero_full,111,4,4000,3000,0.99,0,0,0.6515970172383011,True
"natural[57,4]",2.26044,0.0036852,0.560906,0.547009,1.39433,2.22822,3.24406,24619.9,11416.5,2.537,1.00004,N111_H5_zero_full,111,4,4000,3000,0.99,0,0,0.6515970172383011,True
"natural[58,1]",0.127629,0.00107572,0.0946173,0.0831748,0.0178854,0.104813,0.313049,6042.51,7866.6,0.622661,0.999926,N111_H5_zero_full,111,4,4000,3000,0.99,0,0,0.6515970172383011,True
"natural[58,2]",0.164338,0.000500493,0.0727917,0.0668681,0.0677269,0.152468,0.300658,20319.3,9685.35,2.09384,1.00003,N111_H5_zero_full,111,4,4000,3000,0.99,0,0,0.6515970172383011,True
"natural[58,3]",7.04491,0.0157738,2.24569,2.27454,3.69459,6.85953,10.9738,21976.8,12912.9,2.26464,0.999963,N111_H5_zero_full,111,4,4000,3000,0.99,0,0,0.6515970172383011,True
"natural[58,4]",1.38377,0.00269323,0.434225,0.425135,0.694868,1.37105,2.12205,26537.2,13390.4,2.73457,1.00011,N111_H5_zero_full,111,4,4000,3000,0.99,0,0,0.6515970172383011,True
"natural[59,1]",0.0325376,0.000212824,0.0239025,0.0204509,0.00495266,0.027175,0.0778055,11387.4,9607.06,1.17344,1.00034,N111_H5_zero_full,111,4,4000,3000,0.99,0,0,0.6515970172383011,True
"natural[59,2]",1.5631,0.00316474,0.404674,0.396628,0.936445,1.53916,2.26622,15953.1,12677.7,1.64391,0.999967,N111_H5_zero_full,111,4,4000,3000,0.99,0,0,0.6515970172383011,True
"natural[59,3]",0.495446,0.00133375,0.152195,0.138434,0.246172,0.495182,0.74467,13129.2,9198.92,1.35293,0.999975,N111_H5_zero_full,111,4,4000,3000,0.99,0,0,0.6515970172383011,True
"natural[59,4]",3.77955,0.00496212,0.716666,0.713273,2.66112,3.7414,5.01116,21201.4,13017.0,2.18474,1.00002,N111_H5_zero_full,111,4,4000,3000,0.99,0,0,0.6515970172383011,True
"natural[60,1]",0.11875,0.00164143,0.138761,0.0640666,0.010965,0.069368,0.426979,6653.53,9835.9,0.685625,1.0006,N111_H5_zero_full,111,4,4000,3000,0.99,0,0,0.6515970172383011,True
"natural[60,2]",0.339067,0.00249039,0.258378,0.270252,0.0261925,0.291555,0.830456,8182.88,9642.41,0.84322,1.00024,N111_H5_zero_full,111,4,4000,3000,0.99,0,0,0.6515970172383011,True
"natural[60,3]",1.44089,0.0314117,2.27616,0.592788,0.0292778,0.498057,6.85569,8115.49,7384.99,0.836276,1.00034,N111_H5_zero_full,111,4,4000,3000,0.99,0,0,0.6515970172383011,True
"natural[60,4]",1.37858,0.00419929,0.582761,0.577101,0.461417,1.35783,2.37883,19120.7,13104.6,1.97033,1.00017,N111_H5_zero_full,111,4,4000,3000,0.99,0,0,0.6515970172383011,True
"natural[61,1]",0.119644,0.000864208,0.0891965,0.0769871,0.0174002,0.099364,0.287756,8628.22,8480.88,0.889111,0.999987,N111_H5_zero_full,111,4,4000,3000,0.99,0,0,0.6515970172383011,True
"natural[61,2]",0.167621,0.000645969,0.0930155,0.0800002,0.0534666,0.148636,0.345857,19161.2,11575.3,1.9745,1.00011,N111_H5_zero_full,111,4,4000,3000,0.99,0,0,0.6515970172383011,True
"natural[61,3]",5.73278,0.0181345,2.41252,2.38651,2.31075,5.44606,10.1344,20628.3,11337.0,2.12568,1.00065,N111_H5_zero_full,111,4,4000,3000,0.99,0,0,0.6515970172383011,True
"natural[61,4]",1.9801,0.00324246,0.520247,0.517235,1.17604,1.95612,2.86665,27038.3,11334.4,2.78621,1.00084,N111_H5_zero_full,111,4,4000,3000,0.99,0,0,0.6515970172383011,True
"natural[62,1]",0.0606203,0.000355416,0.0414886,0.0358129,0.0112314,0.052295,0.137032,11740.5,9210.02,1.20982,1.00015,N111_H5_zero_full,111,4,4000,3000,0.99,0,0,0.6515970172383011,True
"natural[62,2]",1.15558,0.00285411,0.360348,0.350134,0.580917,1.14394,1.77012,15434.9,10313.3,1.59052,0.999961,N111_H5_zero_full,111,4,4000,3000,0.99,0,0,0.6515970172383011,True
"natural[62,3]",1.15563,0.00516784,0.494995,0.31693,0.662381,1.0537,1.94877,14797.4,9508.81,1.52482,1.0006,N111_H5_zero_full,111,4,4000,3000,0.99,0,0,0.6515970172383011,True
"natural[62,4]",0.854801,0.0031374,0.490785,0.494039,0.054847,0.84867,1.66904,24496.8,12404.4,2.52431,1.00064,N111_H5_zero_full,111,4,4000,3000,0.99,0,0,0.6515970172383011,True
"natural[63,1]",0.115476,0.00125171,0.0985327,0.0812168,0.0115704,0.0887404,0.311504,4978.72,8048.05,0.513041,1.00063,N111_H5_zero_full,111,4,4000,3000,0.99,0,0,0.6515970172383011,True
"natural[63,2]",0.191418,0.00058821,0.0816798,0.0776556,0.0796291,0.180604,0.342938,18851.8,10830.3,1.94262,1.00025,N111_H5_zero_full,111,4,4000,3000,0.99,0,0,0.6515970172383011,True
"natural[63,3]",7.91626,0.0162884,2.29195,2.27761,4.47694,7.75203,11.9559,21829.4,12255.5,2.24945,0.999915,N111_H5_zero_full,111,4,4000,3000,0.99,0,0,0.6515970172383011,True
"natural[63,4]",3.10428,0.00482713,0.738975,0.72025,1.97808,3.06059,4.41505,25637.5,12093.7,2.64187,0.999948,N111_H5_zero_full,111,4,4000,3000,0.99,0,0,0.6515970172383011,True
"natural[64,1]",0.0483944,0.000268909,0.0296788,0.0268365,0.0106933,0.0430515,0.103838,10968.2,8960.39,1.13024,1.00038,N111_H5_zero_full,111,4,4000,3000,0.99,0,0,0.6515970172383011,True
"natural[64,2]",2.07345,0.00388571,0.524261,0.516581,1.27522,2.04111,2.98422,17321.1,11922.7,1.78488,1.00001,N111_H5_zero_full,111,4,4000,3000,0.99,0,0,0.6515970172383011,True
"natural[64,3]",0.344182,0.000895689,0.102552,0.0946245,0.166475,0.348667,0.503206,14037.8,9911.3,1.44655,1.00044,N111_H5_zero_full,111,4,4000,3000,0.99,0,0,0.6515970172383011,True
"natural[64,4]",1.34469,0.00322692,0.511738,0.501586,0.517691,1.33366,2.20711,25452.2,12604.2,2.62276,1.00013,N111_H5_zero_full,111,4,4000,3000,0.99,0,0,0.6515970172383011,True
"natural[65,1]",0.0888602,0.000935414,0.0794302,0.0584486,0.00948105,0.0658654,0.243557,5582.31,8052.48,0.57524,1.0004,N111_H5_zero_full,111,4,4000,3000,0.99,0,0,0.6515970172383011,True
"natural[65,2]",0.193355,0.000589865,0.0854043,0.0802913,0.0783763,0.181062,0.352144,20410.2,10659.1,2.10321,1.00044,N111_H5_zero_full,111,4,4000,3000,0.99,0,0,0.6515970172383011,True
"natural[65,3]",7.7838,0.0156873,2.32183,2.32803,4.24792,7.63203,11.8049,23241.3,12575.0,2.39494,1.00047,N111_H5_zero_full,111,4,4000,3000,0.99,0,0,0.6515970172383011,True
"natural[65,4]",3.18042,0.00468599,0.729566,0.725042,2.0751,3.12867,4.46238,27210.4,10817.2,2.80395,0.99985,N111_H5_zero_full,111,4,4000,3000,0.99,0,0,0.6515970172383011,True
"natural[66,1]",0.106808,0.000629217,0.075301,0.0676534,0.0169488,0.0908973,0.250752,11618.9,9137.63,1.19729,1.00004,N111_H5_zero_full,111,4,4000,3000,0.99,0,0,0.6515970172383011,True
"natural[66,2]",0.422975,0.0017748,0.21377,0.216223,0.13536,0.391918,0.820603,12912.4,10667.5,1.33058,1.0003,N111_H5_zero_full,111,4,4000,3000,0.99,0,0,0.6515970172383011,True
"natural[66,3]",3.55702,0.0183047,1.87884,1.62306,1.35541,3.11559,7.3122,14341.3,9348.72,1.47783,1.00023,N111_H5_zero_full,111,4,4000,3000,0.99,0,0,0.6515970172383011,True
"natural[66,4]",2.00974,0.00358573,0.520356,0.51433,1.19535,1.9884,2.90012,21243.3,13790.5,2.18905,0.999927,N111_H5_zero_full,111,4,4000,3000,0.99,0,0,0.6515970172383011,True
"natural[67,1]",0.0229772,0.000179233,0.0200557,0.014675,0.00290611,0.0174318,0.0616664,10459.3,10509.2,1.07779,1.00014,N111_H5_zero_full,111,4,4000,3000,0.99,0,0,0.6515970172383011,True
"natural[67,2]",1.7789,0.00339734,0.439241,0.433688,1.09182,1.75858,2.53644,16658.8,12933.3,1.71664,1.00018,N111_H5_zero_full,111,4,4000,3000,0.99,0,0,0.6515970172383011,True
"natural[67,3]",1.12474,0.00258765,0.315192,0.260445,0.736193,1.06483,1.70836,16785.5,13226.4,1.72969,1.00047,N111_H5_zero_full,111,4,4000,3000,0.99,0,0,0.6515970172383011,True
"natural[67,4]",3.90009,0.00514315,0.786291,0.772715,2.66592,3.86452,5.25912,24075.6,12059.0,2.48091,1.00009,N111_H5_zero_full,111,4,4000,3000,0.99,0,0,0.6515970172383011,True
"natural[68,1]",0.0590578,0.000654951,0.0607921,0.0331116,0.00869071,0.0431597,0.15837,8281.63,9964.62,0.853395,1.00019,N111_H5_zero_full,111,4,4000,3000,0.99,0,0,0.6515970172383011,True
"natural[68,2]",0.470175,0.00288488,0.300853,0.310515,0.0824172,0.419872,1.02809,8909.01,8982.27,0.918045,1.00018,N111_H5_zero_full,111,4,4000,3000,0.99,0,0,0.6515970172383011,True
"natural[68,3]",2.33403,0.0226305,1.77767,1.03625,0.722884,1.73027,6.02101,9768.61,7198.42,1.00662,1.00042,N111_H5_zero_full,111,4,4000,3000,0.99,0,0,0.6515970172383011,True
"natural[68,4]",0.511925,0.00339916,0.497266,0.494193,-0.285424,0.4994,1.34756,21422.7,13472.7,2.20754,1.00015,N111_H5_zero_full,111,4,4000,3000,0.99,0,0,0.6515970172383011,True
"natural[69,1]",0.108732,0.000900522,0.08937,0.0626551,0.017873,0.0866186,0.273427,8306.23,7976.58,0.85593,1.00016,N111_H5_zero_full,111,4,4000,3000,0.99,0,0,0.6515970172383011,True
"natural[69,2]",0.205903,0.00138665,0.162349,0.140732,0.0307081,0.159285,0.53393,11203.9,12037.3,1.15453,1.00035,N111_H5_zero_full,111,4,4000,3000,0.99,0,0,0.6515970172383011,True
"natural[69,3]",3.15368,0.0279269,2.59989,2.02122,0.449499,2.29725,8.47808,11566.7,10262.2,1.19191,1.00009,N111_H5_zero_full,111,4,4000,3000,0.99,0,0,0.6515970172383011,True
"natural[69,4]",1.73496,0.00323587,0.467376,0.466398,0.997075,1.71395,2.52715,21475.8,13669.6,2.21302,1.00015,N111_H5_zero_full,111,4,4000,3000,0.99,0,0,0.6515970172383011,True
"natural[70,1]",0.13279,0.00150292,0.114275,0.0922594,0.0132074,0.0990602,0.365843,4419.81,8426.15,0.455447,1.00039,N111_H5_zero_full,111,4,4000,3000,0.99,0,0,0.6515970172383011,True
"natural[70,2]",0.124213,0.000417167,0.0569044,0.0531215,0.0482591,0.11567,0.229453,17568.5,10496.9,1.81037,0.999949,N111_H5_zero_full,111,4,4000,3000,0.99,0,0,0.6515970172383011,True
"natural[70,3]",8.15153,0.017516,2.45838,2.47664,4.42133,7.96308,12.4593,20629.8,12714.8,2.12584,1.00001,N111_H5_zero_full,111,4,4000,3000,0.99,0,0,0.6515970172383011,True
"natural[70,4]",3.75148,0.00616427,0.861547,0.820632,2.46493,3.6766,5.28871,22846.4,10533.9,2.35425,1.00016,N111_H5_zero_full,111,4,4000,3000,0.99,0,0,0.6515970172383011,True
"natural[71,1]",0.123349,0.00117214,0.114319,0.0749725,0.0151859,0.0905106,0.355681,9698.81,10200.0,0.999431,1.00032,N111_H5_zero_full,111,4,4000,3000,0.99,0,0,0.6515970172383011,True
"natural[71,2]",0.534361,0.00368138,0.363921,0.38432,0.0492957,0.485299,1.1918,8133.66,8147.48,0.838147,1.00053,N111_H5_zero_full,111,4,4000,3000,0.99,0,0,0.6515970172383011,True
"natural[71,3]",1.09117,0.0251944,1.82092,0.451692,0.0354288,0.458289,5.1818,9677.59,6262.8,0.997245,1.0004,N111_H5_zero_full,111,4,4000,3000,0.99,0,0,0.6515970172383011,True
"natural[71,4]",1.29694,0.00407121,0.585661,0.576762,0.368401,1.2784,2.28224,20728.9,13109.7,2.13604,1.00032,N111_H5_zero_full,111,4,4000,3000,0.99,0,0,0.6515970172383011,True
"natural[72,1]",0.20815,0.00228062,0.182173,0.136806,0.0226863,0.150092,0.596072,5654.03,9476.96,0.582629,1.00033,N111_H5_zero_full,111,4,4000,3000,0.99,0,0,0.6515970172383011,True
"natural[72,2]",0.138894,0.000947326,0.117282,0.0974485,0.0168307,0.104874,0.375818,12408.0,11955.5,1.2786,1.00032,N111_H5_zero_full,111,4,4000,3000,0.99,0,0,0.6515970172383011,True
"natural[72,3]",2.58792,0.0285976,2.72298,1.77148,0.0928692,1.53125,8.29449,12024.5,10852.2,1.23908,1.00021,N111_H5_zero_full,111,4,4000,3000,0.99,0,0,0.6515970172383011,True
"natural[72,4]",-0.0907403,0.00270472,0.375416,0.373682,-0.698287,-0.0936926,0.5309,19296.0,14690.4,1.98839,0.999915,N111_H5_zero_full,111,4,4000,3000,0.99,0,0,0.6515970172383011,True
"natural[73,1]",0.0588297,0.00035997,0.0372067,0.0335268,0.0116003,0.0518431,0.130047,8956.01,7755.02,0.922888,1.00034,N111_H5_zero_full,111,4,4000,3000,0.99,0,0,0.6515970172383011,True
"natural[73,2]",1.28874,0.00210677,0.300061,0.295167,0.812462,1.27637,1.80352,20054.1,12936.4,2.06651,0.999916,N111_H5_zero_full,111,4,4000,3000,0.99,0,0,0.6515970172383011,True
"natural[73,3]",0.0947166,0.00056366,0.0851501,0.0739389,0.00466253,0.0707638,0.264337,18830.2,11437.7,1.94039,1.00016,N111_H5_zero_full,111,4,4000,3000,0.99,0,0,0.6515970172383011,True
"natural[73,4]",2.27901,0.00321149,0.509745,0.511455,1.45922,2.26385,3.14177,25576.0,13597.1,2.63552,0.999843,N111_H5_zero_full,111,4,4000,3000,0.99,0,0,0.6515970172383011,True
"natural[74,1]",0.137881,0.00157048,0.130206,0.0871712,0.0148764,0.0979569,0.404842,5498.9,7782.25,0.566644,1.00028,N111_H5_zero_full,111,4,4000,3000,0.99,0,0,0.6515970172383011,True
"natural[74,2]",0.104186,0.00040083,0.0590266,0.0505429,0.0325827,0.0922994,0.216129,19856.5,10164.2,2.04615,1.00015,N111_H5_zero_full,111,4,4000,3000,0.99,0,0,0.6515970172383011,True
"natural[74,3]",6.6865,0.0182922,2.58715,2.58961,2.81097,6.48058,11.2745,21982.2,12075.4,2.26519,1.00015,N111_H5_zero_full,111,4,4000,3000,0.99,0,0,0.6515970172383011,True
"natural[74,4]",2.67405,0.00407257,0.633131,0.617098,1.72151,2.62396,3.77958,26907.6,10697.9,2.77274,1.00048,N111_H5_zero_full,111,4,4000,3000,0.99,0,0,0.6515970172383011,True
"natural[75,1]",0.0265198,0.000189419,0.0203444,0.017517,0.00356999,0.0216214,0.0664023,9701.46,9729.88,0.999704,1.00023,N111_H5_zero_full,111,4,4000,3000,0.99,0,0,0.6515970172383011,True
"natural[75,2]",1.73508,0.00333265,0.430053,0.431231,1.06565,1.71693,2.46653,16345.5,12405.1,1.68435,1.00015,N111_H5_zero_full,111,4,4000,3000,0.99,0,0,0.6515970172383011,True
"natural[75,3]",0.850268,0.00170705,0.202613,0.176625,0.583992,0.821626,1.21308,16176.8,12630.4,1.66697,1.00034,N111_H5_zero_full,111,4,4000,3000,0.99,0,0,0.6515970172383011,True
"natural[75,4]",4.04679,0.00539834,0.787613,0.788277,2.79916,4.00735,5.38046,21307.3,11937.5,2.19565,1.00037,N111_H5_zero_full,111,4,4000,3000,0.99,0,0,0.6515970172383011,True
"natural[76,1]",0.026675,0.000243672,0.021852,0.0189455,0.00283565,0.0209463,0.0698168,6501.94,10014.1,0.670004,1.00035,N111_H5_zero_full,111,4,4000,3000,0.99,0,0,0.6515970172383011,True
"natural[76,2]",2.80869,0.00450554,0.6157,0.602094,1.86631,2.76602,3.87653,18890.0,14146.8,1.94656,1.00026,N111_H5_zero_full,111,4,4000,3000,0.99,0,0,0.6515970172383011,True
"natural[76,3]",2.89113,0.0135805,1.51367,1.34686,1.11156,2.53813,5.85911,16887.4,10981.8,1.74019,1.00036,N111_H5_zero_full,111,4,4000,3000,0.99,0,0,0.6515970172383011,True
"natural[76,4]",3.7298,0.00526997,0.796368,0.788708,2.48397,3.69165,5.0979,23630.2,12181.7,2.43502,1.00032,N111_H5_zero_full,111,4,4000,3000,0.99,0,0,0.6515970172383011,True
"natural[77,1]",0.111266,0.000701424,0.0779448,0.0683124,0.0190325,0.0944796,0.259662,9660.95,9163.14,0.99553,1.00003,N111_H5_zero_full,111,4,4000,3000,0.99,0,0,0.6515970172383011,True
"natural[77,2]",0.324116,0.00121246,0.154243,0.14528,0.121423,0.29875,0.619117,14941.2,11761.7,1.53964,0.999915,N111_H5_zero_full,111,4,4000,3000,0.99,0,0,0.6515970172383011,True
"natural[77,3]",4.75398,0.0176063,1.98247,1.89286,2.13631,4.44591,8.49249,15306.5,10871.2,1.57729,1.00056,N111_H5_zero_full,111,4,4000,3000,0.99,0,0,0.6515970172383011,True
"natural[77,4]",1.00432,0.00281524,0.414955,0.405424,0.339427,0.99441,1.70385,22064.1,13942.7,2.27363,1.00034,N111_H5_zero_full,111,4,4000,3000,0.99,0,0,0.6515970172383011,True
"natural[78,1]",0.0963173,0.00102762,0.0800959,0.0627034,0.012426,0.0741344,0.254599,5070.47,9040.61,0.522496,1.00024,N111_H5_zero_full,111,4,4000,3000,0.99,0,0,0.6515970172383011,True
"natural[78,2]",0.189993,0.000545013,0.076698,0.0728152,0.0852463,0.17942,0.331109,19777.3,11909.9,2.03798,1.00031,N111_H5_zero_full,111,4,4000,3000,0.99,0,0,0.6515970172383011,True
"natural[78,3]",7.76871,0.0154628,2.25271,2.24713,4.37722,7.59343,11.7431,22118.6,13141.8,2.27925,0.999984,N111_H5_zero_full,111,4,4000,3000,0.99,0,0,0.6515970172383011,True
"natural[78,4]",1.33645,0.00294178,0.448733,0.444605,0.617429,1.3252,2.09565,23675.5,12596.6,2.43969,1.00033,N111_H5_zero_full,111,4,4000,3000,0.99,0,0,0.6515970172383011,True
"natural[79,1]",0.11638,0.00109036,0.0972609,0.0735375,0.015574,0.0885929,0.31625,6344.07,7705.12,0.653736,1.00015,N111_H5_zero_full,111,4,4000,3000,0.99,0,0,0.6515970172383011,True
"natural[79,2]",0.265716,0.00080051,0.112245,0.104788,0.116293,0.248432,0.477394,19270.3,12940.9,1.98574,0.999973,N111_H5_zero_full,111,4,4000,3000,0.99,0,0,0.6515970172383011,True
"natural[79,3]",6.30606,0.0149701,2.12191,2.10689,3.2156,6.09154,10.1028,22563.2,12700.0,2.32506,1.00001,N111_H5_zero_full,111,4,4000,3000,0.99,0,0,0.6515970172383011,True
"natural[79,4]",0.728702,0.00269382,0.398047,0.393694,0.0782943,0.726435,1.3936,21932.3,13974.1,2.26005,1.00007,N111_H5_zero_full,111,4,4000,3000,0.99,0,0,0.6515970172383011,True
"natural[80,1]",0.114642,0.00132663,0.104703,0.0779388,0.0108872,0.082328,0.332713,4939.05,7715.16,0.508954,1.00033,N111_H5_zero_full,111,4,4000,3000,0.99,0,0,0.6515970172383011,True
"natural[80,2]",0.152956,0.000452945,0.0660272,0.0608878,0.0639849,0.143118,0.276465,21003.5,10919.8,2.16435,1.00037,N111_H5_zero_full,111,4,4000,3000,0.99,0,0,0.6515970172383011,True
"natural[80,3]",8.12236,0.0160828,2.35207,2.33242,4.52778,7.96787,12.2475,22905.3,12570.8,2.36032,1.00023,N111_H5_zero_full,111,4,4000,3000,0.99,0,0,0.6515970172383011,True
"natural[80,4]",2.70031,0.00402934,0.648014,0.644965,1.71171,2.66266,3.82789,27954.8,12372.1,2.88065,1.00021,N111_H5_zero_full,111,4,4000,3000,0.99,0,0,0.6515970172383011,True
"natural[81,1]",0.0507025,0.000481,0.0443661,0.0315367,0.00724802,0.0391826,0.132264,7883.0,9877.62,0.812318,1.00022,N111_H5_zero_full,111,4,4000,3000,0.99,0,0,0.6515970172383011,True
"natural[81,2]",0.622515,0.00260184,0.270564,0.271294,0.17837,0.613606,1.07815,9779.25,4915.79,1.00772,1.0001,N111_H5_zero_full,111,4,4000,3000,0.99,0,0,0.6515970172383011,True
"natural[81,3]",0.729329,0.0161268,0.898473,0.336652,0.104565,0.560335,1.66635,9777.04,5256.68,1.00749,1.00051,N111_H5_zero_full,111,4,4000,3000,0.99,0,0,0.6515970172383011,True
"natural[81,4]",2.44448,0.00382217,0.544356,0.536384,1.5759,2.42528,3.36887,19977.2,12383.2,2.05858,1.00007,N111_H5_zero_full,111,4,4000,3000,0.99,0,0,0.6515970172383011,True
"natural[82,1]",0.0804456,0.000962511,0.075342,0.0509829,0.00906317,0.0585926,0.229895,4862.29,7539.58,0.501043,1.00053,N111_H5_zero_full,111,4,4000,3000,0.99,0,0,0.6515970172383011,True
"natural[82,2]",0.148171,0.000449069,0.0659809,0.0608215,0.0601007,0.138188,0.27123,21777.3,10511.0,2.24408,1.00015,N111_H5_zero_full,111,4,4000,3000,0.99,0,0,0.6515970172383011,True
"natural[82,3]",8.34752,0.0159873,2.35748,2.35023,4.74656,8.20816,12.4372,22942.8,13213.7,2.36418,1.00024,N111_H5_zero_full,111,4,4000,3000,0.99,0,0,0.6515970172383011,True
"natural[82,4]",3.17748,0.00471416,0.743401,0.719033,2.0545,3.11847,4.47941,27768.8,11357.8,2.86149,0.999943,N111_H5_zero_full,111,4,4000,3000,0.99,0,0,0.6515970172383011,True
"natural[83,1]",0.0208783,0.000140941,0.0163564,0.0132844,0.00300543,0.0167314,0.0533116,12199.2,12069.3,1.25709,1.00018,N111_H5_zero_full,111,4,4000,3000,0.99,0,0,0.6515970172383011,True
"natural[83,2]",2.40421,0.0049192,0.654215,0.638663,1.42572,2.35005,3.54101,17445.3,12512.6,1.79768,1.00005,N111_H5_zero_full,111,4,4000,3000,0.99,0,0,0.6515970172383011,True
"natural[83,3]",0.112378,0.000643155,0.0946636,0.0948597,0.00451546,0.0888639,0.294663,17583.1,10868.6,1.81189,1.00021,N111_H5_zero_full,111,4,4000,3000,0.99,0,0,0.6515970172383011,True
"natural[83,4]",2.30172,0.00474838,0.749599,0.747507,1.10543,2.28147,3.56665,25562.9,11589.2,2.63417,0.999845,N111_H5_zero_full,111,4,4000,3000,0.99,0,0,0.6515970172383011,True
"natural[84,1]",0.170328,0.00128368,0.140809,0.113603,0.0212976,0.130791,0.459467,9655.72,9854.57,0.994991,1.0004,N111_H5_zero_full,111,4,4000,3000,0.99,0,0,0.6515970172383011,True
"natural[84,2]",0.162719,0.00076242,0.109397,0.0863403,0.0395946,0.136501,0.372442,19375.4,11995.6,1.99657,0.999889,N111_H5_zero_full,111,4,4000,3000,0.99,0,0,0.6515970172383011,True
"natural[84,3]",4.94847,0.0185089,2.51198,2.57638,1.40441,4.6591,9.44826,19942.7,12593.3,2.05503,1.00039,N111_H5_zero_full,111,4,4000,3000,0.99,0,0,0.6515970172383011,True
"natural[84,4]",0.454231,0.0032269,0.517176,0.516723,-0.374879,0.446395,1.32349,25868.3,14055.5,2.66564,1.00047,N111_H5_zero_full,111,4,4000,3000,0.99,0,0,0.6515970172383011,True
"natural[85,1]",0.538033,0.00287435,0.205394,0.200085,0.134613,0.568628,0.827923,5819.96,5562.15,0.599728,1.00067,N111_H5_zero_full,111,4,4000,3000,0.99,0,0,0.6515970172383011,True
"natural[85,2]",0.182897,0.00135499,0.109262,0.115207,0.0367393,0.167503,0.38338,5722.84,9410.28,0.58972,1.00015,N111_H5_zero_full,111,4,4000,3000,0.99,0,0,0.6515970172383011,True
"natural[85,3]",3.36291,0.0322527,2.50844,2.11956,0.498662,2.71806,8.51081,7084.6,7588.69,0.730045,1.00039,N111_H5_zero_full,111,4,4000,3000,0.99,0,0,0.6515970172383011,True
"natural[85,4]",1.09897,0.00369498,0.419737,0.413561,0.43514,1.08724,1.81537,12970.9,13816.6,1.33661,0.999951,N111_H5_zero_full,111,4,4000,3000,0.99,0,0,0.6515970172383011,True
"natural[86,1]",0.0600924,0.000599843,0.0598397,0.0347267,0.00753092,0.0419633,0.1782,11587.1,10320.0,1.19401,1.00073,N111_H5_zero_full,111,4,4000,3000,0.99,0,0,0.6515970172383011,True
"natural[86,2]",0.796596,0.00290485,0.319852,0.332574,0.295008,0.784829,1.34314,11469.1,9494.96,1.18185,1.00022,N111_H5_zero_full,111,4,4000,3000,0.99,0,0,0.6515970172383011,True
"natural[86,3]",2.14481,0.014108,1.24341,0.827035,0.901728,1.80163,4.60516,12489.4,7437.64,1.28699,1.00031,N111_H5_zero_full,111,4,4000,3000,0.99,0,0,0.6515970172383011,True
"natural[86,4]",1.9731,0.00411191,0.573618,0.578631,1.08209,1.94774,2.95659,19494.9,13354.2,2.00889,1.00029,N111_H5_zero_full,111,4,4000,3000,0.99,0,0,0.6515970172383011,True
"natural[87,1]",0.0582972,0.00063551,0.0533264,0.0356056,0.00783552,0.0430097,0.157441,7073.37,10073.1,0.728889,1.00016,N111_H5_zero_full,111,4,4000,3000,0.99,0,0,0.6515970172383011,True
"natural[87,2]",0.37865,0.00135903,0.2038,0.191181,0.114728,0.34287,0.768359,20915.2,10399.3,2.15524,0.999926,N111_H5_zero_full,111,4,4000,3000,0.99,0,0,0.6515970172383011,True
"natural[87,3]",5.54873,0.0165659,2.17162,2.19558,2.36135,5.33941,9.42382,18735.0,12482.9,1.93058,1.00031,N111_H5_zero_full,111,4,4000,3000,0.99,0,0,0.6515970172383011,True
"natural[87,4]",1.15478,0.00357546,0.574979,0.566756,0.251205,1.13589,2.14345,26463.7,13420.3,2.727,0.999827,N111_H5_zero_full,111,4,4000,3000,0.99,0,0,0.6515970172383011,True
"natural[88,1]",0.36015,0.00205834,0.154182,0.158732,0.100355,0.362136,0.613875,5479.19,4842.37,0.564613,1.00048,N111_H5_zero_full,111,4,4000,3000,0.99,0,0,0.6515970172383011,True
"natural[88,2]",0.257191,0.00102482,0.11083,0.109101,0.100087,0.24517,0.456243,10869.5,10525.5,1.12007,1.00006,N111_H5_zero_full,111,4,4000,3000,0.99,0,0,0.6515970172383011,True
"natural[88,3]",4.95936,0.0203023,2.16592,2.12316,1.98695,4.65127,8.94791,12594.6,11979.6,1.29783,0.99995,N111_H5_zero_full,111,4,4000,3000,0.99,0,0,0.6515970172383011,True
"natural[88,4]",1.24182,0.00334597,0.442228,0.435426,0.547919,1.22366,2.00948,17233.0,14948.6,1.77581,0.999936,N111_H5_zero_full,111,4,4000,3000,0.99,0,0,0.6515970172383011,True
"natural[89,1]",0.125583,0.00158962,0.127043,0.0748456,0.0136456,0.0847885,0.385512,4947.05,7402.94,0.509778,1.00017,N111_H5_zero_full,111,4,4000,3000,0.99,0,0,0.6515970172383011,True
"natural[89,2]",0.0894067,0.000632419,0.080403,0.0514704,0.0143826,0.0635778,0.253717,15406.3,12945.6,1.58757,1.00019,N111_H5_zero_full,111,4,4000,3000,0.99,0,0,0.6515970172383011,True
"natural[89,3]",4.87311,0.0279116,3.15157,3.36853,0.685861,4.41415,10.6547,14246.9,12162.3,1.4681,1.00012,N111_H5_zero_full,111,4,4000,3000,0.99,0,0,0.6515970172383011,True
"natural[89,4]",2.70653,0.00414328,0.63493,0.620443,1.74685,2.65796,3.81507,25428.5,12235.6,2.62033,1.00038,N111_H5_zero_full,111,4,4000,3000,0.99,0,0,0.6515970172383011,True
"natural[90,1]",0.0295759,0.000126157,0.01525,0.0157008,0.00721892,0.0279723,0.0573762,12674.9,8637.35,1.3061,1.00014,N111_H5_zero_full,111,4,4000,3000,0.99,0,0,0.6515970172383011,True
"natural[90,2]",2.93551,0.00476513,0.681174,0.676275,1.90776,2.87652,4.13913,20569.7,14010.0,2.11964,1.00012,N111_H5_zero_full,111,4,4000,3000,0.99,0,0,0.6515970172383011,True
"natural[90,3]",0.482425,0.000611858,0.0737705,0.0688995,0.363983,0.48097,0.605164,14619.7,14243.9,1.50651,0.999948,N111_H5_zero_full,111,4,4000,3000,0.99,0,0,0.6515970172383011,True
"natural[90,4]",1.75755,0.00347085,0.551602,0.550685,0.885743,1.74101,2.6852,25652.9,12490.4,2.64344,1.00068,N111_H5_zero_full,111,4,4000,3000,0.99,0,0,0.6515970172383011,True
"natural[91,1]",0.0892368,0.00119627,0.0876175,0.0558564,0.00929527,0.0627918,0.259032,4136.11,7771.35,0.426213,1.00036,N111_H5_zero_full,111,4,4000,3000,0.99,0,0,0.6515970172383011,True
"natural[91,2]",0.112289,0.000350534,0.0529615,0.0486687,0.0418231,0.103697,0.210733,21728.0,11172.7,2.239,1.0001,N111_H5_zero_full,111,4,4000,3000,0.99,0,0,0.6515970172383011,True
"natural[91,3]",8.12439,0.0164137,2.487,2.45542,4.32772,7.95067,12.4502,24626.5,13075.6,2.53768,1.00002,N111_H5_zero_full,111,4,4000,3000,0.99,0,0,0.6515970172383011,True
"natural[91,4]",3.79862,0.0059694,0.883708,0.873936,2.48069,3.73149,5.36148,24217.4,11674.6,2.49553,1.00055,N111_H5_zero_full,111,4,4000,3000,0.99,0,0,0.6515970172383011,True
"natural[92,1]",0.0364465,0.000299955,0.0307681,0.0223642,0.00561844,0.028909,0.0912853,11278.2,11634.8,1.16218,1.00053,N111_H5_zero_full,111,4,4000,3000,0.99,0,0,0.6515970172383011,True
"natural[92,2]",1.65834,0.00548607,0.653654,0.618356,0.674058,1.60889,2.8122,12855.9,7897.44,1.32476,1.00054,N111_H5_zero_full,111,4,4000,3000,0.99,0,0,0.6515970172383011,True
"natural[92,3]",0.777984,0.00686982,0.480528,0.213321,0.412797,0.684786,1.36986,13778.3,8604.52,1.41981,1.00045,N111_H5_zero_full,111,4,4000,3000,0.99,0,0,0.6515970172383011,True
"natural[92,4]",0.556142,0.00465525,0.672565,0.675944,-0.544899,0.546342,1.66513,20913.7,12206.7,2.15509,1.00005,N111_H5_zero_full,111,4,4000,3000,0.99,0,0,0.6515970172383011,True
"natural[93,1]",0.0505905,0.000456423,0.0444274,0.0345332,0.00481605,0.0380188,0.13895,7535.88,9574.95,0.776548,1.00005,N111_H5_zero_full,111,4,4000,3000,0.99,0,0,0.6515970172383011,True
"natural[93,2]",7.41144,0.0367381,4.23283,3.18334,2.73686,6.47159,15.1173,14538.3,13039.6,1.49812,1.00027,N111_H5_zero_full,111,4,4000,3000,0.99,0,0,0.6515970172383011,True
"natural[93,3]",0.486876,0.000550656,0.0671596,0.0486148,0.387385,0.485012,0.594355,15221.6,13883.2,1.56854,1.0,N111_H5_zero_full,111,4,4000,3000,0.99,0,0,0.6515970172383011,True
"natural[93,4]",1.74024,0.00806954,1.01963,0.998125,0.157082,1.68757,3.49492,16456.0,11537.0,1.69573,1.00006,N111_H5_zero_full,111,4,4000,3000,0.99,0,0,0.6515970172383011,True
"natural[94,1]",0.121867,0.000822399,0.103179,0.0775476,0.0160304,0.093874,0.31728,13702.0,10621.7,1.41195,1.00004,N111_H5_zero_full,111,4,4000,3000,0.99,0,0,0.6515970172383011,True
"natural[94,2]",0.394432,0.00250837,0.277609,0.270015,0.0635908,0.333383,0.935726,10845.4,11733.4,1.11759,0.99994,N111_H5_zero_full,111,4,4000,3000,0.99,0,0,0.6515970172383011,True
"natural[94,3]",2.64659,0.024331,2.19338,1.53999,0.450432,1.89399,7.29241,10945.2,8830.73,1.12787,1.0004,N111_H5_zero_full,111,4,4000,3000,0.99,0,0,0.6515970172383011,True
"natural[94,4]",1.82739,0.00431995,0.644854,0.636387,0.818767,1.79782,2.93406,23026.0,13029.7,2.37275,1.00007,N111_H5_zero_full,111,4,4000,3000,0.99,0,0,0.6515970172383011,True
"natural[95,1]",0.0966409,0.000580139,0.0644949,0.0587363,0.0176048,0.0833921,0.219776,10406.2,9581.03,1.07233,1.00039,N111_H5_zero_full,111,4,4000,3000,0.99,0,0,0.6515970172383011,True
"natural[95,2]",0.376037,0.0013474,0.180045,0.171793,0.137837,0.344597,0.716257,16071.3,12959.9,1.6561,1.00006,N111_H5_zero_full,111,4,4000,3000,0.99,0,0,0.6515970172383011,True
"natural[95,3]",4.4444,0.0170962,1.94879,1.84475,1.90452,4.11105,8.16763,15895.0,10977.5,1.63793,1.00009,N111_H5_zero_full,111,4,4000,3000,0.99,0,0,0.6515970172383011,True
"natural[95,4]",1.49739,0.0030375,0.467815,0.469987,0.75926,1.48287,2.2957,23991.6,13763.4,2.47225,0.999978,N111_H5_zero_full,111,4,4000,3000,0.99,0,0,0.6515970172383011,True
"natural[96,1]",0.12607,0.000942534,0.0954294,0.0816676,0.0180115,0.101844,0.313597,8036.44,9277.34,0.828129,1.00013,N111_H5_zero_full,111,4,4000,3000,0.99,0,0,0.6515970172383011,True
"natural[96,2]",0.226211,0.000766579,0.106397,0.098097,0.0874664,0.207525,0.426189,18368.6,11574.2,1.89283,1.0003,N111_H5_zero_full,111,4,4000,3000,0.99,0,0,0.6515970172383011,True
"natural[96,3]",6.00154,0.0163887,2.20492,2.18632,2.84012,5.74497,9.99583,20802.3,12223.2,2.14361,1.00005,N111_H5_zero_full,111,4,4000,3000,0.99,0,0,0.6515970172383011,True
"natural[96,4]",1.54992,0.00303483,0.460889,0.457041,0.822931,1.53151,2.332,23586.6,12683.1,2.43052,0.999865,N111_H5_zero_full,111,4,4000,3000,0.99,0,0,0.6515970172383011,True
"natural[97,1]",0.196566,0.00170372,0.156985,0.131487,0.0241811,0.153394,0.51781,6542.47,8905.53,0.67418,1.00012,N111_H5_zero_full,111,4,4000,3000,0.99,0,0,0.6515970172383011,True
"natural[97,2]",0.104386,0.000687872,0.0880237,0.0651611,0.0163254,0.0768944,0.285326,14302.2,12383.5,1.47379,1.00016,N111_H5_zero_full,111,4,4000,3000,0.99,0,0,0.6515970172383011,True
"natural[97,3]",3.74922,0.0284154,2.9931,2.84588,0.306408,2.98648,9.56281,13625.8,11918.6,1.4041,1.00028,N111_H5_zero_full,111,4,4000,3000,0.99,0,0,0.6515970172383011,True
"natural[97,4]",1.31674,0.00285511,0.408403,0.401583,0.668791,1.302,2.01327,20602.5,14109.8,2.12302,0.999928,N111_H5_zero_full,111,4,4000,3000,0.99,0,0,0.6515970172383011,True
"natural[98,1]",0.210654,0.00193845,0.186687,0.133421,0.0231099,0.146517,0.615767,8553.74,9939.81,0.881435,1.00022,N111_H5_zero_full,111,4,4000,3000,0.99,0,0,0.6515970172383011,True
"natural[98,2]",0.124155,0.000761728,0.1019,0.0676877,0.0249915,0.0922172,0.331046,17035.8,13507.7,1.75549,1.00002,N111_H5_zero_full,111,4,4000,3000,0.99,0,0,0.6515970172383011,True
"natural[98,3]",4.86668,0.0249364,2.92093,3.08411,0.989554,4.43937,10.2947,15672.2,11374.9,1.61497,1.00009,N111_H5_zero_full,111,4,4000,3000,0.99,0,0,0.6515970172383011,True
"natural[98,4]",2.0511,0.00329712,0.500698,0.503356,1.26724,2.02804,2.91129,23730.3,13320.1,2.44533,1.00022,N111_H5_zero_full,111,4,4000,3000,0.99,0,0,0.6515970172383011,True
"natural[99,1]",0.0206479,0.000160721,0.0164715,0.0133663,0.00272243,0.0161923,0.0540852,9417.1,10400.0,0.970402,1.00015,N111_H5_zero_full,111,4,4000,3000,0.99,0,0,0.6515970172383011,True
"natural[99,2]",3.40381,0.00667572,0.906638,0.87145,2.10969,3.31057,5.03972,19229.3,12807.8,1.98152,1.00049,N111_H5_zero_full,111,4,4000,3000,0.99,0,0,0.6515970172383011,True
"natural[99,3]",2.58919,0.0127039,1.35989,1.12895,1.05815,2.25722,5.2767,15329.6,10857.1,1.57966,0.999924,N111_H5_zero_full,111,4,4000,3000,0.99,0,0,0.6515970172383011,True
"natural[99,4]",1.68163,0.00481391,0.746141,0.726878,0.489715,1.65875,2.93952,24791.6,11224.9,2.55469,1.0003,N111_H5_zero_full,111,4,4000,3000,0.99,0,0,0.6515970172383011,True
"natural[100,1]",0.0869805,0.000870254,0.0765684,0.0571595,0.00990055,0.0660371,0.229576,6202.77,8572.26,0.639176,1.00069,N111_H5_zero_full,111,4,4000,3000,0.99,0,0,0.6515970172383011,True
"natural[100,2]",0.246196,0.000953259,0.138857,0.12547,0.0695051,0.220444,0.511602,20171.7,10293.8,2.07863,1.00033,N111_H5_zero_full,111,4,4000,3000,0.99,0,0,0.6515970172383011,True
"natural[100,3]",6.68446,0.0166447,2.43012,2.42564,3.02607,6.48238,10.953,22935.1,12357.0,2.36339,1.00044,N111_H5_zero_full,111,4,4000,3000,0.99,0,0,0.6515970172383011,True
"natural[100,4]",3.3943,0.00622336,0.928086,0.912144,1.98041,3.32726,5.01635,24568.7,11344.0,2.53173,1.00009,N111_H5_zero_full,111,4,4000,3000,0.99,0,0,0.6515970172383011,True
"natural[101,1]",0.0328716,0.000254468,0.0245549,0.0216294,0.00468338,0.0268871,0.0815505,7880.96,9481.27,0.812107,1.00073,N111_H5_zero_full,111,4,4000,3000,0.99,0,0,0.6515970172383011,True
"natural[101,2]",3.51275,0.00772734,1.06544,1.01953,2.0147,3.38577,5.44698,18583.0,13433.8,1.91492,1.00046,N111_H5_zero_full,111,4,4000,3000,0.99,0,0,0.6515970172383011,True
"natural[101,3]",1.32733,0.00392485,0.44841,0.364194,0.808118,1.22641,2.16585,15449.1,12337.2,1.59198,1.00026,N111_H5_zero_full,111,4,4000,3000,0.99,0,0,0.6515970172383011,True
"natural[101,4]",-0.0701797,0.00501217,0.797464,0.778376,-1.38537,-0.0595578,1.23044,25552.8,13076.5,2.63313,1.00062,N111_H5_zero_full,111,4,4000,3000,0.99,0,0,0.6515970172383011,True
"natural[102,1]",0.173923,0.0018491,0.160601,0.109828,0.0183487,0.119684,0.525188,6312.3,8879.35,0.650462,1.00069,N111_H5_zero_full,111,4,4000,3000,0.99,0,0,0.6515970172383011,True
"natural[102,2]",0.442065,0.00222706,0.247418,0.251674,0.0741527,0.419211,0.885184,10025.8,5531.6,1.03313,1.0,N111_H5_zero_full,111,4,4000,3000,0.99,0,0,0.6515970172383011,True
"natural[102,3]",0.498551,0.0181829,1.18434,0.202817,0.0105663,0.178644,1.91073,11297.2,5290.07,1.16414,1.0003,N111_H5_zero_full,111,4,4000,3000,0.99,0,0,0.6515970172383011,True
"natural[102,4]",0.628783,0.00331581,0.464933,0.467639,-0.119854,0.62585,1.40185,19650.0,13303.8,2.02487,0.999912,N111_H5_zero_full,111,4,4000,3000,0.99,0,0,0.6515970172383011,True
"natural[103,1]",0.0197279,0.000151922,0.0147806,0.0123554,0.00324395,0.0163033,0.0480624,8597.89,10585.4,0.885985,0.999895,N111_H5_zero_full,111,4,4000,3000,0.99,0,0,0.6515970172383011,True
"natural[103,2]",1.57064,0.00272132,0.392804,0.385797,0.955128,1.55074,2.25146,20642.8,13701.5,2.12717,1.00017,N111_H5_zero_full,111,4,4000,3000,0.99,0,0,0.6515970172383011,True
"natural[103,3]",3.49118,0.0138847,1.56739,1.4459,1.50138,3.20272,6.51775,16453.4,10787.6,1.69547,1.00013,N111_H5_zero_full,111,4,4000,3000,0.99,0,0,0.6515970172383011,True
"natural[103,4]",1.9785,0.00373764,0.584697,0.57608,1.04641,1.97004,2.95826,24794.5,12664.3,2.55499,0.999943,N111_H5_zero_full,111,4,4000,3000,0.99,0,0,0.6515970172383011,True
"natural[104,1]",0.0248769,0.000202217,0.0192116,0.0147178,0.00433509,0.0204068,0.0603018,8864.39,10475.9,0.913447,1.00041,N111_H5_zero_full,111,4,4000,3000,0.99,0,0,0.6515970172383011,True
"natural[104,2]",1.18083,0.00304021,0.365783,0.365583,0.601416,1.16635,1.80677,13940.2,9586.72,1.43649,1.00021,N111_H5_zero_full,111,4,4000,3000,0.99,0,0,0.6515970172383011,True
"natural[104,3]",0.585777,0.00442851,0.264388,0.159282,0.31277,0.555888,0.920288,12869.8,11058.8,1.32619,1.00005,N111_H5_zero_full,111,4,4000,3000,0.99,0,0,0.6515970172383011,True
"natural[104,4]",0.774664,0.00298689,0.455393,0.456707,0.0274483,0.769826,1.52356,23369.1,12218.8,2.40811,0.999942,N111_H5_zero_full,111,4,4000,3000,0.99,0,0,0.6515970172383011,True
"natural[105,1]",0.0681652,0.00104432,0.0785295,0.0386066,0.00840993,0.0466416,0.193539,6148.93,7070.93,0.633628,1.00055,N111_H5_zero_full,111,4,4000,3000,0.99,0,0,0.6515970172383011,True
"natural[105,2]",0.522468,0.00250395,0.249066,0.251992,0.110248,0.517605,0.945369,8487.23,3938.82,0.874582,1.0002,N111_H5_zero_full,111,4,4000,3000,0.99,0,0,0.6515970172383011,True
"natural[105,3]",0.470452,0.0199207,1.03948,0.231551,0.0203366,0.247984,1.2786,9247.18,4398.77,0.952892,1.00003,N111_H5_zero_full,111,4,4000,3000,0.99,0,0,0.6515970172383011,True
"natural[105,4]",1.13057,0.00335385,0.440294,0.432356,0.421479,1.12341,1.86283,17079.0,11927.3,1.75994,1.00022,N111_H5_zero_full,111,4,4000,3000,0.99,0,0,0.6515970172383011,True
"natural[106,1]",0.120233,0.000977083,0.104495,0.0773838,0.0142957,0.0902075,0.330941,9699.79,9813.59,0.999532,1.00012,N111_H5_zero_full,111,4,4000,3000,0.99,0,0,0.6515970172383011,True
"natural[106,2]",0.226802,0.00135677,0.185269,0.146831,0.0345455,0.172522,0.605665,15589.1,11822.2,1.60641,1.00007,N111_H5_zero_full,111,4,4000,3000,0.99,0,0,0.6515970172383011,True
"natural[106,3]",3.59996,0.0246433,2.74327,2.55351,0.432765,2.89457,9.01615,15933.1,11040.7,1.64185,1.00002,N111_H5_zero_full,111,4,4000,3000,0.99,0,0,0.6515970172383011,True
"natural[106,4]",2.55453,0.00497711,0.776935,0.76453,1.3661,2.50132,3.92315,26012.3,13003.3,2.68048,1.00017,N111_H5_zero_full,111,4,4000,3000,0.99,0,0,0.6515970172383011,True
"natural[107,1]",0.0321827,0.000221542,0.026459,0.0204175,0.00452871,0.0258092,0.0807446,13745.2,11317.3,1.4164,1.00001,N111_H5_zero_full,111,4,4000,3000,0.99,0,0,0.6515970172383011,True
"natural[107,2]",2.01988,0.00556108,0.713428,0.677178,0.979062,1.94726,3.32335,15371.7,11210.3,1.58401,1.00002,N111_H5_zero_full,111,4,4000,3000,0.99,0,0,0.6515970172383011,True
"natural[107,3]",0.762292,0.00271477,0.271049,0.187145,0.466006,0.714885,1.20794,16979.6,11306.6,1.74969,0.999956,N111_H5_zero_full,111,4,4000,3000,0.99,0,0,0.6515970172383011,True
"natural[107,4]",1.8126,0.00514901,0.752033,0.735966,0.602741,1.78599,3.08018,21517.3,12642.2,2.21729,1.00014,N111_H5_zero_full,111,4,4000,3000,0.99,0,0,0.6515970172383011,True
"natural[108,1]",0.0234664,0.000133557,0.0153163,0.0151838,0.00389353,0.0206407,0.0526914,11343.1,10254.1,1.16887,0.999993,N111_H5_zero_full,111,4,4000,3000,0.99,0,0,0.6515970172383011,True
"natural[108,2]",3.04788,0.00559966,0.657561,0.650591,2.05674,2.99666,4.2069,13921.7,12929.8,1.43458,1.0003,N111_H5_zero_full,111,4,4000,3000,0.99,0,0,0.6515970172383011,True
"natural[108,3]",0.264679,0.000733797,0.0840301,0.0811312,0.11332,0.270227,0.390639,14104.2,8453.82,1.45339,1.00005,N111_H5_zero_full,111,4,4000,3000,0.99,0,0,0.6515970172383011,True
"natural[108,4]",3.50318,0.00468414,0.671168,0.66419,2.46936,3.4681,4.66877,21314.5,12190.6,2.19639,1.0001,N111_H5_zero_full,111,4,4000,3000,0.99,0,0,0.6515970172383011,True
"natural[109,1]",0.0277432,0.000177165,0.0191494,0.0162277,0.00543902,0.0237587,0.0627283,9940.16,10746.6,1.0243,0.999994,N111_H5_zero_full,111,4,4000,3000,0.99,0,0,0.6515970172383011,True
"natural[109,2]",0.992995,0.00307353,0.351933,0.352539,0.431181,0.985445,1.59225,12587.1,10268.0,1.29706,1.00021,N111_H5_zero_full,111,4,4000,3000,0.99,0,0,0.6515970172383011,True
"natural[109,3]",2.00441,0.00984314,0.940756,0.645248,1.03478,1.76219,3.79072,13525.9,9251.04,1.3938,0.999987,N111_H5_zero_full,111,4,4000,3000,0.99,0,0,0.6515970172383011,True
"natural[109,4]",1.46706,0.00365563,0.515653,0.508061,0.640772,1.45787,2.339,19902.5,12550.7,2.05088,1.00041,N111_H5_zero_full,111,4,4000,3000,0.99,0,0,0.6515970172383011,True
"natural[110,1]",0.171239,0.00206338,0.159423,0.100529,0.0216672,0.118841,0.51833,5196.68,7336.87,0.535501,1.00008,N111_H5_zero_full,111,4,4000,3000,0.99,0,0,0.6515970172383011,True
"natural[110,2]",0.113812,0.000855301,0.0987678,0.080961,0.0118978,0.0842663,0.31168,10760.5,11949.2,1.10883,0.999946,N111_H5_zero_full,111,4,4000,3000,0.99,0,0,0.6515970172383011,True
"natural[110,3]",2.80486,0.0335348,2.94971,1.9632,0.0948791,1.64417,8.99615,10241.1,10898.8,1.05531,1.00015,N111_H5_zero_full,111,4,4000,3000,0.99,0,0,0.6515970172383011,True
"natural[110,4]",0.565488,0.00282765,0.366851,0.363403,-0.022792,0.552888,1.18313,16832.3,13569.7,1.73451,1.00012,N111_H5_zero_full,111,4,4000,3000,0.99,0,0,0.6515970172383011,True
"natural[111,1]",0.0201106,0.000146615,0.0152123,0.0121783,0.00338934,0.0164027,0.0495914,10042.8,10274.3,1.03488,1.00029,N111_H5_zero_full,111,4,4000,3000,0.99,0,0,0.6515970172383011,True
"natural[111,2]",1.57584,0.00303433,0.381258,0.378813,0.987197,1.55421,2.2422,15418.6,13775.2,1.58883,0.99998,N111_H5_zero_full,111,4,4000,3000,0.99,0,0,0.6515970172383011,True
"natural[111,3]",0.298391,0.00110464,0.130057,0.129884,0.0737043,0.301058,0.507157,13448.1,8391.0,1.38579,1.00004,N111_H5_zero_full,111,4,4000,3000,0.99,0,0,0.6515970172383011,True
"natural[111,4]",2.66201,0.00359928,0.559292,0.548433,1.78212,2.64033,3.61231,24451.0,12713.2,2.5196,1.00002,N111_H5_zero_full,111,4,4000,3000,0.99,0,0,0.6515970172383011,True
"Omega[1,2]",-0.485445,0.00487937,0.16253,0.162234,-0.730881,-0.498641,-0.200063,1129.48,1994.72,0.116389,1.00217,N111_H5_zero_full,111,4,4000,3000,0.99,0,0,0.6515970172383011,True
"Omega[1,3]",0.2656,0.00554064,0.181689,0.183235,-0.0435494,0.275869,0.54897,1061.89,2081.28,0.109424,1.00213,N111_H5_zero_full,111,4,4000,3000,0.99,0,0,0.6515970172383011,True
"Omega[1,4]",-0.185622,0.00404116,0.15474,0.159222,-0.440494,-0.186259,0.0680945,1467.9,3197.04,0.151263,1.00359,N111_H5_zero_full,111,4,4000,3000,0.99,0,0,0.6515970172383011,True
"Omega[2,1]",-0.485445,0.00487937,0.16253,0.162234,-0.730881,-0.498641,-0.200063,1129.48,1994.72,0.116389,1.00217,N111_H5_zero_full,111,4,4000,3000,0.99,0,0,0.6515970172383011,True
"Omega[2,3]",-0.628549,0.000987092,0.077004,0.0766402,-0.745159,-0.633202,-0.492742,6063.2,9256.21,0.624793,1.00019,N111_H5_zero_full,111,4,4000,3000,0.99,0,0,0.6515970172383011,True
"Omega[2,4]",-0.0438924,0.00157764,0.110414,0.111447,-0.225315,-0.0441216,0.13994,4923.73,8413.88,0.507374,1.00048,N111_H5_zero_full,111,4,4000,3000,0.99,0,0,0.6515970172383011,True
"Omega[3,1]",0.2656,0.00554064,0.181689,0.183235,-0.0435494,0.275869,0.54897,1061.89,2081.28,0.109424,1.00213,N111_H5_zero_full,111,4,4000,3000,0.99,0,0,0.6515970172383011,True
"Omega[3,2]",-0.628549,0.000987092,0.077004,0.0766402,-0.745159,-0.633202,-0.492742,6063.2,9256.21,0.624793,1.00019,N111_H5_zero_full,111,4,4000,3000,0.99,0,0,0.6515970172383011,True
"Omega[3,4]",0.164666,0.00151259,0.105185,0.104753,-0.0150273,0.167222,0.334672,4858.26,7575.68,0.500628,1.00071,N111_H5_zero_full,111,4,4000,3000,0.99,0,0,0.6515970172383011,True
"Omega[4,1]",-0.185622,0.00404116,0.15474,0.159222,-0.440494,-0.186259,0.0680945,1467.9,3197.04,0.151263,1.00359,N111_H5_zero_full,111,4,4000,3000,0.99,0,0,0.6515970172383011,True
"Omega[4,2]",-0.0438924,0.00157764,0.110414,0.111447,-0.225315,-0.0441216,0.13994,4923.73,8413.88,0.507374,1.00048,N111_H5_zero_full,111,4,4000,3000,0.99,0,0,0.6515970172383011,True
"Omega[4,3]",0.164666,0.00151259,0.105185,0.104753,-0.0150273,0.167222,0.334672,4858.26,7575.68,0.500628,1.00071,N111_H5_zero_full,111,4,4000,3000,0.99,0,0,0.6515970172383011,True
